Sample,TOC
1a,1.54224
2a,1.18336
3a,1.08112
4a,1.11136
1b,4.92
2b,4.83
3b,3.7
4b,3.71
1c,8.68
2c,9.66
3c,11.21
4c,9.61
1d,4.51
2d,5.17
3d,2.77
4d,5.34