me,code,taxonomy,description,bin.length,GC,prop.gc,coverage,num.contigs,num.features,longest.contig,RP.Inventory.max.55,RP.multiple,BSCG.Inventory.max.51,BSCG.multiple,ASCG.Inventory.max.38,ASCG.multiple,curation.status,completion.status,domain,phylum,class,order,genus,species,misc,drep.filt,drep.set,drep.prim.clust,drep.sec.clust,R1.16,R1.18,R2.16,R2.18,R3.16,R3.18,mean.16,mean.18,afe.mean,afe.median,lower.ci,upper.ci,ci.range,phylum.afe.order,site,sample,cov,rel.abund,gtdb.domain,gtdb.phylum,gtdb.class,gtdb.order,gtdb.family,gtdb.genus,gtdb.species
A1-16-all-fractions_metab_conc_86,A1-16-all-fractions_Bacteria_72_16,Bacteria,NA,4791616,72.04,0.7204,16.34,201,5030,86906,48,1,50,2,14,1,Uncurated genome,near complete,Bacteria,unknown,unknown,unknown,unknown,unknown,unknown,1,1,105,105_1,1.738484339,1.728827199,1.737784133,1.729838731,1.738964023,1.724988115,1.738410832,1.727884682,-0.153501576,-0.154131131,-0.204579767,-0.116384004,0.088195764,430,A,A1-16,0.976923975,0.010614565,d__Bacteria,p__Dormibacterota,c__Dormibacteria,o__Dormibacterales,f__Dormibacteraceae,g__,s__
A1-16-all-fractions_metab_conc_23,A1-16-all-fractions_Deltaproteobacteria_69_11,"Deltaproteobacteria, Proteobacteria, Bacteria",NA,3949412,68.58,0.6858,10.99,227,3865,72366,21,0,24,4,11,0,Uncurated genome,partial,Bacteria,Proteobacteria,Deltaproteobacteria,unknown,unknown,unknown,unknown,1,NA,71,71_1,1.736315984,1.72564067,1.733613889,1.733473289,1.745483557,1.728126291,1.738471143,1.729080083,-0.135785586,-0.13749793,-0.25311307,-0.002064348,0.251048722,1641,A,A1-16,1.461887287,0.015883833,d__Bacteria,p__Myxococcota,c__Myxococcia,o__Myxococcales,f__40CM-4-68-19,g__40CM-4-68-19,s__
A1-16-all-fractions_metab_2,A1-16-all-fractions_Bacteria_70_11,Bacteria,NA,3137126,69.78,0.6978,10.78,331,3553,77591,40,0,45,2,12,1,Uncurated genome,near complete,Bacteria,unknown,unknown,unknown,unknown,unknown,unknown,1,NA,103,103_1,1.736887307,1.729508335,1.735504589,1.734275932,1.74189163,1.728457761,1.738094509,1.730747343,-0.106372842,-0.107597926,-0.196307738,-0.018020314,0.178287424,1899,A,A1-16,0.942197502,0.010237251,d__Bacteria,p__Dormibacterota,c__Dormibacteria,o__Dormibacterales,f__Dormibacteraceae,g__,s__
A1-16-all-fractions_metab_conc_103,A1-16-all-fractions_Deltaproteobacteria_68_16,"Deltaproteobacteria, Proteobacteria, Bacteria",NA,5488013,68.07,0.6807,16.48,258,5377,122527,46,10,48,12,12,1,Uncurated genome,megabin,Bacteria,Proteobacteria,Deltaproteobacteria,unknown,unknown,unknown,unknown,1,1,74,74_0,1.73334144,1.727540128,1.732675608,1.728085014,1.734918622,1.72406762,1.733645223,1.726564254,-0.103287221,-0.103962789,-0.159197473,-0.067436808,0.091760665,344,A,A1-16,1.358945146,0.014765336,d__Bacteria,p__Myxococcota,c__Myxococcia,o__Myxococcales,f__40CM-4-68-19,g__40CM-4-68-19,s__
A1-16-all-fractions_metab_conc_99,A1-16-all-fractions_Micromonosporales_71_19,"Micromonosporales, Actinobacteria, Actinobacteria, Bacteria",NA,4547789,71.42,0.7142,18.82,279,4525,74369,44,0,43,3,13,1,Uncurated genome,near complete,Bacteria,Actinobacteria,Actinobacteria,Micromonosporales,unknown,unknown,unknown,1,1,194,194_1,1.738585363,1.735057675,1.737287958,1.73427891,1.743604229,1.734777772,1.73982585,1.734704786,-0.07426854,-0.074924414,-0.128856811,-0.044088597,0.084768214,181,A,A1-16,1.366780462,0.014850469,d__Bacteria,p__Actinobacteriota,c__Actinobacteria,o__Mycobacteriales,f__Micromonosporaceae,g__Dactylosporangium,s__
A1-16-all-fractions_metab_91,A1-16-all-fractions_Actinobacteria_71_13,"Actinobacteria, Actinobacteria, Bacteria",NA,8156144,71.35,0.7135,13.33,1995,9281,22865,29,6,33,13,14,6,Uncurated genome,partial,Bacteria,Actinobacteria,Actinobacteria,unknown,unknown,unknown,unknown,1,1,193,193_2,1.737497267,1.736545261,1.736935371,1.733505612,1.737539379,1.732726915,1.737324006,1.734259263,-0.04467599,-0.044903649,-0.070501967,-0.013947103,0.056554865,164,A,A1-16,0.668841207,0.007267155,d__Bacteria,p__Actinobacteriota,c__Actinobacteria,o__Streptosporangiales,f__Streptosporangiaceae,g__Palsa-504,s__
A1-16-all-fractions_metab_58,A1-16-all-fractions_Bacteria_65_8,Bacteria,NA,4100978,65.36,0.6536,7.9,822,4344,23752,47,2,48,5,13,3,Uncurated genome,near complete,Bacteria,unknown,unknown,unknown,unknown,unknown,unknown,1,1,270,270_3,1.72990312,1.729839468,1.730634193,1.727375698,1.727417215,1.725132213,1.729318176,1.727449126,-0.027524236,-0.027508854,-0.04792238,-0.000936524,0.046985856,416,A,A1-16,0.50402898,0.005476422,d__Bacteria,p__Chloroflexota,c__Ktedonobacteria,o__Ktedonobacterales,f__,g__,s__
A1-16-all-fractions_metab_conc_76,A1-16-all-fractions_Deltaproteobacteria_68_13,"Deltaproteobacteria, Proteobacteria, Bacteria",NA,3922472,68.06,0.6806,12.58,105,3743,191127,26,0,27,3,12,0,Uncurated genome,partial,Bacteria,Proteobacteria,Deltaproteobacteria,unknown,unknown,unknown,unknown,1,1,73,73_1,1.73276765,1.731759553,1.732819829,1.731383691,1.731848015,1.729601453,1.732478498,1.730914899,-0.022868872,-0.022972215,-0.033018237,-0.014808374,0.018209864,332,A,A1-16,0.892292179,0.009695016,d__Bacteria,p__Myxococcota,c__Myxococcia,o__Myxococcales,f__40CM-4-68-19,g__40CM-4-68-19,s__
A1-18-all-fractions_conc_32,A1-18-all-fractions_Bacteria_67_11,Bacteria,NA,5733532,66.58,0.6658,10.55,1199,6228,21031,36,2,40,4,12,0,Uncurated genome,partial,Bacteria,unknown,unknown,unknown,unknown,unknown,unknown,1,1,169,169_1,1.722727865,1.721344775,1.72135978,1.721922829,1.72194478,1.718929028,1.722010808,1.720732211,-0.018504857,-0.018898748,-0.044577059,0.008325479,0.052902538,427,A,A1-18,1.562587695,0.013992074,d__Bacteria,p__Chloroflexota,c__UBA6077,o__,f__,g__,s__
A2-16-all-fractions_metab_conc_59,A2-16-all-fractions_Bacteria_67_9,Bacteria,NA,4696797,66.58,0.6658,8.88,913,5023,18220,34,1,39,4,11,2,Uncurated genome,partial,Bacteria,unknown,unknown,unknown,unknown,unknown,unknown,1,1,169,169_2,1.722712537,1.721334199,1.721362038,1.721906774,1.721933283,1.718953756,1.722002619,1.720731576,-0.018443655,-0.018787179,-0.044041907,0.008054692,0.052096599,426,A,A2-16,0.709086632,0.005153405,d__Bacteria,p__Chloroflexota,c__UBA6077,o__,f__,g__,s__
A1-18-all-fractions_conc_60,A1-18-all-fractions_Alphaproteobacteria_66_9,"Alphaproteobacteria, Proteobacteria, Bacteria",NA,2879913,65.88,0.6588,9.36,899,3485,13234,41,0,47,4,7,1,Uncurated genome,near complete,Bacteria,Proteobacteria,Alphaproteobacteria,unknown,unknown,unknown,unknown,1,1,67,67_0,1.722799983,1.721248432,1.721258215,1.722011027,1.721950382,1.719654427,1.72200286,1.720971295,-0.014927011,-0.015247292,-0.033936957,0.011131935,0.045068892,353,A,A1-18,0.962028156,0.008614409,d__Bacteria,p__Proteobacteria,c__Alphaproteobacteria,o__Elsterales,f__URHD0088,g__,s__
A2-18-all-fractions_metab_conc_30,A2-18-all-fractions_Bacteria_66_10,Bacteria,NA,2840269,65.72,0.6572,10.02,322,3117,75716,39,4,43,6,10,0,Uncurated genome,near complete,Bacteria,unknown,unknown,unknown,unknown,unknown,unknown,1,NA,43,43_1,1.722910883,1.721071449,1.720839683,1.722336538,1.722232085,1.7198915,1.721994217,1.721099829,-0.013381134,-0.013219759,-0.0345909,0.02213952,0.05673042,1708,A,A2-18,0.904937645,0.007880843,d__Bacteria,p__Dormibacterota,c__Dormibacteria,o__,f__,g__,s__
A1-18-all-fractions_metab_conc_8,A1-18-all-fractions_Actinobacteria_70_16,"Actinobacteria, Actinobacteria, Bacteria",NA,4052895,69.96,0.6996,16.34,188,4104,124596,50,0,48,2,13,2,Uncurated genome,near complete,Bacteria,Actinobacteria,Actinobacteria,unknown,unknown,unknown,unknown,1,NA,186,186_1,1.725123314,1.723854882,1.723250176,1.724335587,1.724549945,1.721953327,1.724307812,1.723381265,-0.01328006,-0.013677637,-0.038325774,0.016032615,0.054358389,1152,A,A1-18,1.298353533,0.011626009,d__Bacteria,p__Actinobacteriota,c__Acidimicrobiia,o__Acidimicrobiales,f__QHCF01,g__,s__
A2-16-all-fractions_metab_conc_113,A2-16-all-fractions_Actinobacteria_70_12,"Actinobacteria, Actinobacteria, Bacteria",NA,3433275,70.36,0.7036,12.43,145,3481,118509,30,9,31,12,11,2,Uncurated genome,partial,Bacteria,Actinobacteria,Actinobacteria,unknown,unknown,unknown,unknown,1,1,186,186_1,1.725328809,1.724073548,1.723393884,1.72452503,1.72475977,1.722211249,1.724494155,1.723603275,-0.012801178,-0.013149781,-0.037611543,0.016706881,0.054318424,203,A,A2-16,1.17025542,0.008505025,d__Bacteria,p__Actinobacteriota,c__Acidimicrobiia,o__Acidimicrobiales,f__QHCF01,g__,s__
A1-16-all-fractions_metab_conc_72,A1-16-all-fractions_Actinobacteria_69_12,"Actinobacteria, Actinobacteria, Bacteria",NA,2388919,69.36,0.6936,12.36,297,2783,40335,40,3,46,5,11,1,Uncurated genome,near complete,Bacteria,Actinobacteria,Actinobacteria,unknown,unknown,unknown,unknown,1,1,120,120_1,1.7354606,1.735944762,1.734902038,1.733825188,1.734698083,1.732659475,1.73502024,1.734143142,-0.012714625,-0.012867625,-0.029913305,0.00710118,0.037014485,134,A,A1-16,0.810254697,0.008803654,d__Bacteria,p__Actinobacteriota,c__Thermoleophilia,o__20CM-4-69-9,f__20CM-4-69-9,g__3-1-20CM-4-69-9,s__
A2-16-all-fractions_metab_conc_68,A2-16-all-fractions_Bacteria_66_15,Bacteria,NA,2091470,65.81,0.6581,14.61,128,2214,66493,39,0,43,0,8,0,Uncurated genome,near complete,Bacteria,unknown,unknown,unknown,unknown,unknown,unknown,1,1,43,43_1,1.723010295,1.721187151,1.720899646,1.722568968,1.722365948,1.720132082,1.722091963,1.721296067,-0.011420445,-0.011763314,-0.033011209,0.024689609,0.057700817,431,A,A2-16,1.843428331,0.013397421,d__Bacteria,p__Dormibacterota,c__Dormibacteria,o__,f__,g__,s__
A2-18-all-fractions_metab_conc_34,A2-18-all-fractions_Bacteria_65_10,Bacteria,NA,3364632,64.88,0.6488,10.46,179,3567,298756,44,7,49,9,13,3,Uncurated genome,near complete,Bacteria,unknown,unknown,unknown,unknown,unknown,unknown,1,1,44,44_0,1.722333494,1.720675169,1.720465697,1.722202338,1.721536204,1.71924549,1.721445132,1.720707666,-0.011060719,-0.010903658,-0.033867097,0.02569136,0.059558457,371,A,A2-18,0.8127756,0.00707823,d__Bacteria,p__Dormibacterota,c__Dormibacteria,o__,f__,g__,s__
A1-18-all-fractions_metab_conc_9,A1-18-all-fractions_Rhizobiales_62_10,"Rhizobiales, Alphaproteobacteria, Proteobacteria, Bacteria",NA,3024080,62.19,0.6219,10.27,155,3008,76556,38,1,41,1,8,3,Uncurated genome,near complete,Bacteria,Proteobacteria,Alphaproteobacteria,Rhizobiales,unknown,unknown,unknown,1,1,54,54_0,1.719745152,1.719069234,1.71966557,1.720789104,1.718924827,1.71650568,1.719445183,1.718788006,-0.00933607,-0.009727437,-0.035818698,0.016628257,0.052446955,338,A,A1-18,0.972698322,0.008709954,d__Bacteria,p__Proteobacteria,c__Alphaproteobacteria,o__Rhizobiales,f__Xanthobacteraceae,g__BOG-931,s__
A2-18-all-fractions_metab_conc_96,A2-18-all-fractions_Bacteria_72_14,Bacteria,NA,4705294,72.03,0.7203,14.2,189,4952,205615,45,0,48,3,14,2,Uncurated genome,near complete,Bacteria,unknown,unknown,unknown,unknown,unknown,unknown,1,NA,105,105_1,1.726980285,1.725840196,1.724719702,1.726009128,1.725839459,1.724032015,1.725846482,1.725293779,-0.00825008,-0.00815197,-0.026658625,0.019030535,0.04568916,1716,A,A2-18,1.610201424,0.014022783,d__Bacteria,p__Dormibacterota,c__Dormibacteria,o__Dormibacterales,f__Dormibacteraceae,g__,s__
A2-18-all-fractions_metab_conc_29,A2-18-all-fractions_Bacteria_69_12,Bacteria,NA,5979491,69.04,0.6904,12.48,322,6007,118962,44,0,49,3,14,2,Uncurated genome,near complete,Bacteria,unknown,unknown,unknown,unknown,unknown,unknown,1,1,170,170_1,1.724384279,1.723205107,1.722625787,1.724174649,1.724358986,1.722337997,1.723789684,1.723239251,-0.008231602,-0.008127793,-0.029832435,0.022886225,0.05271866,370,A,A2-18,1.407204329,0.01225494,d__Bacteria,p__Chloroflexota,c__UBA6077,o__UBA6077,f__,g__,s__
A1-18-all-fractions_metab_conc_54,A1-18-all-fractions_Bacteria_72_13,Bacteria,NA,4933612,71.98,0.7198,13.26,235,5226,91621,46,1,47,2,13,1,Uncurated genome,near complete,Bacteria,unknown,unknown,unknown,unknown,unknown,unknown,1,NA,105,105_1,1.726962721,1.725786412,1.724701244,1.725979796,1.725798333,1.72401665,1.725820766,1.725260953,-0.007938666,-0.008256964,-0.026279263,0.018870234,0.045149497,1922,A,A1-18,1.300797472,0.011647893,d__Bacteria,p__Dormibacterota,c__Dormibacteria,o__Dormibacterales,f__Dormibacteraceae,g__,s__
A2-16-all-fractions_metab_conc_71,A2-16-all-fractions_Bacteria_72_17,Bacteria,NA,4729964,72.02,0.7202,17.06,214,4980,111417,48,1,49,1,12,1,Uncurated genome,near complete,Bacteria,unknown,unknown,unknown,unknown,unknown,unknown,1,NA,105,105_1,1.726961297,1.725806409,1.72472045,1.726001545,1.725801859,1.724021531,1.725827869,1.725276495,-0.007855738,-0.008132455,-0.026259235,0.018907564,0.045166799,1921,A,A2-16,1.537783533,0.011176097,d__Bacteria,p__Dormibacterota,c__Dormibacteria,o__Dormibacterales,f__Dormibacteraceae,g__,s__
A2-18-all-fractions_metab_conc_36,A2-18-all-fractions_Alphaproteobacteria_64_16,"Alphaproteobacteria, Proteobacteria, Bacteria",NA,5876188,64.35,0.6435,16.22,202,5632,269691,50,9,51,9,11,0,Uncurated genome,near complete,Bacteria,Proteobacteria,Alphaproteobacteria,unknown,unknown,unknown,unknown,1,NA,52,52_1,1.721431446,1.720917418,1.720724077,1.72155748,1.720681249,1.718790359,1.720945591,1.720421752,-0.007738832,-0.007747286,-0.027969533,0.012327166,0.040296699,1300,A,A2-18,2.094872477,0.018243645,d__Bacteria,p__Proteobacteria,c__Alphaproteobacteria,o__Rhizobiales,f__Xanthobacteraceae,g__BOG-931,s__
A3-16-all-fractions_metab_conc_104,A3-16-all-fractions_Bacteria_72_11,Bacteria,NA,4478313,72.31,0.7231,11.27,322,4837,77960,35,1,37,1,11,1,Uncurated genome,partial,Bacteria,unknown,unknown,unknown,unknown,unknown,unknown,1,NA,105,105_1,1.727157247,1.72600227,1.72485861,1.7261488,1.725977698,1.724203129,1.725997852,1.7254514,-0.007489916,-0.008059103,-0.026171755,0.019040366,0.045212122,1923,A,A3-16,0.721171512,0.006389713,d__Bacteria,p__Dormibacterota,c__Dormibacteria,o__Dormibacterales,f__Dormibacteraceae,g__,s__
A3-18-all-fractions_metab_conc_106,A3-18-all-fractions_Bacteria_69_11,Bacteria,NA,6301508,68.94,0.6894,11.45,410,6320,77657,44,0,49,2,14,1,Uncurated genome,near complete,Bacteria,unknown,unknown,unknown,unknown,unknown,unknown,1,NA,170,170_1,1.724330747,1.72320128,1.722593602,1.724144503,1.724316119,1.722307349,1.723746823,1.723217711,-0.007423665,-0.007813144,-0.02965275,0.022916739,0.052569489,1918,A,A3-18,0.424913366,0.004148479,d__Bacteria,p__Chloroflexota,c__UBA6077,o__UBA6077,f__,g__,s__
A3-18-all-fractions_metab_78,A3-18-all-fractions_Bacteria_72_11,Bacteria,NA,5019881,72.14,0.7214,11.09,332,5405,103776,37,5,39,7,12,2,Uncurated genome,partial,Bacteria,unknown,unknown,unknown,unknown,unknown,unknown,1,NA,105,105_1,1.727034033,1.725895544,1.724773744,1.726066093,1.725874243,1.724148305,1.725894007,1.725369981,-0.007389959,-0.007728809,-0.025455989,0.019073123,0.044529112,1919,A,A3-18,1.133508391,0.011066576,d__Bacteria,p__Dormibacterota,c__Dormibacteria,o__Dormibacterales,f__Dormibacteraceae,g__,s__
A2-16-all-fractions_metab_conc_90,A2-16-all-fractions_Alphaproteobacteria_64_23,"Alphaproteobacteria, Proteobacteria, Bacteria",NA,5723394,64.32,0.6432,22.68,177,5431,158998,50,1,51,0,11,0,Uncurated genome,near complete,Bacteria,Proteobacteria,Alphaproteobacteria,unknown,unknown,unknown,unknown,1,NA,52,52_1,1.721450055,1.720960586,1.720722706,1.721579205,1.720698494,1.718815581,1.720957085,1.720451791,-0.007202216,-0.007472977,-0.027851257,0.012668797,0.040520054,1629,A,A2-16,2.2689585,0.016490032,d__Bacteria,p__Proteobacteria,c__Alphaproteobacteria,o__Rhizobiales,f__Xanthobacteraceae,g__BOG-931,s__
A1-18-all-fractions_metab_conc_44,A1-18-all-fractions_Alphaproteobacteria_65_25,"Alphaproteobacteria, Proteobacteria, Bacteria",NA,5063428,64.54,0.6454,25.38,125,4825,147901,51,1,51,0,11,0,Uncurated genome,near complete,Bacteria,Proteobacteria,Alphaproteobacteria,unknown,unknown,unknown,unknown,1,1,52,52_1,1.721585778,1.721085743,1.72082224,1.721693391,1.720850475,1.71897679,1.721086164,1.720585308,-0.007102327,-0.007406806,-0.027712392,0.012884821,0.040597213,343,A,A1-18,2.568962756,0.023003584,d__Bacteria,p__Proteobacteria,c__Alphaproteobacteria,o__Rhizobiales,f__Xanthobacteraceae,g__BOG-931,s__
A3-18-all-fractions_metab_conc_51,A3-18-all-fractions_Alphaproteobacteria_65_21,"Alphaproteobacteria, Proteobacteria, Bacteria",NA,5192387,64.52,0.6452,21.31,141,4972,186213,50,0,51,0,10,0,Uncurated genome,near complete,Bacteria,Proteobacteria,Alphaproteobacteria,unknown,unknown,unknown,unknown,1,NA,52,52_1,1.721560926,1.721075116,1.72081523,1.721678077,1.720826724,1.718967905,1.721067627,1.720573699,-0.007050237,-0.00730442,-0.027492903,0.012762038,0.040254941,1631,A,A3-18,2.399563504,0.023427221,d__Bacteria,p__Proteobacteria,c__Alphaproteobacteria,o__Rhizobiales,f__Xanthobacteraceae,g__BOG-931,s__
A3-16-all-fractions_metab_conc_14,A3-16-all-fractions_Alphaproteobacteria_64_17,"Alphaproteobacteria, Proteobacteria, Bacteria",NA,6167794,64.24,0.6424,16.9,226,5970,252415,50,2,51,3,10,0,Uncurated genome,near complete,Bacteria,Proteobacteria,Alphaproteobacteria,unknown,unknown,unknown,unknown,1,NA,52,52_1,1.721370935,1.720879927,1.720685157,1.721517206,1.720616424,1.718756262,1.720890839,1.720384465,-0.00699843,-0.007489213,-0.027515997,0.012307397,0.039823394,1628,A,A3-16,1.404391493,0.012443169,d__Bacteria,p__Proteobacteria,c__Alphaproteobacteria,o__Rhizobiales,f__Xanthobacteraceae,g__BOG-931,s__
A2-16-all-fractions_metab_conc_89,A2-16-all-fractions_Alphaproteobacteria_64_11,"Alphaproteobacteria, Proteobacteria, Bacteria",NA,5177889,63.98,0.6398,11.14,330,5109,97343,27,2,28,3,11,2,Uncurated genome,partial,Bacteria,Proteobacteria,Alphaproteobacteria,unknown,unknown,unknown,unknown,1,1,51,51_1,1.721028337,1.720636169,1.72047887,1.721959115,1.720343603,1.719143104,1.720616937,1.720579462,-0.000305683,-0.000554329,-0.01776084,0.021897819,0.039658659,340,A,A2-16,1.155245325,0.008395937,d__Bacteria,p__Proteobacteria,c__Alphaproteobacteria,o__Rhizobiales,f__Xanthobacteraceae,g__BOG-931,s__
A3-18-all-fractions_metab_conc_44,A3-18-all-fractions_Alphaproteobacteria_64_11,"Alphaproteobacteria, Proteobacteria, Bacteria",NA,4796860,64.04,0.6404,11.04,261,4715,87423,45,3,45,2,10,1,Uncurated genome,near complete,Bacteria,Proteobacteria,Alphaproteobacteria,unknown,unknown,unknown,unknown,1,NA,51,51_1,1.721091843,1.720688112,1.720535535,1.722060685,1.720430208,1.719269963,1.720685862,1.72067292,9.49E-05,-0.000191437,-0.017164458,0.022561407,0.039725864,1620,A,A3-18,1.166272175,0.011386452,d__Bacteria,p__Proteobacteria,c__Alphaproteobacteria,o__Rhizobiales,f__Xanthobacteraceae,g__BOG-931,s__
A1-16-all-fractions_metab_12,A1-16-all-fractions_Actinobacteria_71_8,"Actinobacteria, Actinobacteria, Bacteria",NA,5341751,70.72,0.7072,7.87,1126,5667,21824,36,8,37,13,10,1,Uncurated genome,partial,Bacteria,Actinobacteria,Actinobacteria,unknown,unknown,unknown,unknown,1,1,82,82_0,1.736658968,1.739898677,1.736135052,1.733851113,1.735845611,1.734943229,1.73621321,1.736231007,0.000265599,0.000260914,-0.033486126,0.047484901,0.080971027,121,A,A1-16,0.456594967,0.004961038,d__Bacteria,p__Actinobacteriota,c__Actinobacteria,o__Streptosporangiales,f__Streptosporangiaceae,g__,s__
A2-18-all-fractions_metab_conc_69,A2-18-all-fractions_Actinobacteria_69_12,"Actinobacteria, Actinobacteria, Bacteria",NA,2827530,68.7,0.687,11.76,135,3035,67012,22,1,23,1,11,3,Uncurated genome,partial,Bacteria,Actinobacteria,Actinobacteria,unknown,unknown,unknown,unknown,1,1,119,119_1,1.724569828,1.72354233,1.72283011,1.724902706,1.723850606,1.723012667,1.723750181,1.723819234,0.000827057,0.00101967,-0.015165261,0.030621192,0.045786454,31,A,A2-18,0.691230561,0.006019729,d__Bacteria,p__Actinobacteriota,c__Thermoleophilia,o__20CM-4-69-9,f__20CM-4-69-9,g__3-1-20CM-4-69-9,s__
A3-18-all-fractions_metab_141,A3-18-all-fractions_Actinobacteria_69_13,"Actinobacteria, Actinobacteria, Bacteria",NA,2942346,68.67,0.6867,12.72,200,3214,63071,24,1,29,1,11,2,Uncurated genome,partial,Bacteria,Actinobacteria,Actinobacteria,unknown,unknown,unknown,unknown,1,NA,119,119_1,1.72452387,1.723537467,1.722820794,1.724917037,1.723850727,1.723103062,1.723731797,1.723852522,0.002149443,0.001782698,-0.014559104,0.030970721,0.045529825,1134,A,A3-18,0.484434975,0.004729596,d__Bacteria,p__Actinobacteriota,c__Thermoleophilia,o__20CM-4-69-9,f__20CM-4-69-9,g__3-1-20CM-4-69-9,s__
A2-16-all-fractions_metab_22,A2-16-all-fractions_Alphaproteobacteria_65_9,"Alphaproteobacteria, Proteobacteria, Bacteria",NA,3702604,65.23,0.6523,8.53,868,4186,31899,40,11,41,14,13,4,Uncurated genome,megabin,Bacteria,Proteobacteria,Alphaproteobacteria,unknown,unknown,unknown,unknown,1,1,68,68_0,1.722011675,1.721696381,1.721055333,1.723600646,1.721144591,1.721036026,1.721403866,1.722111018,0.010672925,0.010455757,-0.004660203,0.037641946,0.042302149,339,A,A2-16,0.697272499,0.005067543,d__Bacteria,p__Proteobacteria,c__Alphaproteobacteria,o__Rhizobiales,f__Xanthobacteraceae,g__,s__
A3-16-all-fractions_metab_99,A3-16-all-fractions_Solirubrobacterales_71_15,"Solirubrobacterales, Thermoleophilia, Actinobacteria, Bacteria",NA,2255290,70.94,0.7094,15.25,281,2504,47601,40,3,42,4,10,1,Uncurated genome,near complete,Bacteria,Actinobacteria,Thermoleophilia,Solirubrobacterales,unknown,unknown,unknown,1,1,160,160_0,1.72630011,1.726099902,1.724229004,1.726927849,1.725263241,1.725085169,1.725264119,1.72603764,0.011953507,0.01141254,-0.002952085,0.039842665,0.042794749,196,A,A3-16,0.939711425,0.008326017,d__Bacteria,p__Actinobacteriota,c__Thermoleophilia,o__Solirubrobacterales,f__Thermoleophilaceae,g__,s__
A2-18-all-fractions_metab_conc_20,A2-18-all-fractions_Bacteria_69_14,Bacteria,NA,2074500,69.06,0.6906,13.77,288,2388,33055,23,0,26,2,8,2,Uncurated genome,partial,Bacteria,unknown,unknown,unknown,unknown,unknown,unknown,1,1,106,106_0,1.725106742,1.723082483,1.722839822,1.728359761,1.724613905,1.723795925,1.724186823,1.72507939,0.012662989,0.013176756,-0.029867759,0.081553337,0.111421095,368,A,A2-18,0.866113841,0.007542738,d__Bacteria,p__Dormibacterota,c__Dormibacteria,o__Dormibacterales,f__Dormibacteraceae,g__,s__
A1-16-all-fractions_metab_conc_50,A1-16-all-fractions_Actinobacteria_72_19,"Actinobacteria, Actinobacteria, Bacteria",NA,3762406,71.8,0.718,19.09,217,4000,51106,25,0,27,2,12,2,Uncurated genome,partial,Bacteria,Actinobacteria,Actinobacteria,unknown,unknown,unknown,unknown,1,NA,141,141_1,1.738474298,1.741133008,1.737459187,1.739747215,1.741322888,1.738876772,1.739085458,1.739918999,0.012753203,0.012200495,-0.035757672,0.038929086,0.074686758,806,A,A1-16,1.357547369,0.014750149,d__Bacteria,p__Actinobacteriota,c__Thermoleophilia,o__Solirubrobacterales,f__Solirubrobacteraceae,g__,s__
A2-18-all-fractions_metab_112,A2-18-all-fractions_Solirubrobacterales_74_16,"Solirubrobacterales, Thermoleophilia, Actinobacteria, Bacteria",NA,2700415,73.76,0.7376,16,664,3348,18734,44,3,48,8,13,2,Uncurated genome,near complete,Bacteria,Actinobacteria,Thermoleophilia,Solirubrobacterales,unknown,unknown,unknown,1,1,151,151_1,1.727812168,1.728082405,1.725325954,1.728011965,1.726364815,1.726725756,1.726500979,1.727606708,0.0161572,0.016302989,0.003981368,0.039629799,0.035648432,23,A,A2-18,0.759758717,0.006616521,d__Bacteria,p__Actinobacteriota,c__Thermoleophilia,o__Solirubrobacterales,f__Solirubrobacteraceae,g__QHBW01,s__
A1-18-all-fractions_metab_41,A1-18-all-fractions_Solirubrobacterales_74_19,"Solirubrobacterales, Thermoleophilia, Actinobacteria, Bacteria",NA,2390617,73.67,0.7367,19.25,678,2975,17861,35,4,39,8,11,2,Uncurated genome,partial,Bacteria,Actinobacteria,Thermoleophilia,Solirubrobacterales,unknown,unknown,unknown,1,1,151,151_3,1.72779052,1.72804035,1.725352402,1.728018404,1.726318094,1.72669849,1.726487006,1.727585748,0.016424157,0.016200082,0.003680757,0.039333926,0.035653169,194,A,A1-18,1.255129535,0.011238963,d__Bacteria,p__Actinobacteriota,c__Thermoleophilia,o__Solirubrobacterales,f__Solirubrobacteraceae,g__QHBW01,s__
A3-18-all-fractions_metab_22,A3-18-all-fractions_Conexibacter_woesei_74_15,"Conexibacter woesei, Conexibacter, Solirubrobacterales, Thermoleophilia, Actinobacteria, Bacteria",NA,2407782,73.87,0.7387,15.4,545,2917,23457,30,1,35,1,11,1,Uncurated genome,partial,Bacteria,Actinobacteria,Thermoleophilia,Solirubrobacterales,Conexibacter,Conexibacterwoesei,Bacteria,1,1,151,151_2,1.727881372,1.728151737,1.725414837,1.728074449,1.726403133,1.726787206,1.726566447,1.727671131,0.01657606,0.01628698,0.00398311,0.039238354,0.035255244,195,A,A3-18,1.015875903,0.009918116,d__Bacteria,p__Actinobacteriota,c__Thermoleophilia,o__Solirubrobacterales,f__Solirubrobacteraceae,g__QHBW01,s__
A1-16-all-fractions_metab_conc_24,A1-16-all-fractions_Actinobacteria_67_12,"Actinobacteria, Actinobacteria, Bacteria",NA,3922961,67.35,0.6735,11.58,170,4013,108252,49,1,48,2,13,2,Uncurated genome,near complete,Bacteria,Actinobacteria,Actinobacteria,unknown,unknown,unknown,unknown,1,NA,182,182_1,1.730489499,1.730580353,1.730629463,1.733105894,1.729230617,1.730585417,1.730116526,1.731423888,0.019289707,0.019233617,0.001336336,0.036421902,0.035085566,790,A,A1-16,0.976787004,0.010613076,d__Bacteria,p__Actinobacteriota,c__Acidimicrobiia,o__IMCC26256,f__PALSA-610,g__,s__
A1-16-all-fractions_metab_74,A1-16-all-fractions_Solirubrobacterales_70_20,"Solirubrobacterales, Thermoleophilia, Actinobacteria, Bacteria",NA,2624201,69.8,0.698,20.25,96,2699,127716,47,0,51,1,13,1,Uncurated genome,near complete,Bacteria,Actinobacteria,Thermoleophilia,Solirubrobacterales,unknown,unknown,unknown,1,NA,127,127_1,1.736089316,1.738204806,1.735592435,1.737110995,1.736534151,1.737311382,1.736071967,1.737542394,0.021660461,0.021559237,0.011392641,0.031016766,0.019624125,781,A,A1-16,1.381331172,0.015008567,d__Bacteria,p__Actinobacteriota,c__Thermoleophilia,o__Solirubrobacterales,f__Solirubrobacteraceae,g__,s__
A3-16-all-fractions_metab_69,A3-16-all-fractions_Deltaproteobacteria_71_16,"Deltaproteobacteria, Proteobacteria, Bacteria",NA,4483247,70.64,0.7064,16.13,452,4525,50604,34,10,37,12,12,1,Uncurated genome,partial,Bacteria,Proteobacteria,Deltaproteobacteria,unknown,unknown,unknown,unknown,1,1,76,76_0,1.725345202,1.727022532,1.723374773,1.725041992,1.724218636,1.725749224,1.72431287,1.725937916,0.024013298,0.023989046,0.022595897,0.024746058,0.00215016,345,A,A3-16,1.039781949,0.009212661,d__Bacteria,p__Myxococcota,c__Myxococcia,o__Myxococcales,f__40CM-4-68-19,g__40CM-4-68-19,s__
A2-18-all-fractions_metab_maxb_102,A2-18-all-fractions_Actinobacteria_69_9,"Actinobacteria, Actinobacteria, Bacteria",NA,1542696,68.71,0.6871,8.81,282,1875,22048,46,2,50,6,11,3,Uncurated genome,near complete,Bacteria,Actinobacteria,Actinobacteria,unknown,unknown,unknown,unknown,1,1,129,129_1,1.724978055,1.725214729,1.723251358,1.726329751,1.723810283,1.725540943,1.724013232,1.725695141,0.024570758,0.024832007,0.003492344,0.045470041,0.041977698,20,A,A2-18,0.328078189,0.002857139,d__Bacteria,p__Actinobacteriota,c__Thermoleophilia,o__Solirubrobacterales,f__70-9,g__,s__
A3-16-all-fractions_metab_107,A3-16-all-fractions_Actinobacteria_69_13,"Actinobacteria, Actinobacteria, Bacteria",NA,2270386,68.79,0.6879,12.91,366,2685,43135,41,9,43,12,12,6,Uncurated genome,megabin,Bacteria,Actinobacteria,Actinobacteria,unknown,unknown,unknown,unknown,1,1,129,129_2,1.725004719,1.725305701,1.723242074,1.726433138,1.723810294,1.725595949,1.724019029,1.725778263,0.026253596,0.025973587,0.004441195,0.047134596,0.042693402,190,A,A3-16,0.944243601,0.008366173,d__Bacteria,p__Actinobacteriota,c__Thermoleophilia,o__Solirubrobacterales,f__70-9,g__,s__
A1-16-all-fractions_metab_conc_54,A1-16-all-fractions_Rhizobiales_63_9,"Rhizobiales, Alphaproteobacteria, Proteobacteria, Bacteria",NA,3323451,62.73,0.6273,9.36,456,3635,47013,44,3,46,3,11,0,Uncurated genome,near complete,Bacteria,Proteobacteria,Alphaproteobacteria,Rhizobiales,unknown,unknown,unknown,1,NA,69,69_1,1.72639195,1.729023846,1.727632426,1.727840369,1.724010842,1.726671098,1.726011739,1.727845104,0.026832047,0.027034187,0.003063387,0.039272774,0.036209387,1515,A,A1-16,0.596109488,0.006476904,d__Bacteria,p__Proteobacteria,c__Alphaproteobacteria,o__Rhizobiales,f__Beijerinckiaceae,g__,s__
A1-16-all-fractions_metab_conc_1,A1-16-all-fractions_Amycolatopsis_69_10,"Amycolatopsis, Pseudonocardiales, Actinobacteria, Actinobacteria, Bacteria",NA,8408526,69.01,0.6901,9.83,907,8272,55981,37,5,39,5,12,5,Uncurated genome,partial,Bacteria,Actinobacteria,Actinobacteria,Pseudonocardiales,Amycolatopsis,unknown,unknown,1,1,219,219_1,1.735256293,1.73757916,1.734561441,1.733470618,1.73692953,1.741407685,1.735582421,1.737485821,0.027382926,0.027914947,-0.01600725,0.065624952,0.081632202,101,A,A1-16,0.797969787,0.008670175,d__Bacteria,p__Actinobacteriota,c__Actinobacteria,o__Mycobacteriales,f__Pseudonocardiaceae,g__Amycolatopsis,s__
A2-18-all-fractions_metab_conc_85,A2-18-all-fractions_Deltaproteobacteria_68_17,"Deltaproteobacteria, Proteobacteria, Bacteria",NA,5128017,68.38,0.6838,16.64,155,4917,155229,52,4,51,6,12,0,Uncurated genome,near complete,Bacteria,Proteobacteria,Deltaproteobacteria,unknown,unknown,unknown,unknown,1,NA,71,71_1,1.724216763,1.723197392,1.722045725,1.727457276,1.723646497,1.726432904,1.723302995,1.725695857,0.03472559,0.035343018,-0.015048328,0.079987972,0.0950363,1310,A,A2-18,1.363717221,0.011876223,d__Bacteria,p__Myxococcota,c__Myxococcia,o__Myxococcales,f__40CM-4-68-19,g__40CM-4-68-19,s__
A2-16-all-fractions_metab_106,A2-16-all-fractions_Deltaproteobacteria_69_9,"Deltaproteobacteria, Proteobacteria, Bacteria",NA,4532855,68.55,0.6855,8.77,896,4996,34973,41,11,41,13,7,3,Uncurated genome,megabin,Bacteria,Proteobacteria,Deltaproteobacteria,unknown,unknown,unknown,unknown,1,NA,71,71_1,1.724317639,1.723336454,1.722109276,1.727493474,1.723754221,1.726532047,1.723393712,1.725787325,0.0354657,0.035352346,-0.0144838,0.079580959,0.094064759,1640,A,A2-16,0.982952517,0.00714377,d__Bacteria,p__Myxococcota,c__Myxococcia,o__Myxococcales,f__40CM-4-68-19,g__40CM-4-68-19,s__
A1-18-all-fractions_metab_conc_4,A1-18-all-fractions_Deltaproteobacteria_68_15,"Deltaproteobacteria, Proteobacteria, Bacteria",NA,5202567,68.38,0.6838,15.1,181,5011,113115,52,7,51,9,12,0,Uncurated genome,near complete,Bacteria,Proteobacteria,Deltaproteobacteria,unknown,unknown,unknown,unknown,1,1,71,71_1,1.724216529,1.723180652,1.722037056,1.727463436,1.723647481,1.726461688,1.723300355,1.725701925,0.035640781,0.035471687,-0.015291989,0.080207558,0.095499548,351,A,A1-18,3.679985852,0.032952157,d__Bacteria,p__Myxococcota,c__Myxococcia,o__Myxococcales,f__40CM-4-68-19,g__40CM-4-68-19,s__
A2-18-all-fractions_metab_51,A2-18-all-fractions_Geodermatophilales_72_20,"Geodermatophilales, Actinobacteria, Actinobacteria, Bacteria",NA,4833049,72.39,0.7239,20.43,831,5210,41005,22,3,22,4,10,3,Uncurated genome,partial,Bacteria,Actinobacteria,Actinobacteria,Geodermatophilales,unknown,unknown,unknown,1,1,225,225_0,1.727066361,1.730729045,1.724805474,1.726908985,1.725767605,1.727438313,1.725879813,1.728358781,0.036779684,0.036562512,0.024643013,0.053984137,0.029341124,28,A,A2-18,1.711767257,0.014907291,d__Bacteria,p__Actinobacteriota,c__Actinobacteria,o__Mycobacteriales,f__Geodermatophilaceae,g__,s__
A2-18-all-fractions_metab_conc_94,A2-18-all-fractions_Bacteria_70_15,Bacteria,NA,2603686,69.79,0.6979,15.16,130,2851,80315,48,1,49,4,13,1,Uncurated genome,near complete,Bacteria,unknown,unknown,unknown,unknown,unknown,unknown,1,1,103,103_1,1.72544187,1.726287831,1.723259726,1.728230821,1.724740714,1.727165216,1.72448077,1.727227956,0.040209181,0.040549664,0.012479797,0.073427522,0.060947725,372,A,A2-18,1.00784477,0.008777032,d__Bacteria,p__Dormibacterota,c__Dormibacteria,o__Dormibacterales,f__Dormibacteraceae,g__,s__
A2-16-all-fractions_metab_60,A2-16-all-fractions_Bacteria_70_10,Bacteria,NA,2989275,69.82,0.6982,10.18,342,3422,65395,43,3,47,5,13,3,Uncurated genome,near complete,Bacteria,unknown,unknown,unknown,unknown,unknown,unknown,1,NA,103,103_1,1.725413167,1.726259347,1.723250682,1.728132158,1.724641726,1.72706193,1.724435192,1.727151145,0.040253265,0.04008973,0.01248323,0.072104185,0.059620955,1903,A,A2-16,1.012943733,0.007361737,d__Bacteria,p__Dormibacterota,c__Dormibacteria,o__Dormibacterales,f__Dormibacteraceae,g__,s__
A1-18-all-fractions_metab_70,A1-18-all-fractions_Bacteria_70_12,Bacteria,NA,3059676,69.78,0.6978,11.72,275,3442,84727,48,4,51,6,13,1,Uncurated genome,near complete,Bacteria,unknown,unknown,unknown,unknown,unknown,unknown,1,NA,103,103_1,1.725441142,1.726266458,1.723242938,1.728123477,1.724644253,1.727090717,1.724442778,1.727160218,0.04031558,0.04011147,0.012175239,0.072090618,0.059915379,1902,A,A1-18,1.293781611,0.01158507,d__Bacteria,p__Dormibacterota,c__Dormibacteria,o__Dormibacterales,f__Dormibacteraceae,g__,s__
A2-18-all-fractions_metab_maxbC_23,A2-18-all-fractions_Bacteria_65_14,Bacteria,NA,4108933,65.1,0.651,14.3,393,4045,39653,45,0,45,5,14,2,Uncurated genome,near complete,Bacteria,unknown,unknown,unknown,unknown,unknown,unknown,1,1,270,270_1,1.722099642,1.725957196,1.72112403,1.724255552,1.721200072,1.723783372,1.721474581,1.724665373,0.04729993,0.047176161,0.038200424,0.057013598,0.018813174,369,A,A2-18,1.877585218,0.016351352,d__Bacteria,p__Chloroflexota,c__Ktedonobacteria,o__Ktedonobacterales,f__,g__,s__
A3-16-all-fractions_metab_maxbC_29,A3-16-all-fractions_Bacteria_65_16,Bacteria,NA,4016627,65.1,0.651,16.25,400,3998,67271,46,0,47,2,13,3,Uncurated genome,near complete,Bacteria,unknown,unknown,unknown,unknown,unknown,unknown,1,NA,270,270_1,1.722062753,1.725939977,1.721103032,1.724240865,1.721176351,1.723760363,1.721447379,1.724647068,0.047398925,0.047308458,0.038211471,0.057305547,0.019094076,1864,A,A3-16,1.546983073,0.013706556,d__Bacteria,p__Chloroflexota,c__Ktedonobacteria,o__Ktedonobacterales,f__,g__,s__
A3-18-all-fractions_metab_134,A3-18-all-fractions_Bacteria_65_14,Bacteria,NA,4963055,64.95,0.6495,13.7,657,5093,39060,47,0,48,4,14,3,Uncurated genome,near complete,Bacteria,unknown,unknown,unknown,unknown,unknown,unknown,1,1,270,270_2,1.722014646,1.725912897,1.721060935,1.724204887,1.721119483,1.723707059,1.721398355,1.724608281,0.04745159,0.047461045,0.038265356,0.057617785,0.019352429,415,A,A3-18,0.918146284,0.00896397,d__Bacteria,p__Chloroflexota,c__Ktedonobacteria,o__Ktedonobacterales,f__,g__,s__
A2-16-all-fractions_metab_maxbC_61,A2-16-all-fractions_Bacteria_65_12,Bacteria,NA,4123681,65.18,0.6518,12.3,355,4080,63897,44,0,46,5,13,2,Uncurated genome,near complete,Bacteria,unknown,unknown,unknown,unknown,unknown,unknown,1,NA,270,270_2,1.722107649,1.726015723,1.721143412,1.724280137,1.721222261,1.723815348,1.721491107,1.724703736,0.047582462,0.047498617,0.038344697,0.057760069,0.019415371,1866,A,A2-16,1.186941033,0.008626291,d__Bacteria,p__Chloroflexota,c__Ktedonobacteria,o__Ktedonobacterales,f__,g__,s__
A3-16-all-fractions_metab_conc_58,A3-16-all-fractions_Micromonosporales_72_17,"Micromonosporales, Actinobacteria, Actinobacteria, Bacteria",NA,4350998,71.7,0.717,16.59,573,4585,39894,21,1,21,4,11,3,Uncurated genome,partial,Bacteria,Actinobacteria,Actinobacteria,Micromonosporales,unknown,unknown,unknown,1,1,194,194_2,1.726613763,1.730192847,1.7243582,1.728027746,1.72536562,1.730135668,1.725445861,1.729452087,0.05890901,0.059102374,0.052765194,0.07037403,0.017608836,182,A,A3-16,0.938068167,0.008311458,d__Bacteria,p__Actinobacteriota,c__Actinobacteria,o__Mycobacteriales,f__Micromonosporaceae,g__,s__
A2-18-all-fractions_metab_conc_19,A2-18-all-fractions_Micromonosporales_71_15,"Micromonosporales, Actinobacteria, Actinobacteria, Bacteria",NA,4787723,71.46,0.7146,15.05,437,4801,47149,26,2,29,5,13,1,Uncurated genome,partial,Bacteria,Actinobacteria,Actinobacteria,Micromonosporales,unknown,unknown,unknown,1,NA,194,194_1,1.726520068,1.730092645,1.724252568,1.727932044,1.725286616,1.730059964,1.725353084,1.729361551,0.059055046,0.05913839,0.052671919,0.070425673,0.017753754,513,A,A2-18,1.485177342,0.012933984,d__Bacteria,p__Actinobacteriota,c__Actinobacteria,o__Mycobacteriales,f__Micromonosporaceae,g__Dactylosporangium,s__
A3-18-all-fractions_metab_conc_97,A3-18-all-fractions_Micromonosporales_72_13,"Micromonosporales, Actinobacteria, Actinobacteria, Bacteria",NA,4780891,71.5,0.715,13.11,476,4850,48681,29,3,30,3,12,2,Uncurated genome,partial,Bacteria,Actinobacteria,Actinobacteria,Micromonosporales,unknown,unknown,unknown,1,NA,194,194_1,1.726530856,1.730119417,1.724277745,1.727946587,1.725300464,1.73007576,1.725369688,1.729380588,0.059108394,0.059173754,0.05290728,0.070453902,0.017546622,1039,A,A3-18,1.788558499,0.017461907,d__Bacteria,p__Actinobacteriota,c__Actinobacteria,o__Mycobacteriales,f__Micromonosporaceae,g__Dactylosporangium,s__
A2-16-all-fractions_metab_conc_20,A2-16-all-fractions_Micromonosporales_72_14,"Micromonosporales, Actinobacteria, Actinobacteria, Bacteria",NA,4759359,71.54,0.7154,14.36,447,4808,60434,33,3,34,5,14,4,Uncurated genome,partial,Bacteria,Actinobacteria,Actinobacteria,Micromonosporales,unknown,unknown,unknown,1,NA,194,194_1,1.726534084,1.730124929,1.724281321,1.727962739,1.725296691,1.730087489,1.725370699,1.729391719,0.059195183,0.05932307,0.052940897,0.070682816,0.017741918,1038,A,A2-16,1.2795343,0.009299228,d__Bacteria,p__Actinobacteriota,c__Actinobacteria,o__Mycobacteriales,f__Micromonosporaceae,g__Dactylosporangium,s__
A1-18-all-fractions_metab_conc_38,A1-18-all-fractions_Micromonosporales_71_18,"Micromonosporales, Actinobacteria, Actinobacteria, Bacteria",NA,4355474,71.48,0.7148,17.55,318,4331,70867,35,2,37,2,12,2,Uncurated genome,partial,Bacteria,Actinobacteria,Actinobacteria,Micromonosporales,unknown,unknown,unknown,1,NA,194,194_1,1.726520656,1.730097712,1.72424823,1.727962744,1.725294878,1.730076083,1.725354588,1.729378846,0.059237232,0.059371329,0.052737949,0.07054128,0.017803331,1035,A,A1-18,2.446983597,0.021911331,d__Bacteria,p__Actinobacteriota,c__Actinobacteria,o__Mycobacteriales,f__Micromonosporaceae,g__Dactylosporangium,s__
A2-16-all-fractions_metab_conc_7,A2-16-all-fractions_Actinobacteria_71_29,"Actinobacteria, Actinobacteria, Bacteria",NA,6562770,71.49,0.7149,28.85,1333,7234,23777,43,3,45,8,13,4,Uncurated genome,near complete,Bacteria,Actinobacteria,Actinobacteria,unknown,unknown,unknown,unknown,1,1,193,193_3,1.726429221,1.731567859,1.724311013,1.727613486,1.725233658,1.72960086,1.725324631,1.729594068,0.062921797,0.062989657,0.048752077,0.07576499,0.027012913,167,A,A2-16,2.359017603,0.017144552,d__Bacteria,p__Actinobacteriota,c__Actinobacteria,o__Streptosporangiales,f__Streptosporangiaceae,g__Palsa-504,s__
A3-16-all-fractions_metab_conc_50,A3-16-all-fractions_Actinobacteria_71_33,"Actinobacteria, Actinobacteria, Bacteria",NA,6314464,71.39,0.7139,33.29,1190,6956,21194,42,3,47,8,11,6,Uncurated genome,near complete,Bacteria,Actinobacteria,Actinobacteria,unknown,unknown,unknown,unknown,1,1,193,193_4,1.726369562,1.731530129,1.724261833,1.727577717,1.725188423,1.729552528,1.725273273,1.729553458,0.062944866,0.063150006,0.048951376,0.076090841,0.027139464,163,A,A3-16,2.167151034,0.019201359,d__Bacteria,p__Actinobacteriota,c__Actinobacteria,o__Streptosporangiales,f__Streptosporangiaceae,g__Palsa-504,s__
A2-18-all-fractions_metab_conc_122,A2-18-all-fractions_Actinobacteria_71_31,"Actinobacteria, Actinobacteria, Bacteria",NA,6214547,71.43,0.7143,30.96,1413,7007,26108,43,9,48,13,11,3,Uncurated genome,megabin,Bacteria,Actinobacteria,Actinobacteria,unknown,unknown,unknown,unknown,1,1,193,193_5,1.72640983,1.731588454,1.724291563,1.727596673,1.725205917,1.729577419,1.725302437,1.729587515,0.063380993,0.063221168,0.048791498,0.076355347,0.027563849,25,A,A2-18,3.156688924,0.0274907,d__Bacteria,p__Actinobacteriota,c__Actinobacteria,o__Streptosporangiales,f__Streptosporangiaceae,g__Palsa-504,s__
A3-18-all-fractions_metab_conc_103,A3-18-all-fractions_Actinobacteria_72_14,"Actinobacteria, Actinobacteria, Bacteria",NA,3137679,72.34,0.7234,14.4,135,3406,118118,21,0,24,1,11,2,Uncurated genome,partial,Bacteria,Actinobacteria,Actinobacteria,unknown,unknown,unknown,unknown,1,1,107,107_0,1.726817903,1.7315269,1.724795483,1.728434997,1.725753401,1.730408082,1.725788929,1.730123326,0.063803172,0.06393172,0.053713219,0.069415624,0.015702405,155,A,A3-18,0.411322481,0.00401579,d__Bacteria,p__Actinobacteriota,c__Thermoleophilia,o__20CM-4-69-9,f__,g__,s__
A2-16-all-fractions_metab_conc_67,A2-16-all-fractions_Actinobacteria_69_23,"Actinobacteria, Actinobacteria, Bacteria",NA,2412241,69.36,0.6936,23.03,128,2563,91740,19,0,20,0,11,2,Uncurated genome,partial,Bacteria,Actinobacteria,Actinobacteria,unknown,unknown,unknown,unknown,1,NA,98,98_1,1.724662689,1.727512331,1.72295374,1.727522563,1.723760365,1.729342349,1.723792265,1.728125748,0.063825166,0.063989195,0.042057228,0.082426366,0.040369138,944,A,A2-16,2.363808115,0.017179367,d__Bacteria,p__Actinobacteriota,c__UBA4738,o__UBA4738,f__HRBIN12,g__,s__
A3-16-all-fractions_metab_conc_66,A3-16-all-fractions_Actinobacteria_69_20,"Actinobacteria, Actinobacteria, Bacteria",NA,2956632,69.14,0.6914,19.75,245,3235,64731,39,1,42,0,12,2,Uncurated genome,near complete,Bacteria,Actinobacteria,Actinobacteria,unknown,unknown,unknown,unknown,1,1,98,98_1,1.724598206,1.727538249,1.722876387,1.727450562,1.723657635,1.729289278,1.723710743,1.728092696,0.064538205,0.064707758,0.043392909,0.083164315,0.039771406,150,A,A3-16,1.623693227,0.014386223,d__Bacteria,p__Actinobacteriota,c__UBA4738,o__UBA4738,f__HRBIN12,g__,s__
A1-16-all-fractions_metab_conc_29,A1-16-all-fractions_Actinobacteria_70_14,"Actinobacteria, Actinobacteria, Bacteria",NA,4172072,69.66,0.6966,13.5,225,4455,75933,18,2,23,6,11,2,Uncurated genome,partial,Bacteria,Actinobacteria,Actinobacteria,unknown,unknown,unknown,unknown,1,NA,147,147_1,1.735860754,1.742516123,1.735592299,1.738811958,1.73485736,1.738531715,1.735436804,1.739953265,0.066292161,0.066243928,0.047219226,0.09759191,0.050372684,688,A,A1-16,0.783358719,0.008511422,d__Bacteria,p__Actinobacteriota,c__Thermoleophilia,o__Solirubrobacterales,f__Thermoleophilaceae,g__,s__
A1-18-all-fractions_metab_conc_10,A1-18-all-fractions_Deltaproteobacteria_68_11,"Deltaproteobacteria, Proteobacteria, Bacteria",NA,4014599,68.07,0.6807,10.66,196,3889,71418,26,0,26,3,11,0,Uncurated genome,partial,Bacteria,Proteobacteria,Deltaproteobacteria,unknown,unknown,unknown,unknown,1,NA,73,73_1,1.723606729,1.727822015,1.72215516,1.726467284,1.722702769,1.72785662,1.722821553,1.727381973,0.067271012,0.067376753,0.062249283,0.076149496,0.013900213,1580,A,A1-18,1.457178004,0.013048191,d__Bacteria,p__Myxococcota,c__Myxococcia,o__Myxococcales,f__40CM-4-68-19,g__40CM-4-68-19,s__
A2-16-all-fractions_metab_conc_112,A2-16-all-fractions_Deltaproteobacteria_68_10,"Deltaproteobacteria, Proteobacteria, Bacteria",NA,3229808,68.21,0.6821,9.86,181,3182,51558,18,0,20,1,9,0,Uncurated genome,partial,Bacteria,Proteobacteria,Deltaproteobacteria,unknown,unknown,unknown,unknown,1,NA,73,73_1,1.723674838,1.728009709,1.722246722,1.726566844,1.722810311,1.728009932,1.722910624,1.727528829,0.068128033,0.068227092,0.063847967,0.076821129,0.012973162,1579,A,A2-16,0.991921943,0.007208957,d__Bacteria,p__Myxococcota,c__Myxococcia,o__Myxococcales,f__40CM-4-68-19,g__40CM-4-68-19,s__
A2-18-all-fractions_metab_107,A2-18-all-fractions_Actinobacteria_69_10,"Actinobacteria, Actinobacteria, Bacteria",NA,2785108,68.74,0.6874,10.46,159,2979,108532,38,1,43,4,13,2,Uncurated genome,near complete,Bacteria,Actinobacteria,Actinobacteria,unknown,unknown,unknown,unknown,1,1,137,137_0,1.724515835,1.726364043,1.723318962,1.726688091,1.723309049,1.732042704,1.723714616,1.728364946,0.068142836,0.068670246,0.027279333,0.12899801,0.101718677,21,A,A2-18,0.498828172,0.004344152,d__Bacteria,p__Actinobacteriota,c__Thermoleophilia,o__Solirubrobacterales,f__70-9,g__,s__
A1-16-all-fractions_metab_conc_15,A1-16-all-fractions_Actinobacteria_67_9,"Actinobacteria, Actinobacteria, Bacteria",NA,4117802,67.36,0.6736,8.87,408,4511,48659,40,7,37,7,12,2,Uncurated genome,partial,Bacteria,Actinobacteria,Actinobacteria,unknown,unknown,unknown,unknown,1,NA,181,181_1,1.731273154,1.735942994,1.731471988,1.734651325,1.728666947,1.735436068,1.730470697,1.735343462,0.071315697,0.071672374,0.046737077,0.099669312,0.052932235,675,A,A1-16,0.634570158,0.00689479,d__Bacteria,p__Actinobacteriota,c__Acidimicrobiia,o__Microtrichales,f__UBA8139,g__,s__
A2-18-all-fractions_metab_maxb_92,A2-18-all-fractions_Betaproteobacteria_63_8,"Betaproteobacteria, Proteobacteria, Bacteria",NA,3632998,63.12,0.6312,7.89,550,3809,32850,41,0,44,3,10,0,Uncurated genome,near complete,Bacteria,Proteobacteria,Betaproteobacteria,unknown,unknown,unknown,unknown,1,1,64,64_2,1.720686868,1.725516385,1.720006888,1.723235014,1.719707901,1.726170417,1.720133886,1.724973939,0.071604435,0.071614121,0.047767344,0.095643999,0.047876655,258,A,A2-18,1.147350489,0.009991947,d__Bacteria,p__Proteobacteria,c__Gammaproteobacteria,o__Burkholderiales,f__Palsa-1005,g__PALSA-1003,s__
A2-16-all-fractions_metab_maxb_93,A2-16-all-fractions_Betaproteobacteria_63_10,"Betaproteobacteria, Proteobacteria, Bacteria",NA,3658138,62.94,0.6294,10.31,441,3736,52849,43,0,48,2,12,1,Uncurated genome,near complete,Bacteria,Proteobacteria,Betaproteobacteria,unknown,unknown,unknown,unknown,1,1,64,64_1,1.720610333,1.725483495,1.719934395,1.723247493,1.719633201,1.726047932,1.72005931,1.724926307,0.0717103,0.072015711,0.049026613,0.094940665,0.045914052,323,A,A2-16,1.02692652,0.007463359,d__Bacteria,p__Proteobacteria,c__Gammaproteobacteria,o__Burkholderiales,f__Palsa-1005,g__PALSA-1003,s__
A3-18-all-fractions_metab_conc_126,A3-18-all-fractions_Deltaproteobacteria_69_10,"Deltaproteobacteria, Proteobacteria, Bacteria",NA,4303456,68.97,0.6897,9.56,434,4268,36055,24,2,23,4,12,3,Uncurated genome,partial,Bacteria,Proteobacteria,Deltaproteobacteria,unknown,unknown,unknown,unknown,1,1,72,72_0,1.724398792,1.725801583,1.72245769,1.727408321,1.723985232,1.732267254,1.723613905,1.728492386,0.072042282,0.072043769,0.020706517,0.122279765,0.101573248,337,A,A3-18,0.329062121,0.003212672,d__Bacteria,p__Myxococcota,c__Myxococcia,o__Myxococcales,f__40CM-4-68-19,g__40CM-4-68-19,s__
A1-18-all-fractions_metab_22,A1-18-all-fractions_Betaproteobacteria_63_7,"Betaproteobacteria, Proteobacteria, Bacteria",NA,3473589,62.96,0.6296,6.7,1116,4050,12074,36,4,42,7,11,0,Uncurated genome,near complete,Bacteria,Proteobacteria,Betaproteobacteria,unknown,unknown,unknown,unknown,1,1,64,64_3,1.720663224,1.725479362,1.719932902,1.723375595,1.719623363,1.726153587,1.720073163,1.725002848,0.072596317,0.072942723,0.050944405,0.096650574,0.045706169,322,A,A1-18,0.891000358,0.007978396,d__Bacteria,p__Proteobacteria,c__Gammaproteobacteria,o__Burkholderiales,f__Palsa-1005,g__PALSA-1003,s__
A3-18-all-fractions_metab_conc_112,A3-18-all-fractions_Actinobacteria_70_23,"Actinobacteria, Actinobacteria, Bacteria",NA,3187777,69.61,0.6961,22.59,248,3272,63796,34,0,39,0,8,0,Uncurated genome,partial,Bacteria,Actinobacteria,Actinobacteria,unknown,unknown,unknown,unknown,1,NA,201,201_1,1.725333313,1.729451744,1.723425462,1.728241797,1.724860126,1.73107796,1.724539634,1.7295905,0.074502505,0.074550226,0.060759611,0.091757479,0.030997869,963,A,A3-18,0.404030311,0.003944595,d__Bacteria,p__Actinobacteriota,c__Actinobacteria,o__Mycobacteriales,f__Jatrophihabitantaceae,g__Jatrophihabitans,s__
A2-18-all-fractions_metab_conc_89,A2-18-all-fractions_Actinobacteria_70_22,"Actinobacteria, Actinobacteria, Bacteria",NA,3257068,69.56,0.6956,22.46,256,3330,97816,35,0,40,0,11,0,Uncurated genome,partial,Bacteria,Actinobacteria,Actinobacteria,unknown,unknown,unknown,unknown,1,1,201,201_1,1.725286674,1.729458711,1.723402912,1.728247278,1.724850245,1.731049148,1.724513277,1.729585046,0.074690142,0.074859818,0.061552077,0.091478567,0.02992649,34,A,A2-18,1.270008939,0.011060144,d__Bacteria,p__Actinobacteriota,c__Actinobacteria,o__Mycobacteriales,f__Jatrophihabitantaceae,g__Jatrophihabitans,s__
A2-16-all-fractions_metab_conc_41,A2-16-all-fractions_Actinobacteria_70_9,"Actinobacteria, Actinobacteria, Bacteria",NA,3093389,69.79,0.6979,9.36,383,3317,40648,25,2,31,3,9,1,Uncurated genome,partial,Bacteria,Actinobacteria,Actinobacteria,unknown,unknown,unknown,unknown,1,1,201,201_2,1.725345317,1.729576962,1.723480111,1.728300391,1.724930213,1.731119145,1.724585214,1.729665499,0.074810701,0.074982679,0.062429623,0.09132751,0.028897887,157,A,A2-16,0.857410979,0.006231376,d__Bacteria,p__Actinobacteriota,c__Actinobacteria,o__Mycobacteriales,f__Jatrophihabitantaceae,g__Jatrophihabitans,s__
A2-18-all-fractions_metab_conc_33,A2-18-all-fractions_Actinobacteria_68_11,"Actinobacteria, Actinobacteria, Bacteria",NA,3303269,67.95,0.6795,10.92,186,3384,54983,37,0,41,0,13,1,Uncurated genome,near complete,Bacteria,Actinobacteria,Actinobacteria,unknown,unknown,unknown,unknown,1,1,217,217_0,1.72416054,1.729031663,1.722502138,1.726779383,1.723007447,1.730517996,1.723223375,1.728776347,0.081887487,0.082021666,0.063204643,0.110950484,0.047745841,26,A,A2-18,0.874780076,0.007618209,d__Bacteria,p__Actinobacteriota,c__Actinobacteria,o__Frankiales,f__,g__,s__
A3-16-all-fractions_metab_46,A3-16-all-fractions_Actinobacteria_69_25,"Actinobacteria, Actinobacteria, Bacteria",NA,2936614,69.01,0.6901,25.25,576,3505,30350,39,27,43,29,8,3,Uncurated genome,megabin,Bacteria,Actinobacteria,Actinobacteria,unknown,unknown,unknown,unknown,1,1,120,120_2,1.724870915,1.731033645,1.723042621,1.727664716,1.724073392,1.730044463,1.723995643,1.729580941,0.082208639,0.082463602,0.068280225,0.090942855,0.02266263,138,A,A3-16,1.741796579,0.01543264,d__Bacteria,p__Actinobacteriota,c__Thermoleophilia,o__20CM-4-69-9,f__20CM-4-69-9,g__3-1-20CM-4-69-9,s__
A3-16-all-fractions_metab_72,A3-16-all-fractions_Actinobacteria_70_10,"Actinobacteria, Actinobacteria, Bacteria",NA,3332414,69.85,0.6985,10.24,588,3682,26108,27,1,32,3,11,1,Uncurated genome,partial,Bacteria,Actinobacteria,Actinobacteria,unknown,unknown,unknown,unknown,1,1,201,201_3,1.725286143,1.730628916,1.723483644,1.72846174,1.724787744,1.731355055,1.724519177,1.73014857,0.082805489,0.083090522,0.073521456,0.096919207,0.023397751,144,A,A3-16,0.654099465,0.005795442,d__Bacteria,p__Actinobacteriota,c__Actinobacteria,o__Mycobacteriales,f__Jatrophihabitantaceae,g__Jatrophihabitans,s__
A3-18-all-fractions_metab_131,A3-18-all-fractions_Proteobacteria_70_9,"Proteobacteria, Bacteria",NA,4804886,69.62,0.6962,9.23,1499,5684,14843,25,7,27,10,12,3,Uncurated genome,partial,Bacteria,Proteobacteria,unknown,unknown,unknown,unknown,unknown,1,1,78,78_0,1.724486804,1.72852797,1.722654053,1.727474075,1.723642757,1.731709716,1.723594538,1.729237254,0.083170867,0.083331537,0.059648999,0.119129388,0.059480388,333,A,A3-18,0.29568505,0.002886808,d__Bacteria,p__Myxococcota,c__Myxococcia,o__Myxococcales,f__40CM-4-68-19,g__40CM-4-68-19,s__
A2-16-all-fractions_metab_69,A2-16-all-fractions_Actinobacteria_72_10,"Actinobacteria, Actinobacteria, Bacteria",NA,3224803,72.13,0.7213,9.92,438,3600,57518,18,1,21,2,11,2,Uncurated genome,partial,Bacteria,Actinobacteria,Actinobacteria,unknown,unknown,unknown,unknown,1,NA,104,104_1,1.72695799,1.732793854,1.724729096,1.729627101,1.725628991,1.732082374,1.725772026,1.73150111,0.084354784,0.084503681,0.072288995,0.095194938,0.022905943,897,A,A2-16,0.76099263,0.00553064,d__Bacteria,p__Actinobacteriota,c__Thermoleophilia,o__20CM-4-69-9,f__,g__,s__
A2-18-all-fractions_metab_54,A2-18-all-fractions_Actinobacteria_72_13,"Actinobacteria, Actinobacteria, Bacteria",NA,4145935,71.8,0.718,13.34,366,4428,83759,33,4,36,5,12,0,Uncurated genome,partial,Bacteria,Actinobacteria,Actinobacteria,unknown,unknown,unknown,unknown,1,1,104,104_1,1.726823343,1.732790869,1.724592115,1.729486709,1.725430084,1.731969048,1.72561518,1.731415542,0.085587496,0.08556234,0.072244004,0.096467971,0.024223966,29,A,A2-18,0.910135627,0.007926111,d__Bacteria,p__Actinobacteriota,c__Thermoleophilia,o__20CM-4-69-9,f__,g__,s__
A3-16-all-fractions_metab_conc_65,A3-16-all-fractions_Rhizobiales_63_23,"Rhizobiales, Alphaproteobacteria, Proteobacteria, Bacteria",NA,3592585,62.52,0.6252,23.13,200,3703,96914,47,0,49,2,11,0,Uncurated genome,near complete,Bacteria,Proteobacteria,Alphaproteobacteria,Rhizobiales,unknown,unknown,unknown,1,1,69,69_1,1.720011049,1.725875549,1.719817013,1.724464438,1.719295207,1.726409913,1.719707756,1.7255833,0.086506265,0.086956113,0.068775998,0.105320567,0.036544568,317,A,A3-16,1.978430476,0.01752926,d__Bacteria,p__Proteobacteria,c__Alphaproteobacteria,o__Rhizobiales,f__Beijerinckiaceae,g__,s__
A3-18-all-fractions_metab_conc_57,A3-18-all-fractions_Rhizobiales_63_30,"Rhizobiales, Alphaproteobacteria, Proteobacteria, Bacteria",NA,3352011,62.57,0.6257,30.41,201,3456,92153,47,0,47,1,10,0,Uncurated genome,near complete,Bacteria,Proteobacteria,Alphaproteobacteria,Rhizobiales,unknown,unknown,unknown,1,NA,69,69_1,1.720059702,1.725874278,1.719869387,1.724520739,1.719356115,1.726483802,1.719761735,1.725626273,0.086563475,0.086790577,0.068832064,0.105509078,0.036677014,1517,A,A3-18,1.756290176,0.017146867,d__Bacteria,p__Proteobacteria,c__Alphaproteobacteria,o__Rhizobiales,f__Beijerinckiaceae,g__,s__
A2-18-all-fractions_metab_conc_128,A2-18-all-fractions_Rhizobiales_63_17,"Rhizobiales, Alphaproteobacteria, Proteobacteria, Bacteria",NA,3629729,62.54,0.6254,17.09,208,3752,112660,48,0,51,1,12,1,Uncurated genome,near complete,Bacteria,Proteobacteria,Alphaproteobacteria,Rhizobiales,unknown,unknown,unknown,1,NA,69,69_1,1.720042132,1.725852737,1.719834812,1.724470052,1.719315,1.726421352,1.719730648,1.72558138,0.08657472,0.086587776,0.068594974,0.105195718,0.036600745,1287,A,A2-18,2.322440842,0.020225472,d__Bacteria,p__Proteobacteria,c__Alphaproteobacteria,o__Rhizobiales,f__Beijerinckiaceae,g__,s__
A2-16-all-fractions_metab_conc_80,A2-16-all-fractions_Rhizobiales_63_17,"Rhizobiales, Alphaproteobacteria, Proteobacteria, Bacteria",NA,3545691,62.55,0.6255,17.11,162,3615,84548,49,0,50,3,11,0,Uncurated genome,near complete,Bacteria,Proteobacteria,Alphaproteobacteria,Rhizobiales,unknown,unknown,unknown,1,NA,69,69_1,1.72003468,1.725862396,1.719828772,1.724482244,1.719317142,1.726437848,1.719726865,1.725594162,0.086588336,0.086833138,0.068865028,0.105408081,0.036543052,1516,A,A2-16,1.78578544,0.012978492,d__Bacteria,p__Proteobacteria,c__Alphaproteobacteria,o__Rhizobiales,f__Beijerinckiaceae,g__,s__
A1-18-all-fractions_metab_conc_65,A1-18-all-fractions_Rhizobiales_63_8,"Rhizobiales, Alphaproteobacteria, Proteobacteria, Bacteria",NA,3297799,62.67,0.6267,8.02,706,3882,24102,49,2,51,3,10,1,Uncurated genome,near complete,Bacteria,Proteobacteria,Alphaproteobacteria,Rhizobiales,unknown,unknown,unknown,1,1,69,69_2,1.720028136,1.725912258,1.719831738,1.724496393,1.719315484,1.726436676,1.719725119,1.725615109,0.086896728,0.087169225,0.06903053,0.10541558,0.03638505,316,A,A1-18,0.960795787,0.008603374,d__Bacteria,p__Proteobacteria,c__Alphaproteobacteria,o__Rhizobiales,f__Beijerinckiaceae,g__,s__
A1-18-all-fractions_metab_conc_51,A1-18-all-fractions_Gemmatimonadetes_62_10,"Gemmatimonadetes, Bacteria",NA,2590589,61.79,0.6179,9.83,717,2946,14218,44,4,44,6,9,1,Uncurated genome,near complete,Bacteria,Gemmatimonadetes,unknown,unknown,unknown,unknown,unknown,1,1,281,281_0,1.720418638,1.723359693,1.719047072,1.726105941,1.719015825,1.727361859,1.719493845,1.725609164,0.090258795,0.090514898,0.043508139,0.123566808,0.080058669,249,A,A1-18,1.695068872,0.015178367,d__Bacteria,p__Gemmatimonadota,c__Gemmatimonadetes,o__Gemmatimonadales,f__Gemmatimonadaceae,g__UBA4720,s__
A2-16-all-fractions_metab_conc_78,A2-16-all-fractions_Actinobacteria_67_11,"Actinobacteria, Actinobacteria, Bacteria",NA,3730814,67.35,0.6735,11.23,161,3812,98904,43,0,45,1,12,2,Uncurated genome,near complete,Bacteria,Actinobacteria,Actinobacteria,unknown,unknown,unknown,unknown,1,NA,182,182_1,1.722293088,1.726999532,1.721162355,1.727488565,1.721563414,1.729284167,1.721672953,1.727924088,0.092211425,0.09241632,0.069554668,0.114150291,0.044595623,797,A,A2-16,1.237359421,0.008992715,d__Bacteria,p__Actinobacteriota,c__Acidimicrobiia,o__IMCC26256,f__PALSA-610,g__,s__
A3-16-all-fractions_metab_10,A3-16-all-fractions_Solirubrobacterales_71_13,"Solirubrobacterales, Thermoleophilia, Actinobacteria, Bacteria",NA,2765567,70.72,0.7072,13.14,624,3129,21685,31,5,36,5,7,4,Uncurated genome,partial,Bacteria,Actinobacteria,Thermoleophilia,Solirubrobacterales,unknown,unknown,unknown,1,1,128,128_1,1.726192407,1.732707273,1.724119341,1.729389808,1.724819734,1.731858831,1.725043827,1.731318637,0.092264135,0.092590081,0.077811853,0.10388127,0.026069417,122,A,A3-16,0.772900503,0.006848042,d__Bacteria,p__Actinobacteriota,c__Thermoleophilia,o__Solirubrobacterales,f__Solirubrobacteraceae,g__Palsa-744,s__
A2-18-all-fractions_metab_conc_64,A2-18-all-fractions_Actinobacteria_67_12,"Actinobacteria, Actinobacteria, Bacteria",NA,3917527,67.3,0.673,11.95,125,3967,204074,43,1,45,2,13,2,Uncurated genome,near complete,Bacteria,Actinobacteria,Actinobacteria,unknown,unknown,unknown,unknown,1,NA,182,182_1,1.722262251,1.726950053,1.721137362,1.727492652,1.721532741,1.72928075,1.721644118,1.727907818,0.09230964,0.092603549,0.069280336,0.114555221,0.045274884,533,A,A2-18,0.741976673,0.006461662,d__Bacteria,p__Actinobacteriota,c__Acidimicrobiia,o__IMCC26256,f__PALSA-610,g__,s__
A1-18-all-fractions_metab_conc_75,A1-18-all-fractions_Actinobacteria_67_12,"Actinobacteria, Actinobacteria, Bacteria",NA,3942900,67.34,0.6734,12.31,139,4036,146057,46,0,47,1,13,3,Uncurated genome,near complete,Bacteria,Actinobacteria,Actinobacteria,unknown,unknown,unknown,unknown,1,NA,182,182_1,1.722294411,1.727027701,1.721151183,1.727474113,1.721548475,1.729288144,1.72166469,1.727929986,0.092413631,0.092626106,0.069951354,0.11443095,0.044479596,795,A,A1-18,1.286617674,0.011520921,d__Bacteria,p__Actinobacteriota,c__Acidimicrobiia,o__IMCC26256,f__PALSA-610,g__,s__
A3-18-all-fractions_metab_conc_17,A3-18-all-fractions_Actinobacteria_67_13,"Actinobacteria, Actinobacteria, Bacteria",NA,3895225,67.3,0.673,12.78,126,3967,198599,50,1,50,2,13,2,Uncurated genome,near complete,Bacteria,Actinobacteria,Actinobacteria,unknown,unknown,unknown,unknown,1,1,182,182_1,1.722280036,1.726981135,1.721139157,1.727480665,1.721538529,1.729268617,1.721652574,1.727910139,0.092521951,0.092512402,0.069476153,0.114289883,0.044813729,113,A,A3-18,0.825049205,0.008055052,d__Bacteria,p__Actinobacteriota,c__Acidimicrobiia,o__IMCC26256,f__PALSA-610,g__,s__
A1-16-all-fractions_metab_conc_89,A1-16-all-fractions_Catenulispora_acidiphila_71_10,"Catenulispora acidiphila, Catenulispora, Catenulisporales, Actinobacteria, Actinobacteria, Bacteria",NA,6365638,71.37,0.7137,9.59,849,6234,40672,34,1,38,4,11,1,Uncurated genome,partial,Bacteria,Actinobacteria,Actinobacteria,Catenulisporales,Catenulispora,Catenulisporaacidiphila,Bacteria,1,1,222,222_1,1.73955599,1.749960757,1.737105022,1.743008357,1.749420908,1.752089958,1.742027307,1.748353024,0.092964402,0.092432218,0.038835674,0.152251829,0.113416154,80,A,A1-16,1.138790565,0.012373293,d__Bacteria,p__Actinobacteriota,c__Actinobacteria,o__Streptomycetales,f__Catenulisporaceae,g__Catenulispora,s__
A3-18-all-fractions_metab_46,A3-18-all-fractions_Solirubrobacterales_71_11,"Solirubrobacterales, Thermoleophilia, Actinobacteria, Bacteria",NA,2609397,70.51,0.7051,10.97,488,2935,33766,31,3,34,7,10,3,Uncurated genome,partial,Bacteria,Actinobacteria,Thermoleophilia,Solirubrobacterales,unknown,unknown,unknown,1,1,128,128_2,1.726128933,1.732605727,1.724040822,1.729380394,1.724727285,1.731879763,1.72496568,1.731288628,0.093121028,0.093304309,0.078835438,0.105559814,0.026724376,120,A,A3-18,0.626155833,0.006113233,d__Bacteria,p__Actinobacteriota,c__Thermoleophilia,o__Solirubrobacterales,f__Solirubrobacteraceae,g__,s__
A3-16-all-fractions_metab_maxbC_84,A3-16-all-fractions_Bacteria_73_22,Bacteria,NA,5609358,72.53,0.7253,22.48,165,5027,203412,27,2,29,2,10,0,Uncurated genome,partial,Bacteria,unknown,unknown,unknown,unknown,unknown,unknown,1,1,102,102_0,1.722197566,1.727758013,1.724342624,1.733518721,1.725008261,1.729346393,1.723849483,1.730207709,0.094781571,0.093888678,0.064015958,0.135460003,0.071444046,386,A,A3-16,1.693873877,0.015008036,d__Bacteria,p__Gemmatimonadota,c__Gemmatimonadetes,o__,f__,g__,s__
A3-16-all-fractions_metab_7,A3-16-all-fractions_Cystobacter_violaceus_71_9,"Cystobacter violaceus, Cystobacter, Myxococcales, Deltaproteobacteria, Proteobacteria, Bacteria",NA,6873273,70.59,0.7059,8.56,1272,6674,27692,43,2,44,5,13,2,Uncurated genome,near complete,Bacteria,Proteobacteria,Deltaproteobacteria,Myxococcales,Cystobacter,Cystobacterviolaceus,Bacteria,1,NA,61,61_1,1.725476907,1.726059032,1.723641679,1.73058904,1.723894095,1.735797126,1.72433756,1.730815066,0.094813509,0.095619967,0.008587559,0.175755959,0.167168399,1541,A,A3-16,0.812905445,0.007202493,d__Bacteria,p__Myxococcota,c__Myxococcia,o__Myxococcales,f__Myxococcaceae,g__Archangium,s__
A1-18-all-fractions_metab_conc_68,A1-18-all-fractions_Amycolatopsis_69_9,"Amycolatopsis, Pseudonocardiales, Actinobacteria, Actinobacteria, Bacteria",NA,7603314,69.07,0.6907,8.56,1115,7798,39179,36,1,36,7,12,5,Uncurated genome,partial,Bacteria,Actinobacteria,Actinobacteria,Pseudonocardiales,Amycolatopsis,unknown,unknown,1,1,219,219_2,1.724724715,1.731219686,1.722961916,1.727296485,1.723580506,1.732184429,1.723755712,1.730233533,0.095181303,0.095654555,0.064035773,0.127062494,0.063026722,102,A,A1-18,1.102402109,0.009871377,d__Bacteria,p__Actinobacteriota,c__Actinobacteria,o__Mycobacteriales,f__Pseudonocardiaceae,g__Amycolatopsis,s__
A2-16-all-fractions_metab_conc_31,A2-16-all-fractions_Deltaproteobacteria_69_12,"Deltaproteobacteria, Proteobacteria, Bacteria",NA,3835569,69.01,0.6901,11.51,193,3735,73599,21,0,27,3,10,1,Uncurated genome,partial,Bacteria,Proteobacteria,Deltaproteobacteria,unknown,unknown,unknown,unknown,1,1,75,75_0,1.724152017,1.731749618,1.722495657,1.726913273,1.72308694,1.730945397,1.723244872,1.729869429,0.097552515,0.097850247,0.065280253,0.116086603,0.050806351,319,A,A2-16,1.134701395,0.008246631,d__Bacteria,p__Myxococcota,c__Myxococcia,o__Myxococcales,f__40CM-4-68-19,g__40CM-4-68-19,s__
A2-16-all-fractions_metab_74,A2-16-all-fractions_Actinobacteria_73_15,"Actinobacteria, Actinobacteria, Bacteria",NA,4587838,72.86,0.7286,14.94,809,5321,37190,30,4,34,7,11,3,Uncurated genome,partial,Bacteria,Actinobacteria,Actinobacteria,unknown,unknown,unknown,unknown,1,1,142,142_1,1.727347624,1.735538899,1.725116193,1.729794395,1.72588886,1.732948465,1.726117559,1.732760586,0.097796943,0.09796583,0.069030266,0.120712086,0.05168182,117,A,A2-16,0.97596208,0.007092966,d__Bacteria,p__Actinobacteriota,c__Thermoleophilia,o__Solirubrobacterales,f__Solirubrobacteraceae,g__,s__
A3-16-all-fractions_metab_20,A3-16-all-fractions_Actinobacteria_73_16,"Actinobacteria, Actinobacteria, Bacteria",NA,4634452,72.87,0.7287,16.47,807,5509,33151,27,9,28,7,11,4,Uncurated genome,partial,Bacteria,Actinobacteria,Actinobacteria,unknown,unknown,unknown,unknown,1,1,142,142_2,1.727392778,1.735615997,1.725096663,1.729804725,1.725870705,1.732952937,1.726120049,1.732791219,0.097922902,0.098380739,0.069471677,0.121179665,0.051707988,115,A,A3-16,0.820145228,0.007266639,d__Bacteria,p__Actinobacteriota,c__Thermoleophilia,o__Solirubrobacterales,f__Solirubrobacteraceae,g__,s__
A3-16-all-fractions_metab_89,A3-16-all-fractions_Actinobacteria_70_22,"Actinobacteria, Actinobacteria, Bacteria",NA,3037937,70.38,0.7038,22.14,320,3372,56276,24,4,30,7,10,3,Uncurated genome,partial,Bacteria,Actinobacteria,Actinobacteria,unknown,unknown,unknown,unknown,1,NA,111,111_1,1.725723385,1.734020781,1.723802101,1.728910783,1.724677756,1.731313942,1.724734414,1.731415169,0.098293094,0.098597267,0.075436764,0.12238614,0.046949377,798,A,A3-16,1.632041891,0.014460193,d__Bacteria,p__Actinobacteriota,c__Thermoleophilia,o__20CM-4-69-9,f__,g__,s__
A2-16-all-fractions_metab_conc_110,A2-16-all-fractions_Actinobacteria_70_28,"Actinobacteria, Actinobacteria, Bacteria",NA,2467396,70.37,0.7037,28.45,164,2662,68839,38,0,40,1,10,2,Uncurated genome,partial,Bacteria,Actinobacteria,Actinobacteria,unknown,unknown,unknown,unknown,1,NA,111,111_1,1.72573408,1.734016071,1.723791668,1.728917946,1.7246545,1.731293409,1.724726749,1.731409142,0.09854131,0.098621875,0.075697053,0.122158148,0.046461096,800,A,A2-16,2.631553009,0.019125248,d__Bacteria,p__Actinobacteriota,c__Thermoleophilia,o__20CM-4-69-9,f__,g__,s__
A3-18-all-fractions_metab_conc_14,A3-18-all-fractions_Actinobacteria_70_37,"Actinobacteria, Actinobacteria, Bacteria",NA,2396517,70.41,0.7041,37.15,176,2595,103567,41,0,43,0,11,1,Uncurated genome,near complete,Bacteria,Actinobacteria,Actinobacteria,unknown,unknown,unknown,unknown,1,NA,111,111_1,1.725744935,1.734061932,1.723819439,1.728932375,1.724678957,1.731348934,1.724747777,1.731447747,0.098589102,0.098880142,0.075498855,0.122673791,0.047174936,801,A,A3-18,1.063777133,0.010385781,d__Bacteria,p__Actinobacteriota,c__Thermoleophilia,o__20CM-4-69-9,f__,g__,s__
A2-18-all-fractions_metab_conc_10,A2-18-all-fractions_Actinobacteria_70_33,"Actinobacteria, Actinobacteria, Bacteria",NA,2493403,70.35,0.7035,32.84,175,2696,55647,37,0,42,1,11,2,Uncurated genome,near complete,Bacteria,Actinobacteria,Actinobacteria,unknown,unknown,unknown,unknown,1,NA,111,111_1,1.725694426,1.734035298,1.723790206,1.72890888,1.724665953,1.731310942,1.724716861,1.731418374,0.099199689,0.098904581,0.07558481,0.123029419,0.047444608,495,A,A2-18,1.896413193,0.01651532,d__Bacteria,p__Actinobacteriota,c__Thermoleophilia,o__20CM-4-69-9,f__,g__,s__
A3-16-all-fractions_metab_73,A3-16-all-fractions_Actinobacteria_69_15,"Actinobacteria, Actinobacteria, Bacteria",NA,2966950,68.88,0.6888,15.35,278,3357,90738,45,2,51,2,12,0,Uncurated genome,near complete,Bacteria,Actinobacteria,Actinobacteria,unknown,unknown,unknown,unknown,1,NA,110,110_1,1.722753373,1.744516793,1.730079577,1.72833274,1.719122746,1.719484782,1.723985232,1.730778105,0.099721577,0.100293103,-0.025700254,0.321554908,0.347255162,1082,A,A3-16,0.001143998,1.01E-05,d__Bacteria,p__Actinobacteriota,c__Thermoleophilia,o__20CM-4-69-9,f__20CM-4-69-9,g__,s__
A2-16-all-fractions_metab_63,A2-16-all-fractions_Cystobacter_violaceus_70_22,"Cystobacter violaceus, Cystobacter, Myxococcales, Deltaproteobacteria, Proteobacteria, Bacteria",NA,8532069,69.94,0.6994,22.22,548,7546,125389,52,2,51,3,14,2,Uncurated genome,near complete,Bacteria,Proteobacteria,Deltaproteobacteria,Myxococcales,Cystobacter,Cystobacterviolaceus,Bacteria,1,1,61,61_1,1.72531463,1.72581306,1.723453299,1.731613166,1.723771375,1.735649619,1.724179768,1.731025282,0.100422484,0.101060634,0.007353502,0.17540061,0.168047108,320,A,A2-16,2.349707055,0.017076886,d__Bacteria,p__Myxococcota,c__Myxococcia,o__Myxococcales,f__Myxococcaceae,g__Archangium,s__
A3-18-all-fractions_metab_conc_132,A3-18-all-fractions_Micrococcales_73_11,"Micrococcales, Actinobacteria, Actinobacteria, Bacteria",NA,3416132,72.63,0.7263,11.32,193,3520,104252,24,2,22,5,10,1,Uncurated genome,partial,Bacteria,Actinobacteria,Actinobacteria,Micrococcales,unknown,unknown,unknown,1,1,215,215_0,1.727216236,1.737177815,1.724976409,1.728594402,1.725678146,1.733032821,1.725956931,1.732935013,0.102297124,0.102916138,0.053390245,0.146811081,0.093420836,107,A,A3-18,0.424190196,0.004141419,d__Bacteria,p__Actinobacteriota,c__Actinobacteria,o__Actinomycetales,f__Microbacteriaceae,g__Amnibacterium,s__
A3-18-all-fractions_metab_conc_27,A3-18-all-fractions_Mycobacterium_68_11,"Mycobacterium, Corynebacteriales, Actinobacteria, Actinobacteria, Bacteria",NA,3616948,68.39,0.6839,11.45,139,3523,106717,48,3,48,2,11,0,Uncurated genome,near complete,Bacteria,Actinobacteria,Actinobacteria,Corynebacteriales,Mycobacterium,unknown,unknown,1,1,188,188_0,1.724345644,1.730309991,1.722623496,1.728526948,1.722994781,1.73212289,1.723321307,1.730319943,0.103161584,0.103370079,0.087229508,0.134848011,0.047618503,96,A,A3-18,0.554890713,0.005417463,d__Bacteria,p__Actinobacteriota,c__Actinobacteria,o__Mycobacteriales,f__Mycobacteriaceae,g__Mycobacterium,s__
A1-18-all-fractions_metab_conc_26,A1-18-all-fractions_Actinobacteria_72_16,"Actinobacteria, Actinobacteria, Bacteria",NA,3833810,71.74,0.7174,15.98,226,4116,80455,47,3,49,5,13,2,Uncurated genome,near complete,Bacteria,Actinobacteria,Actinobacteria,unknown,unknown,unknown,unknown,1,NA,141,141_1,1.726661981,1.734413197,1.724453599,1.730521844,1.725314806,1.732786028,1.725476795,1.73257369,0.104563528,0.104696064,0.089574158,0.11427038,0.024696222,819,A,A1-18,1.53742538,0.01376676,d__Bacteria,p__Actinobacteriota,c__Thermoleophilia,o__Solirubrobacterales,f__Solirubrobacteraceae,g__,s__
A3-16-all-fractions_metab_17,A3-16-all-fractions_Actinobacteria_70_11,"Actinobacteria, Actinobacteria, Bacteria",NA,3416088,69.66,0.6966,11.22,459,3512,71999,23,3,25,3,9,1,Uncurated genome,partial,Bacteria,Actinobacteria,Actinobacteria,unknown,unknown,unknown,unknown,1,1,173,173_0,1.725290435,1.732685641,1.723446364,1.728836436,1.724174095,1.732942688,1.724303631,1.731488255,0.105439619,0.106058844,0.079607393,0.129451003,0.04984361,108,A,A3-16,0.791949564,0.00701682,d__Bacteria,p__Actinobacteriota,c__Actinobacteria,o__Propionibacteriales,f__Propionibacteriaceae,g__,s__
A3-16-all-fractions_metab_conc_35,A3-16-all-fractions_Solirubrobacterales_70_24,"Solirubrobacterales, Thermoleophilia, Actinobacteria, Bacteria",NA,2678259,69.76,0.6976,24.07,97,2766,119893,47,4,51,3,13,1,Uncurated genome,near complete,Bacteria,Actinobacteria,Thermoleophilia,Solirubrobacterales,unknown,unknown,unknown,1,NA,127,127_1,1.725464535,1.73289626,1.723556442,1.729281112,1.724134945,1.732511393,1.724385307,1.731562922,0.105463268,0.105950513,0.084543884,0.12366475,0.039120866,788,A,A3-16,2.12689122,0.01884465,d__Bacteria,p__Actinobacteriota,c__Thermoleophilia,o__Solirubrobacterales,f__Solirubrobacteraceae,g__,s__
A3-18-all-fractions_metab_conc_101,A3-18-all-fractions_Solirubrobacterales_70_23,"Solirubrobacterales, Thermoleophilia, Actinobacteria, Bacteria",NA,2592799,69.81,0.6981,22.77,70,2632,173259,42,1,48,1,13,1,Uncurated genome,near complete,Bacteria,Actinobacteria,Thermoleophilia,Solirubrobacterales,unknown,unknown,unknown,1,1,127,127_1,1.725483388,1.732911608,1.723590076,1.729306637,1.724162887,1.732525392,1.724412117,1.731581212,0.105552408,0.105823217,0.084422562,0.123457003,0.039034441,110,A,A3-18,0.879437397,0.008586051,d__Bacteria,p__Actinobacteriota,c__Thermoleophilia,o__Solirubrobacterales,f__Solirubrobacteraceae,g__,s__
A1-18-all-fractions_metab_conc_34,A1-18-all-fractions_Solirubrobacterales_70_16,"Solirubrobacterales, Thermoleophilia, Actinobacteria, Bacteria",NA,2626031,69.78,0.6978,15.94,75,2686,117739,44,0,48,1,12,2,Uncurated genome,near complete,Bacteria,Actinobacteria,Thermoleophilia,Solirubrobacterales,unknown,unknown,unknown,1,NA,127,127_1,1.725476094,1.732925459,1.723580418,1.729298204,1.724142656,1.732518899,1.724399723,1.731580854,0.105716208,0.10600159,0.084441087,0.123661224,0.039220137,787,A,A1-18,1.045687461,0.00936353,d__Bacteria,p__Actinobacteriota,c__Thermoleophilia,o__Solirubrobacterales,f__Solirubrobacteraceae,g__,s__
A2-18-all-fractions_metab_conc_18,A2-18-all-fractions_Solirubrobacterales_70_16,"Solirubrobacterales, Thermoleophilia, Actinobacteria, Bacteria",NA,2658844,69.79,0.6979,16.3,76,2738,283713,40,0,43,1,12,1,Uncurated genome,near complete,Bacteria,Actinobacteria,Thermoleophilia,Solirubrobacterales,unknown,unknown,unknown,1,NA,127,127_1,1.725470888,1.732868091,1.723569446,1.729314647,1.724158393,1.732500867,1.724399576,1.731561202,0.105748947,0.105713693,0.084846498,0.123161573,0.038315075,512,A,A2-18,0.807909448,0.007035852,d__Bacteria,p__Actinobacteriota,c__Thermoleophilia,o__Solirubrobacterales,f__Solirubrobacteraceae,g__,s__
A2-16-all-fractions_metab_62,A2-16-all-fractions_Solirubrobacterales_70_18,"Solirubrobacterales, Thermoleophilia, Actinobacteria, Bacteria",NA,2777842,69.73,0.6973,17.66,91,2898,181017,47,0,51,1,13,2,Uncurated genome,near complete,Bacteria,Actinobacteria,Thermoleophilia,Solirubrobacterales,unknown,unknown,unknown,1,NA,127,127_1,1.725437987,1.732887081,1.723533935,1.729273666,1.724110396,1.732503591,1.724360773,1.731554779,0.105943109,0.106193954,0.08476739,0.123913701,0.039146311,784,A,A2-16,1.6968857,0.012332398,d__Bacteria,p__Actinobacteriota,c__Thermoleophilia,o__Solirubrobacterales,f__Solirubrobacteraceae,g__,s__
A2-16-all-fractions_metab_conc_102,A2-16-all-fractions_Actinobacteria_72_17,"Actinobacteria, Actinobacteria, Bacteria",NA,3482970,71.85,0.7185,17.2,170,3692,97038,25,0,26,2,12,2,Uncurated genome,partial,Bacteria,Actinobacteria,Actinobacteria,unknown,unknown,unknown,unknown,1,NA,141,141_1,1.726728752,1.734637823,1.724515862,1.730628625,1.725399928,1.732948089,1.725548181,1.732738179,0.10595449,0.106065377,0.090228209,0.116593223,0.026365014,815,A,A2-16,1.606869438,0.01167819,d__Bacteria,p__Actinobacteriota,c__Thermoleophilia,o__Solirubrobacterales,f__Solirubrobacteraceae,g__,s__
A3-18-all-fractions_metab_conc_9,A3-18-all-fractions_Actinobacteria_72_16,"Actinobacteria, Actinobacteria, Bacteria",NA,3382767,71.78,0.7178,15.87,191,3638,70979,26,1,26,1,12,1,Uncurated genome,partial,Bacteria,Actinobacteria,Actinobacteria,unknown,unknown,unknown,unknown,1,NA,141,141_1,1.726694293,1.734637202,1.724483825,1.730595449,1.725361592,1.732960731,1.725513237,1.732731127,0.10627464,0.106478865,0.090212954,0.117094243,0.026881289,812,A,A3-18,1.074662796,0.010492059,d__Bacteria,p__Actinobacteriota,c__Thermoleophilia,o__Solirubrobacterales,f__Solirubrobacteraceae,g__,s__
A2-18-all-fractions_metab_conc_82,A2-18-all-fractions_Actinobacteria_72_20,"Actinobacteria, Actinobacteria, Bacteria",NA,3564550,71.8,0.718,19.58,175,3770,109476,39,0,42,1,12,2,Uncurated genome,near complete,Bacteria,Actinobacteria,Actinobacteria,unknown,unknown,unknown,unknown,1,1,141,141_1,1.72671025,1.734639134,1.72447468,1.730630363,1.725354963,1.732957144,1.725513297,1.732742214,0.106764396,0.106641542,0.090863815,0.116886444,0.026022629,33,A,A2-18,1.363475294,0.011874116,d__Bacteria,p__Actinobacteriota,c__Thermoleophilia,o__Solirubrobacterales,f__Solirubrobacteraceae,g__,s__
A1-16-all-fractions_metab_conc_85,A1-16-all-fractions_Burkholderiales_70_23,"Burkholderiales, Betaproteobacteria, Proteobacteria, Bacteria",NA,5781970,69.93,0.6993,22.66,601,6003,72055,50,3,48,3,13,1,Uncurated genome,near complete,Bacteria,Proteobacteria,Betaproteobacteria,Burkholderiales,unknown,unknown,unknown,1,NA,249,249_1,1.736378925,1.743130437,1.73562746,1.740569749,1.739001408,1.750346937,1.737002598,1.744682375,0.111863844,0.112539917,0.072481986,0.166066975,0.093584989,1465,A,A1-16,1.795271505,0.01950615,d__Bacteria,p__Proteobacteria,c__Gammaproteobacteria,o__Burkholderiales,f__Burkholderiaceae,g__,s__
A3-18-all-fractions_metab_conc_29,A3-18-all-fractions_Actinobacteria_69_17,"Actinobacteria, Actinobacteria, Bacteria",NA,2589214,68.87,0.6887,17.18,205,2922,78668,41,2,47,3,10,1,Uncurated genome,near complete,Bacteria,Actinobacteria,Actinobacteria,unknown,unknown,unknown,unknown,1,NA,110,110_1,1.723052016,1.746468912,1.729676031,1.729694329,1.71913376,1.71950603,1.723953935,1.731889757,0.115782613,0.117170241,0.000269271,0.345925069,0.345655797,1068,A,A3-18,0.001502121,1.47E-05,d__Bacteria,p__Actinobacteriota,c__Thermoleophilia,o__20CM-4-69-9,f__20CM-4-69-9,g__,s__
A3-18-all-fractions_conc_100,A3-18-all-fractions_Bacteria_63_8,Bacteria,NA,3202945,63.4,0.634,8.41,335,3306,35792,42,2,47,2,12,0,Uncurated genome,near complete,Bacteria,unknown,unknown,unknown,unknown,unknown,unknown,1,1,287,287_0,1.721025405,1.729373915,1.720412373,1.726049072,1.720270661,1.729883898,1.720569479,1.728435628,0.115944472,0.116359747,0.083388297,0.142228193,0.058839896,391,A,A3-18,0.316858859,0.00309353,d__Bacteria,p__Gemmatimonadota,c__Gemmatimonadetes,o__Gemmatimonadales,f__GWC2-71-9,g__,s__
A3-18-all-fractions_metab_conc_79,A3-18-all-fractions_Propionibacteriales_71_11,"Propionibacteriales, Actinobacteria, Actinobacteria, Bacteria",NA,3142145,70.82,0.7082,11.27,218,3197,60767,27,3,27,2,11,0,Uncurated genome,partial,Bacteria,Actinobacteria,Actinobacteria,Propionibacteriales,unknown,unknown,unknown,1,1,184,184_1,1.725912537,1.736957722,1.723948597,1.729348211,1.724791171,1.7324492,1.724884102,1.732918378,0.118081361,0.118563637,0.079726568,0.162899189,0.083172621,92,A,A3-18,0.168232686,0.001642475,d__Bacteria,p__Actinobacteriota,c__Actinobacteria,o__Propionibacteriales,f__Nocardioidaceae,g__Nocardioides,s__
A2-18-all-fractions_metab_conc_75,A2-18-all-fractions_Propionibacteriales_71_13,"Propionibacteriales, Actinobacteria, Actinobacteria, Bacteria",NA,3537183,70.69,0.7069,13.02,235,3583,80959,22,0,21,3,12,0,Uncurated genome,partial,Bacteria,Actinobacteria,Actinobacteria,Propionibacteriales,unknown,unknown,unknown,1,NA,184,184_1,1.725912605,1.736821991,1.723858037,1.729342175,1.724719228,1.73238931,1.724829956,1.732851158,0.118895375,0.118374178,0.08097868,0.160896035,0.079917355,538,A,A2-18,0.52810801,0.004599141,d__Bacteria,p__Actinobacteriota,c__Actinobacteria,o__Propionibacteriales,f__Nocardioidaceae,g__Nocardioides,s__
A3-18-all-fractions_metab_conc_43,A3-18-all-fractions_Burkholderiales_70_14,"Burkholderiales, Betaproteobacteria, Proteobacteria, Bacteria",NA,5540234,69.95,0.6995,14.2,428,5654,87736,48,16,49,12,12,1,Uncurated genome,megabin,Bacteria,Proteobacteria,Betaproteobacteria,Burkholderiales,unknown,unknown,unknown,1,1,249,249_1,1.725359381,1.73360428,1.723486246,1.72967384,1.723989322,1.73452983,1.724278316,1.73260265,0.122485377,0.122885529,0.091384512,0.155627236,0.064242724,310,A,A3-18,1.806376649,0.017635868,d__Bacteria,p__Proteobacteria,c__Gammaproteobacteria,o__Burkholderiales,f__Burkholderiaceae,g__,s__
A3-16-all-fractions_metab_conc_54,A3-16-all-fractions_Burkholderiales_70_28,"Burkholderiales, Betaproteobacteria, Proteobacteria, Bacteria",NA,5617591,69.95,0.6995,27.58,587,5846,66784,48,4,49,3,13,2,Uncurated genome,near complete,Bacteria,Proteobacteria,Betaproteobacteria,Burkholderiales,unknown,unknown,unknown,1,NA,249,249_1,1.725345175,1.733602445,1.723475547,1.72970945,1.723985652,1.734576451,1.724268791,1.732629449,0.122630135,0.123422422,0.092069015,0.156370092,0.064301077,1467,A,A3-16,2.140713279,0.018967116,d__Bacteria,p__Proteobacteria,c__Gammaproteobacteria,o__Burkholderiales,f__Burkholderiaceae,g__,s__
A1-18-all-fractions_metab_conc_7,A1-18-all-fractions_Burkholderiales_70_12,"Burkholderiales, Betaproteobacteria, Proteobacteria, Bacteria",NA,5535347,69.98,0.6998,12.46,519,5729,64142,49,5,49,5,13,1,Uncurated genome,near complete,Bacteria,Proteobacteria,Betaproteobacteria,Burkholderiales,unknown,unknown,unknown,1,NA,249,249_1,1.725364798,1.733604488,1.723489183,1.729709633,1.723997631,1.734599005,1.724283871,1.732637708,0.122830791,0.123320731,0.091869644,0.156525211,0.064655567,1468,A,A1-18,2.292318384,0.020526393,d__Bacteria,p__Proteobacteria,c__Gammaproteobacteria,o__Burkholderiales,f__Burkholderiaceae,g__,s__
A2-18-all-fractions_metab_conc_105,A2-18-all-fractions_Burkholderiales_70_14,"Burkholderiales, Betaproteobacteria, Proteobacteria, Bacteria",NA,5527024,70.01,0.7001,14.46,457,5643,71582,48,4,46,2,13,0,Uncurated genome,near complete,Bacteria,Proteobacteria,Betaproteobacteria,Burkholderiales,unknown,unknown,unknown,1,NA,249,249_1,1.72536856,1.733594986,1.723494347,1.729719678,1.724008157,1.734565315,1.724290354,1.732626659,0.123028855,0.123061497,0.091941499,0.155871493,0.063929994,1284,A,A2-18,1.650615717,0.01437474,d__Bacteria,p__Proteobacteria,c__Gammaproteobacteria,o__Burkholderiales,f__Burkholderiaceae,g__,s__
A2-16-all-fractions_metab_conc_70,A2-16-all-fractions_Burkholderiales_70_21,"Burkholderiales, Betaproteobacteria, Proteobacteria, Bacteria",NA,5669776,69.99,0.6999,20.9,579,5893,60812,46,4,46,2,13,2,Uncurated genome,near complete,Bacteria,Proteobacteria,Betaproteobacteria,Burkholderiales,unknown,unknown,unknown,1,NA,249,249_1,1.725346699,1.733617416,1.723489401,1.729713115,1.723995759,1.734598347,1.724277287,1.732642959,0.123059923,0.123495929,0.091917853,0.156543336,0.064625483,1466,A,A2-16,1.930569581,0.014030735,d__Bacteria,p__Proteobacteria,c__Gammaproteobacteria,o__Burkholderiales,f__Burkholderiaceae,g__,s__
A2-18-all-fractions_metab_conc_68,A2-18-all-fractions_Actinobacteria_70_15,"Actinobacteria, Actinobacteria, Bacteria",NA,3779428,69.54,0.6954,14.72,155,4019,159349,25,2,31,5,10,2,Uncurated genome,partial,Bacteria,Actinobacteria,Actinobacteria,unknown,unknown,unknown,unknown,1,1,147,147_1,1.725322798,1.735279954,1.723490537,1.729994477,1.724029846,1.732626414,1.72428106,1.732633615,0.123588269,0.123301126,0.096055753,0.146899641,0.050843889,30,A,A2-18,0.747044205,0.006505794,d__Bacteria,p__Actinobacteriota,c__Thermoleophilia,o__Solirubrobacterales,f__Thermoleophilaceae,g__,s__
A3-18-all-fractions_metab_61,A3-18-all-fractions_Actinobacteria_70_16,"Actinobacteria, Actinobacteria, Bacteria",NA,3939510,69.6,0.696,15.94,303,4310,73698,30,5,34,11,12,0,Uncurated genome,partial,Bacteria,Actinobacteria,Actinobacteria,unknown,unknown,unknown,unknown,1,NA,157,157_1,1.725456168,1.734649142,1.723579719,1.730033508,1.724045061,1.733786212,1.724360316,1.732822954,0.124547346,0.124920552,0.095310233,0.143819517,0.048509284,695,A,A3-18,0.790967626,0.00772231,d__Bacteria,p__Actinobacteriota,c__Thermoleophilia,o__Solirubrobacterales,f__Thermoleophilaceae,g__,s__
A2-18-all-fractions_metab_conc_111,A2-18-all-fractions_Actinobacteria_70_16,"Actinobacteria, Actinobacteria, Bacteria",NA,3101822,69.55,0.6955,16.34,146,3295,93904,15,1,18,2,10,3,Uncurated genome,partial,Bacteria,Actinobacteria,Actinobacteria,unknown,unknown,unknown,unknown,1,1,157,157_1,1.725397126,1.73476105,1.723580654,1.730188489,1.724047445,1.733913664,1.724341742,1.732954401,0.12726423,0.127136354,0.097585078,0.145665723,0.048080645,22,A,A2-18,1.032490521,0.008991664,d__Bacteria,p__Actinobacteriota,c__Thermoleophilia,o__Solirubrobacterales,f__Thermoleophilaceae,g__,s__
A3-18-all-fractions_metab_conc_49,A3-18-all-fractions_Solirubrobacterales_68_12,"Solirubrobacterales, Thermoleophilia, Actinobacteria, Bacteria",NA,2667142,67.94,0.6794,12.48,114,2663,90704,39,0,43,2,10,1,Uncurated genome,near complete,Bacteria,Actinobacteria,Thermoleophilia,Solirubrobacterales,unknown,unknown,unknown,1,1,161,161_0,1.72415865,1.733134507,1.722630374,1.729749489,1.723042817,1.7329659,1.72327728,1.731949965,0.127808683,0.128098193,0.105190968,0.146586899,0.041395931,90,A,A3-18,0.290328668,0.002834513,d__Bacteria,p__Actinobacteriota,c__Thermoleophilia,o__Solirubrobacterales,f__Solirubrobacteraceae,g__Palsa-465,s__
A2-16-all-fractions_metab_conc_8,A2-16-all-fractions_Actinobacteria_68_10,"Actinobacteria, Actinobacteria, Bacteria",NA,3914350,67.61,0.6761,9.58,318,4154,45992,49,17,48,18,11,3,Uncurated genome,megabin,Bacteria,Actinobacteria,Actinobacteria,unknown,unknown,unknown,unknown,1,NA,181,181_1,1.723020466,1.731697588,1.721665387,1.728332029,1.722019816,1.732850306,1.722235223,1.730959974,0.128531515,0.128944499,0.098559978,0.160085575,0.061525597,678,A,A2-16,0.966835832,0.00702664,d__Bacteria,p__Actinobacteriota,c__Acidimicrobiia,o__Microtrichales,f__UBA8139,g__,s__
A3-18-all-fractions_metab_conc_1,A3-18-all-fractions_Actinobacteria_68_11,"Actinobacteria, Actinobacteria, Bacteria",NA,4329876,67.53,0.6753,11.21,251,4583,87697,48,9,50,8,11,2,Uncurated genome,near complete,Bacteria,Actinobacteria,Actinobacteria,unknown,unknown,unknown,unknown,1,NA,181,181_1,1.722982442,1.731706217,1.721650962,1.728296221,1.721959453,1.732806918,1.722197619,1.730936452,0.128763177,0.129155275,0.098244564,0.160341895,0.062097332,677,A,A3-18,0.63013483,0.00615208,d__Bacteria,p__Actinobacteriota,c__Acidimicrobiia,o__Microtrichales,f__UBA8139,g__,s__
A2-18-all-fractions_metab_conc_49,A2-18-all-fractions_Actinobacteria_68_10,"Actinobacteria, Actinobacteria, Bacteria",NA,4246576,67.58,0.6758,9.85,223,4428,95902,47,0,50,3,12,1,Uncurated genome,near complete,Bacteria,Actinobacteria,Actinobacteria,unknown,unknown,unknown,unknown,1,1,181,181_1,1.723020695,1.731796693,1.721670036,1.728363731,1.722001132,1.73292886,1.722230621,1.731029761,0.130028197,0.130044188,0.098959613,0.161524518,0.062564905,27,A,A2-18,0.697014136,0.006070097,d__Bacteria,p__Actinobacteriota,c__Acidimicrobiia,o__Microtrichales,f__UBA8139,g__,s__
A3-18-all-fractions_metab_65,A3-18-all-fractions_Actinobacteria_69_21,"Actinobacteria, Actinobacteria, Bacteria",NA,3786181,69.33,0.6933,20.79,270,4101,82261,42,6,46,9,14,4,Uncurated genome,near complete,Bacteria,Actinobacteria,Actinobacteria,unknown,unknown,unknown,unknown,1,NA,156,156_1,1.7251874,1.735690012,1.723408844,1.729601662,1.723884636,1.733828441,1.724160294,1.733040039,0.130595245,0.131092276,0.091464856,0.154958455,0.063493599,689,A,A3-18,0.681055794,0.006649228,d__Bacteria,p__Actinobacteriota,c__Thermoleophilia,o__Solirubrobacterales,f__Thermoleophilaceae,g__,s__
A3-16-all-fractions_metab_conc_44,A3-16-all-fractions_Actinobacteria_69_17,"Actinobacteria, Actinobacteria, Bacteria",NA,3630224,69.38,0.6938,16.76,249,3924,77778,35,1,37,3,12,2,Uncurated genome,partial,Bacteria,Actinobacteria,Actinobacteria,unknown,unknown,unknown,unknown,1,1,156,156_1,1.725230309,1.735891909,1.723430789,1.72964327,1.723913269,1.733872593,1.724191456,1.733135924,0.131335014,0.132045525,0.091754183,0.157300439,0.065546256,89,A,A3-16,1.514228284,0.013416343,d__Bacteria,p__Actinobacteriota,c__Thermoleophilia,o__Solirubrobacterales,f__Thermoleophilaceae,g__,s__
A3-16-all-fractions_conc_105,A3-16-all-fractions_Gemmatimonadetes_64_12,"Gemmatimonadetes, Bacteria",NA,5580570,64.37,0.6437,11.89,320,5188,136343,42,2,44,0,12,0,Uncurated genome,near complete,Bacteria,Gemmatimonadetes,unknown,unknown,unknown,unknown,unknown,1,1,267,267_1,1.721962327,1.732608936,1.72078983,1.727194878,1.720977497,1.731100083,1.721243218,1.730301299,0.133237767,0.133941001,0.094735799,0.157364675,0.062628877,247,A,A3-16,1.134986813,0.010056193,d__Bacteria,p__Gemmatimonadota,c__Gemmatimonadetes,o__Gemmatimonadales,f__Gemmatimonadaceae,g__AG2,s__
A3-18-all-fractions_metab_conc_86,A3-18-all-fractions_Gemmatimonadetes_64_15,"Gemmatimonadetes, Bacteria",NA,5240931,64.44,0.6444,15.3,238,4824,162755,43,1,42,1,10,0,Uncurated genome,near complete,Bacteria,Gemmatimonadetes,unknown,unknown,unknown,unknown,unknown,1,NA,267,267_1,1.722008231,1.73267882,1.720805559,1.727208878,1.721018632,1.731124277,1.721277474,1.730337325,0.133473381,0.133964643,0.094709458,0.157715071,0.063005613,1251,A,A3-18,0.701930369,0.006853029,d__Bacteria,p__Gemmatimonadota,c__Gemmatimonadetes,o__Gemmatimonadales,f__Gemmatimonadaceae,g__AG2,s__
A2-18-all-fractions_metab_conc_83,A2-18-all-fractions_Gemmatimonadetes_61_11,"Gemmatimonadetes, Bacteria",NA,2702507,60.83,0.6083,11.15,353,2765,38931,36,0,30,1,10,1,Uncurated genome,partial,Bacteria,Gemmatimonadetes,unknown,unknown,unknown,unknown,unknown,1,1,279,279_2,1.719267841,1.727750859,1.718847912,1.72673483,1.718750753,1.729839269,1.718955502,1.728108319,0.135382569,0.135514251,0.116778981,0.164193263,0.047414283,234,A,A2-18,1.194616415,0.010403572,d__Bacteria,p__Gemmatimonadota,c__Gemmatimonadetes,o__Gemmatimonadales,f__Gemmatimonadaceae,g__UBA4720,s__
A2-16-all-fractions_metab_conc_58,A2-16-all-fractions_Gemmatimonadetes_61_10,"Gemmatimonadetes, Bacteria",NA,2516938,60.86,0.6086,10.01,313,2572,37523,45,1,43,2,11,2,Uncurated genome,near complete,Bacteria,Gemmatimonadetes,unknown,unknown,unknown,unknown,unknown,1,1,279,279_1,1.719177668,1.727816046,1.718853905,1.726752028,1.71877639,1.729891229,1.718935988,1.728153101,0.136124809,0.136467821,0.116944543,0.164580668,0.047636126,246,A,A2-16,0.990039401,0.007195276,d__Bacteria,p__Gemmatimonadota,c__Gemmatimonadetes,o__Gemmatimonadales,f__Gemmatimonadaceae,g__UBA4720,s__
A2-18-all-fractions_metab_conc_121,A2-18-all-fractions_Actinobacteria_67_8,"Actinobacteria, Actinobacteria, Bacteria",NA,3490494,67.21,0.6721,7.75,655,4026,26640,34,1,38,3,9,2,Uncurated genome,partial,Bacteria,Actinobacteria,Actinobacteria,unknown,unknown,unknown,unknown,1,1,183,183_0,1.72186378,1.731618918,1.720967933,1.728579698,1.720875783,1.732204722,1.721235832,1.730801113,0.141473339,0.14144799,0.112577614,0.1675634,0.054985787,24,A,A2-18,0.483957951,0.004214651,d__Bacteria,p__Actinobacteriota,c__Acidimicrobiia,o__IMCC26256,f__PALSA-610,g__PALSA-610,s__
A3-18-all-fractions_metab_conc_10,A3-18-all-fractions_Gemmatimonadetes_64_12,"Gemmatimonadetes, Bacteria",NA,6751113,63.5,0.635,11.82,532,6294,98583,33,6,31,5,13,3,Uncurated genome,partial,Bacteria,Gemmatimonadetes,unknown,unknown,unknown,unknown,unknown,1,NA,268,268_2,1.721453268,1.733337938,1.720311591,1.727317742,1.72043506,1.73151373,1.720733306,1.730723137,0.147208968,0.147760414,0.103653971,0.175713623,0.072059652,1245,A,A3-18,0.645157031,0.006298744,d__Bacteria,p__Gemmatimonadota,c__Gemmatimonadetes,o__Gemmatimonadales,f__Gemmatimonadaceae,g__AG2,s__
A2-16-all-fractions_metab_conc_50,A2-16-all-fractions_Gemmatimonadetes_63_11,"Gemmatimonadetes, Bacteria",NA,5990151,63.48,0.6348,10.67,514,5620,80688,30,1,29,0,13,0,Uncurated genome,partial,Bacteria,Gemmatimonadetes,unknown,unknown,unknown,unknown,unknown,1,NA,268,268_2,1.721405077,1.733508303,1.720304093,1.727330982,1.720426407,1.731547758,1.720711859,1.730795681,0.148836107,0.149152438,0.103961181,0.178949873,0.074988691,1244,A,A2-16,1.082702945,0.007868723,d__Bacteria,p__Gemmatimonadota,c__Gemmatimonadetes,o__Gemmatimonadales,f__Gemmatimonadaceae,g__AG2,s__
A2-18-all-fractions_metab_conc_61,A2-18-all-fractions_Gemmatimonadetes_63_11,"Gemmatimonadetes, Bacteria",NA,5014351,63.17,0.6317,11.32,316,4635,99417,47,5,47,3,14,1,Uncurated genome,near complete,Bacteria,Gemmatimonadetes,unknown,unknown,unknown,unknown,unknown,1,1,268,268_2,1.72118731,1.733737108,1.720192825,1.727320805,1.720262498,1.73153514,1.720547544,1.730864351,0.153012222,0.15261239,0.105463099,0.185575127,0.080112028,233,A,A2-18,1.302000394,0.011338749,d__Bacteria,p__Gemmatimonadota,c__Gemmatimonadetes,o__Gemmatimonadales,f__Gemmatimonadaceae,g__AG2,s__
A3-16-all-fractions_conc_61,A3-16-all-fractions_Catenulispora_acidiphila_72_13,"Catenulispora acidiphila, Catenulispora, Catenulisporales, Actinobacteria, Actinobacteria, Bacteria",NA,6257709,71.53,0.7153,13.33,899,6181,44907,33,2,35,7,10,4,Uncurated genome,partial,Bacteria,Actinobacteria,Actinobacteria,Catenulisporales,Catenulispora,Catenulisporaacidiphila,Bacteria,1,1,222,222_2,1.726133394,1.73925744,1.723842928,1.732372644,1.72528174,1.736272493,1.725086021,1.735967525,0.160079498,0.160563884,0.125952424,0.193536569,0.067584145,81,A,A3-16,0.955467645,0.00846562,d__Bacteria,p__Actinobacteriota,c__Actinobacteria,o__Streptomycetales,f__Catenulisporaceae,g__Catenulispora,s__
A1-16-all-fractions_metab_conc_51,A1-16-all-fractions_Terrabacter_sp__28_72_9,"Terrabacter sp. 28, Terrabacter, Micrococcales, Actinobacteria, Actinobacteria, Bacteria",NA,3156959,71.58,0.7158,8.79,357,3231,42302,27,3,28,5,8,2,Uncurated genome,partial,Bacteria,Actinobacteria,Actinobacteria,Micrococcales,Terrabacter,Terrabactersp.28,Bacteria,1,1,212,212_0,1.737471246,1.753342513,1.737263472,1.740999026,1.738329255,1.752749855,1.737687991,1.749030465,0.165304291,0.166152156,0.054734278,0.232521959,0.17778768,68,A,A1-16,0.526397143,0.005719459,d__Bacteria,p__Actinobacteriota,c__Actinobacteria,o__Actinomycetales,f__Dermatophilaceae,g__,s__
A3-18-all-fractions_metab_conc_38,A3-18-all-fractions_Sphingomodales_68_16,"Sphingomodales, Alphaproteobacteria, Proteobacteria, Bacteria",NA,3238418,68.26,0.6826,15.53,432,3480,34602,26,2,30,5,8,2,Uncurated genome,partial,Bacteria,Proteobacteria,Alphaproteobacteria,Sphingomounknowndales,unknown,unknown,unknown,1,1,232,232_0,1.724154185,1.737997192,1.722612421,1.73074585,1.723059271,1.735686066,1.723275292,1.734809703,0.169739767,0.170367794,0.120180184,0.204362451,0.084182267,306,A,A3-18,0.397038731,0.003876336,d__Bacteria,p__Proteobacteria,c__Alphaproteobacteria,o__Sphingomonadales,f__Sphingomonadaceae,g__Sphningosinicella,s__
A3-18-all-fractions_metab_72,A3-18-all-fractions_Gemmatimonadetes_69_12,"Gemmatimonadetes, Bacteria",NA,5798656,68.62,0.6862,12.11,991,5841,59668,21,2,23,8,8,2,Uncurated genome,partial,Bacteria,Gemmatimonadetes,unknown,unknown,unknown,unknown,unknown,1,1,289,289_2,1.724529863,1.73902573,1.722952437,1.730951749,1.72339624,1.735540416,1.72362618,1.735172632,0.169859028,0.170511947,0.11817584,0.213955193,0.095779353,241,A,A3-18,0.620572286,0.00605872,d__Bacteria,p__Gemmatimonadota,c__Gemmatimonadetes,o__Gemmatimonadales,f__Gemmatimonadaceae,g__AG11,s__
A3-16-all-fractions_metab_conc_22,A3-16-all-fractions_Actinobacteria_72_26,"Actinobacteria, Actinobacteria, Bacteria",NA,4231846,71.93,0.7193,26.39,562,4513,38188,27,2,33,4,10,2,Uncurated genome,partial,Bacteria,Actinobacteria,Actinobacteria,unknown,unknown,unknown,unknown,1,1,200,200_3,1.726610646,1.740833147,1.724507815,1.732869517,1.724990405,1.737126703,1.725369622,1.736943122,0.170017005,0.170747779,0.123424672,0.209678576,0.086253903,65,A,A3-16,1.955345189,0.01732472,d__Bacteria,p__Actinobacteriota,c__Actinobacteria,o__Mycobacteriales,f__Jatrophihabitantaceae,g__Jatrophihabitans,s__
A3-18-all-fractions_metab_conc_127,A3-18-all-fractions_Actinobacteria_72_17,"Actinobacteria, Actinobacteria, Bacteria",NA,4571789,71.88,0.7188,17.18,442,4812,46914,23,0,28,1,13,2,Uncurated genome,partial,Bacteria,Actinobacteria,Actinobacteria,unknown,unknown,unknown,unknown,1,1,200,200_2,1.726615038,1.740807992,1.724524834,1.732880594,1.7249704,1.737114795,1.72537009,1.736934461,0.170021687,0.170612887,0.123335652,0.209242266,0.085906614,66,A,A3-18,0.645032802,0.006297531,d__Bacteria,p__Actinobacteriota,c__Actinobacteria,o__Mycobacteriales,f__Jatrophihabitantaceae,g__Jatrophihabitans,s__
A2-16-all-fractions_metab_conc_73,A2-16-all-fractions_Actinobacteria_72_14,"Actinobacteria, Actinobacteria, Bacteria",NA,4479102,71.83,0.7183,14.48,500,4728,48909,38,2,46,4,12,0,Uncurated genome,near complete,Bacteria,Actinobacteria,Actinobacteria,unknown,unknown,unknown,unknown,1,1,200,200_1,1.726594558,1.74082652,1.724502925,1.732845496,1.72496171,1.737091501,1.725353064,1.736921172,0.170409792,0.170669593,0.123142448,0.209819664,0.086677216,67,A,A2-16,1.139548579,0.008281858,d__Bacteria,p__Actinobacteriota,c__Actinobacteria,o__Mycobacteriales,f__Jatrophihabitantaceae,g__Jatrophihabitans,s__
A2-18-all-fractions_conc_77,A2-18-all-fractions_Actinobacteria_72_21,"Actinobacteria, Actinobacteria, Bacteria",NA,5416081,71.5,0.715,20.74,782,5839,65363,32,3,38,1,12,2,Uncurated genome,partial,Bacteria,Actinobacteria,Actinobacteria,unknown,unknown,unknown,unknown,1,1,200,200_4,1.726453339,1.740749853,1.724362946,1.732743413,1.724784199,1.736967312,1.725200161,1.736820193,0.171927206,0.171449923,0.123711204,0.210787461,0.087076257,32,A,A2-18,1.128284623,0.009825908,d__Bacteria,p__Actinobacteriota,c__Actinobacteria,o__Mycobacteriales,f__Jatrophihabitantaceae,g__Jatrophihabitans,s__
A2-18-all-fractions_metab_conc_98,A2-18-all-fractions_Gemmatimonadetes_69_16,"Gemmatimonadetes, Bacteria",NA,5091287,68.55,0.6855,15.54,598,4905,71509,20,0,24,3,11,1,Uncurated genome,partial,Bacteria,Gemmatimonadetes,unknown,unknown,unknown,unknown,unknown,1,1,289,289_1,1.724492467,1.739131599,1.722926649,1.730939603,1.72337336,1.735620743,1.723597492,1.735230648,0.172333709,0.171795009,0.118379006,0.216074173,0.097695167,235,A,A2-18,1.405440529,0.012239579,d__Bacteria,p__Gemmatimonadota,c__Gemmatimonadetes,o__Gemmatimonadales,f__Gemmatimonadaceae,g__AG11,s__
A2-16-all-fractions_metab_conc_99,A2-16-all-fractions_Acidobacteriales_58_11,"Acidobacteriales, Acidobacteriia, Acidobacteria, Bacteria",NA,5194328,58.19,0.5819,10.6,753,4957,41948,33,2,30,1,9,1,Uncurated genome,partial,Bacteria,Acidobacteria,Acidobacteriia,Acidobacteriales,unknown,unknown,unknown,1,1,299,299_0,1.717750557,1.732017248,1.717716777,1.723916169,1.716353283,1.73102469,1.717273539,1.728986035,0.172853864,0.173574666,0.091848884,0.217541151,0.125692267,2,A,A2-16,1.19213491,0.008664038,d__Bacteria,p__Acidobacteriota,c__Acidobacteriae,o__Acidobacteriales,f__Acidobacteriaceae,g__KBS-89,s__
A1-16-all-fractions_metab_conc_40,A1-16-all-fractions_Propionibacteriales_72_18,"Propionibacteriales, Actinobacteria, Actinobacteria, Bacteria",NA,4042433,71.64,0.7164,17.56,69,3985,345080,28,1,28,1,13,1,Uncurated genome,partial,Bacteria,Actinobacteria,Actinobacteria,Propionibacteriales,unknown,unknown,unknown,1,1,211,211_0,1.737930015,1.760437627,1.740020277,1.756606198,1.748985679,1.746049024,1.74231199,1.754364283,0.178599644,0.176081678,-0.042740252,0.329660996,0.372401249,61,A,A1-16,1.187741657,0.01290516,d__Bacteria,p__Actinobacteriota,c__Actinobacteria,o__Propionibacteriales,f__Nocardioidaceae,g__Nocardioides,s__
A1-18-all-fractions_metab_conc_35,A1-18-all-fractions_Caulobacterales_71_11,"Caulobacterales, Alphaproteobacteria, Proteobacteria, Bacteria",NA,3403305,70.99,0.7099,10.64,547,3931,27784,38,0,40,2,12,1,Uncurated genome,partial,Bacteria,Proteobacteria,Alphaproteobacteria,Caulobacterales,unknown,unknown,unknown,1,1,244,244_0,1.725806713,1.740470429,1.723906138,1.731392044,1.724290808,1.738680023,1.724667886,1.736847498,0.179082628,0.179760322,0.110534171,0.21628069,0.105746518,303,A,A1-18,0.989971839,0.008864629,d__Bacteria,p__Proteobacteria,c__Alphaproteobacteria,o__Caulobacterales,f__Caulobacteraceae,g__Phenylobacterium,s__
A3-16-all-fractions_metab_maxb_64,A3-16-all-fractions_Arthrobacter_phenthrenivorans_66_18,"Arthrobacter phenthrenivorans, Arthrobacter, Micrococcales, Actinobacteria, Actinobacteria, Bacteria",NA,3915870,66.09,0.6609,18.21,563,4121,57015,24,1,26,1,12,0,Uncurated genome,partial,Bacteria,Actinobacteria,Actinobacteria,Micrococcales,Arthrobacter,Arthrobacterpheunknownnthrenivorans,Bacteria,1,1,27,27_2,1.721816096,1.736151177,1.72117712,1.728918464,1.720754742,1.737300106,1.72124932,1.734123249,0.188743096,0.190370198,0.114478107,0.244730977,0.13025287,53,A,A3-16,1.96617512,0.017420676,d__Bacteria,p__Actinobacteriota,c__Actinobacteria,o__Actinomycetales,f__Micrococcaceae,g__Pseudarthrobacter,s__
A1-16-all-fractions_metab_conc_31,A1-16-all-fractions_Burkholderia_63_10,"Burkholderia, Burkholderiales, Betaproteobacteria, Proteobacteria, Bacteria",NA,5609343,63.28,0.6328,10.03,334,5449,84639,24,2,24,2,12,1,Uncurated genome,partial,Bacteria,Proteobacteria,Betaproteobacteria,Burkholderiales,Burkholderia,unknown,unknown,1,1,255,255_0,1.727280736,1.74755537,1.728607929,1.729590634,1.724631847,1.743950949,1.72684017,1.740365651,0.197873971,0.199348288,0.014469005,0.298745973,0.284276967,302,A,A1-16,0.732962741,0.007963855,d__Bacteria,p__Proteobacteria,c__Gammaproteobacteria,o__Burkholderiales,f__Burkholderiaceae,g__Caballeronia,s__
A1-16-all-fractions_conc_68,A1-16-all-fractions_Arthrobacter_phenthrenivorans_65_36,"Arthrobacter phenthrenivorans, Arthrobacter, Micrococcales, Actinobacteria, Actinobacteria, Bacteria",NA,4714014,65.3,0.653,35.58,812,5168,61631,47,3,49,7,13,2,Uncurated genome,near complete,Bacteria,Actinobacteria,Actinobacteria,Micrococcales,Arthrobacter,Arthrobacterpheunknownnthrenivorans,Bacteria,1,1,27,27_1,1.728630148,1.741790375,1.729826284,1.733659805,1.725210711,1.749669327,1.727889048,1.741706502,0.201523883,0.203534606,0.056405503,0.360840926,0.304435423,54,A,A1-16,2.739464545,0.029765084,d__Bacteria,p__Actinobacteriota,c__Actinobacteria,o__Actinomycetales,f__Micrococcaceae,g__Pseudarthrobacter,s__
A3-18-all-fractions_metab_conc_130,A3-18-all-fractions_Sphingomodales_65_15,"Sphingomodales, Alphaproteobacteria, Proteobacteria, Bacteria",NA,2458796,64.97,0.6497,14.92,169,2653,64860,31,1,32,3,11,1,Uncurated genome,partial,Bacteria,Proteobacteria,Alphaproteobacteria,Sphingomounknowndales,unknown,unknown,unknown,1,NA,235,235_1,1.721936939,1.738576218,1.720964749,1.731372099,1.721009866,1.736481827,1.721303851,1.735476715,0.208872467,0.209567455,0.153918904,0.245946726,0.092027821,1400,A,A3-18,1.004661643,0.00980863,d__Bacteria,p__Proteobacteria,c__Alphaproteobacteria,o__Sphingomonadales,f__Sphingomonadaceae,g__Sphingomonas_A,s__
A3-16-all-fractions_metab_conc_41,A3-16-all-fractions_Caulobacterales_70_23,"Caulobacterales, Alphaproteobacteria, Proteobacteria, Bacteria",NA,3532642,69.96,0.6996,23.02,448,3957,97864,45,3,44,3,11,2,Uncurated genome,near complete,Bacteria,Proteobacteria,Alphaproteobacteria,Caulobacterales,unknown,unknown,unknown,1,NA,243,243_1,1.725042615,1.743021423,1.723241565,1.732916881,1.72367503,1.738746102,1.723986403,1.738228135,0.209231268,0.210275025,0.142914976,0.265289333,0.122374357,1409,A,A3-16,1.765715246,0.015644564,d__Bacteria,p__Proteobacteria,c__Alphaproteobacteria,o__Caulobacterales,f__Caulobacteraceae,g__Phenylobacterium,s__
A3-18-all-fractions_metab_conc_82,A3-18-all-fractions_Caulobacterales_70_28,"Caulobacterales, Alphaproteobacteria, Proteobacteria, Bacteria",NA,3476056,69.96,0.6996,27.94,474,3912,88695,49,3,48,4,10,1,Uncurated genome,near complete,Bacteria,Proteobacteria,Alphaproteobacteria,Caulobacterales,unknown,unknown,unknown,1,NA,243,243_1,1.725036094,1.743030836,1.723243154,1.732912408,1.723680306,1.738765701,1.723986518,1.738236315,0.209550147,0.210394086,0.142825289,0.265525459,0.12270017,1410,A,A3-18,1.522451905,0.014863877,d__Bacteria,p__Proteobacteria,c__Alphaproteobacteria,o__Caulobacterales,f__Caulobacteraceae,g__Phenylobacterium,s__
A2-16-all-fractions_metab_conc_100,A2-16-all-fractions_Sphingomodales_65_26,"Sphingomodales, Alphaproteobacteria, Proteobacteria, Bacteria",NA,2458447,64.9,0.649,26.37,129,2633,125942,51,1,51,2,13,0,Uncurated genome,near complete,Bacteria,Proteobacteria,Alphaproteobacteria,Sphingomounknowndales,unknown,unknown,unknown,1,1,235,235_1,1.721882832,1.738594854,1.720951356,1.73138903,1.720973986,1.736471877,1.721269391,1.735485254,0.20981686,0.210207242,0.154368416,0.247029437,0.092661021,293,A,A2-16,2.845315039,0.020678799,d__Bacteria,p__Proteobacteria,c__Alphaproteobacteria,o__Sphingomonadales,f__Sphingomonadaceae,g__Sphingomonas_A,s__
A2-16-all-fractions_metab_conc_72,A2-16-all-fractions_Caulobacterales_70_34,"Caulobacterales, Alphaproteobacteria, Proteobacteria, Bacteria",NA,3504553,69.9,0.699,33.9,476,3923,54227,49,2,49,3,10,3,Uncurated genome,near complete,Bacteria,Proteobacteria,Alphaproteobacteria,Caulobacterales,unknown,unknown,unknown,1,NA,243,243_1,1.725002082,1.742997981,1.723217367,1.732899676,1.723644555,1.738735095,1.723954668,1.738210917,0.210120058,0.210493014,0.14302011,0.265547467,0.122527357,1408,A,A2-16,3.093928363,0.022485637,d__Bacteria,p__Proteobacteria,c__Alphaproteobacteria,o__Caulobacterales,f__Caulobacteraceae,g__Phenylobacterium,s__
A1-18-all-fractions_metab_conc_18,A1-18-all-fractions_Caulobacterales_70_21,"Caulobacterales, Alphaproteobacteria, Proteobacteria, Bacteria",NA,3579377,69.96,0.6996,21.44,491,4010,84946,52,3,51,2,11,1,Uncurated genome,near complete,Bacteria,Proteobacteria,Alphaproteobacteria,Caulobacterales,unknown,unknown,unknown,1,1,243,243_1,1.725035618,1.743077611,1.723242632,1.732930447,1.7236797,1.738813574,1.723985983,1.738273877,0.210485463,0.210956622,0.143099493,0.26622272,0.123123228,297,A,A1-18,2.700845763,0.024184521,d__Bacteria,p__Proteobacteria,c__Alphaproteobacteria,o__Caulobacterales,f__Caulobacteraceae,g__Phenylobacterium,s__
A2-18-all-fractions_maxb_conc_17,A2-18-all-fractions_Caulobacterales_70_17,"Caulobacterales, Alphaproteobacteria, Proteobacteria, Bacteria",NA,3334587,70.04,0.7004,17.02,343,3665,99919,25,3,23,4,9,0,Uncurated genome,partial,Bacteria,Proteobacteria,Alphaproteobacteria,Caulobacterales,unknown,unknown,unknown,1,NA,243,243_1,1.725081315,1.743021793,1.723278125,1.732956347,1.723720964,1.738750159,1.724026801,1.738242767,0.210555901,0.209889908,0.142955022,0.264718114,0.121763093,1295,A,A2-18,1.067732049,0.009298573,d__Bacteria,p__Proteobacteria,c__Alphaproteobacteria,o__Caulobacterales,f__Caulobacteraceae,g__Phenylobacterium,s__
A2-18-all-fractions_metab_conc_127,A2-18-all-fractions_Sphingomodales_65_15,"Sphingomodales, Alphaproteobacteria, Proteobacteria, Bacteria",NA,2400277,64.95,0.6495,15.31,121,2552,120275,35,4,34,3,11,0,Uncurated genome,partial,Bacteria,Proteobacteria,Alphaproteobacteria,Sphingomounknowndales,unknown,unknown,unknown,1,NA,235,235_1,1.721899029,1.73859841,1.720959534,1.731398574,1.72097767,1.736504303,1.721278744,1.735500429,0.210734639,0.210292348,0.154387993,0.246840449,0.092452456,1286,A,A2-18,2.174708406,0.018938913,d__Bacteria,p__Proteobacteria,c__Alphaproteobacteria,o__Sphingomonadales,f__Sphingomonadaceae,g__Sphingomonas_A,s__
A2-16-all-fractions_metab_conc_27,A2-16-all-fractions_Massilia_sp__JS1662_67_13,"Massilia sp. JS1662, Massilia, Burkholderiales, Betaproteobacteria, Proteobacteria, Bacteria",NA,5743775,66.85,0.6685,13.27,953,5817,51469,32,4,35,7,9,3,Uncurated genome,partial,Bacteria,Proteobacteria,Betaproteobacteria,Burkholderiales,Massilia,Massiliasp.JS1662,Bacteria,1,1,258,258_0,1.723202038,1.738638347,1.721720968,1.732706638,1.721926306,1.738966685,1.722283104,1.736770557,0.21354747,0.214103816,0.162405496,0.251884584,0.089479087,294,A,A2-16,1.164252866,0.008461401,d__Bacteria,p__Proteobacteria,c__Gammaproteobacteria,o__Burkholderiales,f__Burkholderiaceae,g__Massilia,s__
A1-16-all-fractions_metab_conc_44,A1-16-all-fractions_Myxococcales_72_10,"Myxococcales, Deltaproteobacteria, Proteobacteria, Bacteria",NA,5689809,71.7,0.717,9.51,491,5543,73964,33,1,36,3,9,0,Uncurated genome,partial,Bacteria,Proteobacteria,Deltaproteobacteria,Myxococcales,unknown,unknown,unknown,1,1,297,297_0,1.738008518,1.756408818,1.737248517,1.745928888,1.74048261,1.759229068,1.738579881,1.753855591,0.222798895,0.22365449,0.127188318,0.274170292,0.146981974,295,A,A1-16,0.638058908,0.006932697,d__Bacteria,p__Myxococcota,c__Myxococcia,o__Myxococcales,f__,g__,s__
A1-16-all-fractions_metab_conc_20,A1-16-all-fractions_Caulobacterales_70_38,"Caulobacterales, Alphaproteobacteria, Proteobacteria, Bacteria",NA,3557714,69.91,0.6991,38.1,531,4007,60062,52,2,51,2,10,2,Uncurated genome,near complete,Bacteria,Proteobacteria,Alphaproteobacteria,Caulobacterales,unknown,unknown,unknown,1,NA,243,243_1,1.735199709,1.754766215,1.73514076,1.744423801,1.735418146,1.752312811,1.735252872,1.750500942,0.223116622,0.22367139,0.136180161,0.287026587,0.150846426,1403,A,A1-16,2.4392951,0.026503655,d__Bacteria,p__Proteobacteria,c__Alphaproteobacteria,o__Caulobacterales,f__Caulobacteraceae,g__Phenylobacterium,s__
A3-16-all-fractions_maxb_98,A3-16-all-fractions_Elusimicrobia_70_26,"Elusimicrobia, Elusimicrobia, Bacteria",NA,3921320,70.18,0.7018,25.73,152,3704,162970,24,1,27,0,8,0,Uncurated genome,partial,Bacteria,Elusimicrobia,Elusimicrobia,unknown,unknown,unknown,unknown,1,NA,275,275_1,1.725194631,1.741802624,1.723450189,1.73521845,1.723752002,1.741338084,1.724132274,1.739453053,0.225107829,0.226188463,0.173809593,0.25968957,0.085879978,1207,A,A3-16,2.216957579,0.019642655,d__Bacteria,p__Elusimicrobiota,c__Elusimicrobia,o__UBA1565,f__UBA9628,g__PALSA-1176,s__
A3-18-all-fractions_metab_conc_133,A3-18-all-fractions_Myxococcales_66_10,"Myxococcales, Deltaproteobacteria, Proteobacteria, Bacteria",NA,6209803,66.3,0.663,10.34,455,5673,62837,50,0,50,3,13,0,Uncurated genome,near complete,Bacteria,Proteobacteria,Deltaproteobacteria,Myxococcales,unknown,unknown,unknown,1,1,296,296_1,1.722384011,1.740538582,1.721201831,1.732119135,1.721203796,1.738208264,1.721596546,1.736955327,0.226248762,0.227069305,0.16144205,0.268280485,0.106838435,288,A,A3-18,0.68143403,0.006652921,d__Bacteria,p__Myxococcota,c__Myxococcia,o__Myxococcales,f__Myxococcaceae,g__,s__
A3-16-all-fractions_metab_94,A3-16-all-fractions_Burkholderiales_63_10,"Burkholderiales, Betaproteobacteria, Proteobacteria, Bacteria",NA,5567515,63.26,0.6326,10.09,696,5579,58881,25,5,27,8,13,3,Uncurated genome,partial,Bacteria,Proteobacteria,Betaproteobacteria,Burkholderiales,unknown,unknown,unknown,1,1,252,252_1,1.7208303,1.738062206,1.720311398,1.730448433,1.71966684,1.738893181,1.720269513,1.735801273,0.228109511,0.229792594,0.149973913,0.284553649,0.134579736,274,A,A3-16,0.997100149,0.008834492,d__Bacteria,p__Proteobacteria,c__Gammaproteobacteria,o__Burkholderiales,f__Burkholderiaceae,g__Herminiimonas,s__
A3-18-all-fractions_metab_conc_140,A3-18-all-fractions_Deltaproteobacteria_69_10,"Deltaproteobacteria, Proteobacteria, Bacteria",NA,7379846,69.1,0.691,10.08,609,7098,89852,24,0,23,4,12,1,Uncurated genome,partial,Bacteria,Proteobacteria,Deltaproteobacteria,unknown,unknown,unknown,unknown,1,1,63,63_2,1.724156761,1.741388264,1.722663745,1.73515412,1.722942233,1.739694407,1.723254246,1.738745597,0.228264495,0.228819282,0.184555795,0.254389447,0.069833653,284,A,A3-18,0.46603565,0.004549961,d__Bacteria,p__Myxococcota,c__Polyangia,o__Haliangiales,f__Haliangiaceae,g__,s__
A2-16-all-fractions_conc_9,A2-16-all-fractions_Elusimicrobia_70_35,"Elusimicrobia, Elusimicrobia, Bacteria",NA,4418320,69.96,0.6996,34.54,423,4646,73772,49,1,49,2,13,0,Uncurated genome,near complete,Bacteria,Elusimicrobia,Elusimicrobia,unknown,unknown,unknown,unknown,1,NA,275,275_1,1.725075428,1.742087993,1.723367105,1.735158928,1.723656999,1.741426501,1.724033177,1.739557808,0.228684938,0.22921039,0.174165371,0.26241162,0.088246249,1206,A,A2-16,3.51711589,0.025561223,d__Bacteria,p__Elusimicrobiota,c__Elusimicrobia,o__UBA1565,f__UBA9628,g__PALSA-1176,s__
A3-18-all-fractions_metab_conc_20,A3-18-all-fractions_Elusimicrobia_70_10,"Elusimicrobia, Elusimicrobia, Bacteria",NA,3690443,70,0.7,10.48,362,3775,49520,43,1,44,1,12,0,Uncurated genome,near complete,Bacteria,Elusimicrobia,Elusimicrobia,unknown,unknown,unknown,unknown,1,NA,275,275_1,1.725153779,1.742353609,1.723405124,1.735307748,1.723706153,1.741634452,1.724088352,1.73976527,0.230751167,0.231451582,0.175798161,0.264749325,0.088951164,1204,A,A3-18,0.741503782,0.007239389,d__Bacteria,p__Elusimicrobiota,c__Elusimicrobia,o__UBA1565,f__UBA9628,g__PALSA-1176,s__
A2-18-all-fractions_metab_90,A2-18-all-fractions_Elusimicrobia_70_8,"Elusimicrobia, Elusimicrobia, Bacteria",NA,3370750,70.05,0.7005,7.52,666,3721,24661,49,1,49,1,13,0,Uncurated genome,near complete,Bacteria,Elusimicrobia,Elusimicrobia,unknown,unknown,unknown,unknown,1,1,275,275_1,1.725158836,1.742328253,1.72342545,1.73538281,1.723722903,1.741622348,1.724102396,1.739777804,0.231683988,0.231427592,0.17660467,0.264320877,0.087716207,232,A,A2-18,0.793474928,0.006910146,d__Bacteria,p__Elusimicrobiota,c__Elusimicrobia,o__UBA1565,f__UBA9628,g__PALSA-1176,s__
A2-16-all-fractions_metab_conc_2,A2-16-all-fractions_Sphingomodales_61_8,"Sphingomodales, Alphaproteobacteria, Proteobacteria, Bacteria",NA,1951083,60.71,0.6071,8.38,181,2073,33899,25,0,25,1,10,0,Uncurated genome,partial,Bacteria,Proteobacteria,Alphaproteobacteria,Sphingomounknowndales,unknown,unknown,unknown,1,1,241,241_2,1.718830212,1.739977771,1.718851712,1.728981396,1.717959652,1.734860131,1.718547192,1.734606433,0.237382519,0.237824998,0.149986255,0.313127503,0.163141248,287,A,A2-16,0.969574262,0.007046542,d__Bacteria,p__Proteobacteria,c__Alphaproteobacteria,o__Sphingomonadales,f__Sphingomonadaceae,g__Sphingomonas_A,s__
A1-18-all-fractions_metab_conc_42,A1-18-all-fractions_Sphingomodales_61_10,"Sphingomodales, Alphaproteobacteria, Proteobacteria, Bacteria",NA,2980871,60.57,0.6057,10.27,274,3203,55530,36,4,37,1,12,1,Uncurated genome,partial,Bacteria,Proteobacteria,Alphaproteobacteria,Sphingomounknowndales,unknown,unknown,unknown,1,1,241,241_1,1.718752328,1.739878355,1.718793661,1.728934346,1.717846066,1.734867794,1.718464018,1.734560165,0.237804307,0.238382558,0.150153882,0.312822163,0.162668281,286,A,A1-18,2.37517165,0.021268296,d__Bacteria,p__Proteobacteria,c__Alphaproteobacteria,o__Sphingomonadales,f__Sphingomonadaceae,g__Sphingomonas_A,s__
A1-18-all-fractions_metab_conc_57,A1-18-all-fractions_Sphingomodales_65_17,"Sphingomodales, Alphaproteobacteria, Proteobacteria, Bacteria",NA,2782643,64.88,0.6488,16.95,162,2942,111913,49,3,49,2,11,0,Uncurated genome,near complete,Bacteria,Proteobacteria,Alphaproteobacteria,Sphingomounknowndales,unknown,unknown,unknown,1,1,234,234_1,1.721766912,1.74232122,1.720963777,1.731115978,1.720785333,1.738789353,1.721172007,1.73740885,0.239389976,0.240104609,0.150145276,0.303844712,0.153699437,281,A,A1-18,2.861611564,0.025624086,d__Bacteria,p__Proteobacteria,c__Alphaproteobacteria,o__Sphingomonadales,f__Sphingomonadaceae,g__Sphingomonas_A,s__
A3-16-all-fractions_metab_conc_113,A3-16-all-fractions_Sphingomodales_65_19,"Sphingomodales, Alphaproteobacteria, Proteobacteria, Bacteria",NA,2838088,64.81,0.6481,18.72,191,2999,73210,37,3,37,1,10,0,Uncurated genome,partial,Bacteria,Proteobacteria,Alphaproteobacteria,Sphingomounknowndales,unknown,unknown,unknown,1,NA,234,234_1,1.721741102,1.742309623,1.72097435,1.731251132,1.720758553,1.738805936,1.721158001,1.737455564,0.23952085,0.241004185,0.151986653,0.304059024,0.152072371,1351,A,A3-16,1.917948728,0.016993381,d__Bacteria,p__Proteobacteria,c__Alphaproteobacteria,o__Sphingomonadales,f__Sphingomonadaceae,g__Sphingomonas_A,s__
A3-18-all-fractions_metab_conc_87,A3-18-all-fractions_Sphingomodales_65_14,"Sphingomodales, Alphaproteobacteria, Proteobacteria, Bacteria",NA,2730979,64.87,0.6487,13.92,162,2876,83641,38,2,39,3,10,1,Uncurated genome,partial,Bacteria,Proteobacteria,Alphaproteobacteria,Sphingomounknowndales,unknown,unknown,unknown,1,NA,234,234_1,1.721767485,1.742317262,1.720995296,1.731245397,1.720790699,1.738812287,1.721184493,1.737458315,0.239539889,0.240649659,0.151590359,0.303777582,0.152187222,1352,A,A3-18,1.403239782,0.013699995,d__Bacteria,p__Proteobacteria,c__Alphaproteobacteria,o__Sphingomonadales,f__Sphingomonadaceae,g__Sphingomonas_A,s__
A2-16-all-fractions_metab_conc_95,A2-16-all-fractions_Deltaproteobacteria_69_9,"Deltaproteobacteria, Proteobacteria, Bacteria",NA,7129378,69.17,0.6917,8.88,1093,7279,33085,36,7,39,8,10,1,Uncurated genome,partial,Bacteria,Proteobacteria,Deltaproteobacteria,unknown,unknown,unknown,unknown,1,NA,63,63_1,1.724217564,1.742309939,1.722658244,1.735605967,1.722953538,1.740791722,1.723276449,1.739569209,0.240249073,0.240653901,0.191314315,0.267089423,0.075775107,1353,A,A2-16,0.742505603,0.005396283,d__Bacteria,p__Myxococcota,c__Polyangia,o__Haliangiales,f__Haliangiaceae,g__,s__
A2-18-all-fractions_conc_14,A2-18-all-fractions_Deltaproteobacteria_69_14,"Deltaproteobacteria, Proteobacteria, Bacteria",NA,8228005,69,0.69,13.75,193,7431,323421,51,2,51,4,11,1,Uncurated genome,near complete,Bacteria,Proteobacteria,Deltaproteobacteria,unknown,unknown,unknown,unknown,1,1,63,63_1,1.724129457,1.742228675,1.722582565,1.735523632,1.722849289,1.740748876,1.723187104,1.739500395,0.241281951,0.240968965,0.191223833,0.267203364,0.075979531,257,A,A2-18,0.825702129,0.007190803,d__Bacteria,p__Myxococcota,c__Polyangia,o__Haliangiales,f__Haliangiaceae,g__,s__
A3-16-all-fractions_metab_conc_15,A3-16-all-fractions_Massilia_sp__JS1662_66_17,"Massilia sp. JS1662, Massilia, Burkholderiales, Betaproteobacteria, Proteobacteria, Bacteria",NA,6448865,66.02,0.6602,16.5,265,5733,140335,23,0,22,2,8,3,Uncurated genome,partial,Bacteria,Proteobacteria,Betaproteobacteria,Burkholderiales,Massilia,Massiliasp.JS1662,Bacteria,1,1,256,256_0,1.722275773,1.737503748,1.721369725,1.735761165,1.721183004,1.741656948,1.721609501,1.738307287,0.245776887,0.246862625,0.212794882,0.30276492,0.089970038,278,A,A3-16,1.665320893,0.014755051,d__Bacteria,p__Proteobacteria,c__Gammaproteobacteria,o__Burkholderiales,f__Burkholderiaceae,g__Massilia,s__
A1-16-all-fractions_maxb_61,A1-16-all-fractions_Bacteria_51_7,Bacteria,NA,3732151,51.16,0.5116,6.89,672,4083,31704,44,2,48,2,10,1,Uncurated genome,near complete,Bacteria,unknown,unknown,unknown,unknown,unknown,unknown,1,NA,15,15_1,1.721846004,1.73997382,1.719391963,1.727776591,1.715984682,1.739999713,1.719074216,1.735916708,0.247839981,0.249309529,0.124089795,0.356120451,0.232030656,1730,A,A1-16,0.540182318,0.005869239,d__Bacteria,p__Bdellovibrionota,c__Bacteriovoracia,o__UBA1018,f__UBA1018,g__,s__
A1-18-all-fractions_metab_conc_64,A1-18-all-fractions_Burkholderiales_71_12,"Burkholderiales, Betaproteobacteria, Proteobacteria, Bacteria",NA,5886940,70.76,0.7076,11.59,1025,6057,44527,20,4,21,8,7,3,Uncurated genome,partial,Bacteria,Proteobacteria,Betaproteobacteria,Burkholderiales,unknown,unknown,unknown,1,1,246,246_2,1.725460018,1.744352389,1.723676449,1.73660643,1.723980382,1.742811857,1.724372283,1.741256892,0.248660497,0.249243719,0.190944164,0.278705684,0.08776152,276,A,A1-18,2.175670238,0.019481876,d__Bacteria,p__Proteobacteria,c__Gammaproteobacteria,o__Burkholderiales,f__Burkholderiaceae,g__Vitreoscilla_A,s__
A2-16-all-fractions_metab_conc_76,A2-16-all-fractions_Burkholderiales_71_36,"Burkholderiales, Betaproteobacteria, Proteobacteria, Bacteria",NA,6461693,70.56,0.7056,35.9,497,6100,89647,42,7,42,6,12,1,Uncurated genome,near complete,Bacteria,Proteobacteria,Betaproteobacteria,Burkholderiales,unknown,unknown,unknown,1,NA,246,246_1,1.725360243,1.744284754,1.723586847,1.736534241,1.723868524,1.742703714,1.724271872,1.741174236,0.24902583,0.249519574,0.19121065,0.279195082,0.087984432,1342,A,A2-16,3.394368978,0.024669139,d__Bacteria,p__Proteobacteria,c__Gammaproteobacteria,o__Burkholderiales,f__Burkholderiaceae,g__Vitreoscilla_A,s__
A3-16-all-fractions_maxb_87,A3-16-all-fractions_Bacteria_53_7,Bacteria,NA,3269326,52.53,0.5253,6.69,730,3652,25374,36,1,37,1,8,2,Uncurated genome,partial,Bacteria,unknown,unknown,unknown,unknown,unknown,unknown,1,1,17,17_2,1.715945969,1.735211773,1.715355631,1.724869063,1.712795981,1.735157907,1.714699194,1.731746247,0.250610825,0.252986961,0.141130145,0.332231129,0.191100984,374,A,A3-16,0.412002941,0.003650422,d__Bacteria,p__Bdellovibrionota,c__Bacteriovoracia,o__UBA1018,f__UBA1018,g__,s__
A1-18-all-fractions_conc_50,A1-18-all-fractions_Burkholderia_graminis_63_7,"Burkholderia graminis, Burkholderia, Burkholderiales, Betaproteobacteria, Proteobacteria, Bacteria",NA,5546311,63.28,0.6328,6.52,2092,6510,11079,41,6,44,10,12,3,Uncurated genome,near complete,Bacteria,Proteobacteria,Betaproteobacteria,Burkholderiales,Burkholderia,Burkholderiagraminis,Bacteria,1,1,254,254_6,1.720504208,1.742114655,1.720219662,1.730367844,1.719664077,1.738949076,1.720129316,1.737143858,0.250906204,0.251750977,0.150146886,0.319683329,0.169536443,272,A,A1-18,1.441753606,0.012910074,d__Bacteria,p__Proteobacteria,c__Gammaproteobacteria,o__Burkholderiales,f__Burkholderiaceae,g__Paraburkholderia,s__Paraburkholderia graminis
A3-18-all-fractions_conc_47,A3-18-all-fractions_Burkholderia_graminis_63_8,"Burkholderia graminis, Burkholderia, Burkholderiales, Betaproteobacteria, Proteobacteria, Bacteria",NA,5614995,63.25,0.6325,7.78,1225,5953,26974,43,2,47,6,12,1,Uncurated genome,near complete,Bacteria,Proteobacteria,Betaproteobacteria,Burkholderiales,Burkholderia,Burkholderiagraminis,Bacteria,1,1,254,254_5,1.720535298,1.742194692,1.720207585,1.730471369,1.719646149,1.738956344,1.720129677,1.737207468,0.251431732,0.252686631,0.151858254,0.32040145,0.168543196,270,A,A3-18,2.148903454,0.020979997,d__Bacteria,p__Proteobacteria,c__Gammaproteobacteria,o__Burkholderiales,f__Burkholderiaceae,g__Paraburkholderia,s__Paraburkholderia graminis
A2-18-all-fractions_metab_conc_25,A2-18-all-fractions_Burkholderiales_71_16,"Burkholderiales, Betaproteobacteria, Proteobacteria, Bacteria",NA,7203094,70.54,0.7054,16.15,714,7009,70288,25,4,25,7,10,0,Uncurated genome,partial,Bacteria,Proteobacteria,Betaproteobacteria,Burkholderiales,unknown,unknown,unknown,1,NA,246,246_1,1.725322986,1.744345338,1.723600289,1.73656399,1.723853327,1.742933279,1.724258868,1.741280869,0.251636054,0.251287522,0.191449935,0.281734298,0.090284363,1298,A,A2-18,1.362939251,0.011869448,d__Bacteria,p__Proteobacteria,c__Gammaproteobacteria,o__Burkholderiales,f__Burkholderiaceae,g__Vitreoscilla_A,s__
A2-16-all-fractions_metab_conc_44,A2-16-all-fractions_Burkholderia_graminis_63_13,"Burkholderia graminis, Burkholderia, Burkholderiales, Betaproteobacteria, Proteobacteria, Bacteria",NA,6750721,63.28,0.6328,13.41,564,6440,129653,20,2,23,2,12,1,Uncurated genome,partial,Bacteria,Proteobacteria,Betaproteobacteria,Burkholderiales,Burkholderia,Burkholderiagraminis,Bacteria,1,1,254,254_1,1.720581771,1.742303525,1.7202438,1.73057122,1.719686028,1.739091638,1.720170533,1.737322128,0.253079248,0.253772746,0.152796651,0.321315415,0.168518764,268,A,A2-16,1.408253101,0.010234713,d__Bacteria,p__Proteobacteria,c__Gammaproteobacteria,o__Burkholderiales,f__Burkholderiaceae,g__Paraburkholderia,s__Paraburkholderia graminis
A3-18-all-fractions_metab_conc_92,A3-18-all-fractions_Burkholderiales_69_34,"Burkholderiales, Betaproteobacteria, Proteobacteria, Bacteria",NA,6689467,68.95,0.6895,34.31,785,6681,67541,42,13,42,14,13,3,Uncurated genome,megabin,Bacteria,Proteobacteria,Betaproteobacteria,Burkholderiales,unknown,unknown,unknown,1,1,247,247_2,1.724339286,1.74454277,1.722828448,1.73628598,1.723055822,1.743381852,1.723407852,1.741403534,0.264945089,0.265785844,0.198826823,0.300265081,0.101438258,267,A,A3-18,4.957021509,0.048395984,d__Bacteria,p__Proteobacteria,c__Gammaproteobacteria,o__Burkholderiales,f__Burkholderiaceae,g__Vitreoscilla_A,s__
A3-16-all-fractions_metab_conc_75,A3-16-all-fractions_Burkholderiales_69_50,"Burkholderiales, Betaproteobacteria, Proteobacteria, Bacteria",NA,6497424,68.88,0.6888,49.52,877,6638,57944,26,6,26,7,10,2,Uncurated genome,partial,Bacteria,Proteobacteria,Betaproteobacteria,Burkholderiales,unknown,unknown,unknown,1,1,247,247_3,1.724366989,1.744666721,1.722853613,1.736363987,1.723038864,1.743398831,1.723419822,1.741476513,0.265400727,0.266684777,0.199604412,0.300769046,0.101164634,266,A,A3-16,5.003073849,0.044328161,d__Bacteria,p__Proteobacteria,c__Gammaproteobacteria,o__Burkholderiales,f__Burkholderiaceae,g__Vitreoscilla_A,s__
A2-16-all-fractions_metab_conc_14,A2-16-all-fractions_Burkholderiales_69_27,"Burkholderiales, Betaproteobacteria, Proteobacteria, Bacteria",NA,6200158,69.02,0.6902,27.25,980,6428,50845,21,3,22,6,10,2,Uncurated genome,partial,Bacteria,Proteobacteria,Betaproteobacteria,Burkholderiales,unknown,unknown,unknown,1,1,247,247_1,1.724354914,1.744660805,1.722866485,1.736393396,1.723066549,1.743434004,1.723429316,1.741496068,0.266254604,0.266832498,0.199847687,0.30087549,0.101027803,265,A,A2-16,2.431973525,0.017674771,d__Bacteria,p__Proteobacteria,c__Gammaproteobacteria,o__Burkholderiales,f__Burkholderiaceae,g__Vitreoscilla_A,s__
A1-18-all-fractions_conc_47,A1-18-all-fractions_Bacteria_53_8,Bacteria,NA,3933936,52.8,0.528,7.63,719,4284,29489,43,1,44,2,7,1,Uncurated genome,near complete,Bacteria,unknown,unknown,unknown,unknown,unknown,unknown,1,NA,17,17_1,1.71620233,1.735404227,1.715441222,1.729092971,1.713250869,1.735298672,1.714964807,1.73326529,0.270650977,0.271547636,0.20251217,0.327478688,0.124966518,1728,A,A1-18,1.524804409,0.013653747,d__Bacteria,p__Bdellovibrionota,c__Bacteriovoracia,o__UBA1018,f__UBA1018,g__,s__
A3-18-all-fractions_metab_138,A3-18-all-fractions_Bdellovibrioles_52_11,"Bdellovibrioles, Bdellovibrio, Bacteria",NA,3974026,52.49,0.5249,11.07,240,3917,101839,48,2,50,1,11,1,Uncurated genome,near complete,Bacteria,Bdellovibrio,Bdellovibriounknownles,unknown,unknown,unknown,unknown,1,1,17,17_1,1.716054214,1.735358459,1.715374208,1.729173304,1.712848644,1.735242481,1.714759022,1.733258081,0.273654016,0.27452572,0.204704914,0.332694799,0.127989885,222,A,A3-18,1.766966369,0.0172511,d__Bacteria,p__Bdellovibrionota,c__Bacteriovoracia,o__UBA1018,f__UBA1018,g__,s__
A1-18-all-fractions_metab_conc_67,A1-18-all-fractions_Propionibacteriales_68_10,"Propionibacteriales, Actinobacteria, Actinobacteria, Bacteria",NA,3216090,67.68,0.6768,9.7,237,3350,54460,49,2,49,4,14,1,Uncurated genome,near complete,Bacteria,Actinobacteria,Actinobacteria,Propionibacteriales,unknown,unknown,unknown,1,1,202,202_1,1.724031406,1.74505161,1.722592319,1.73708733,1.722744527,1.746298384,1.723122751,1.742812441,0.289890635,0.290847531,0.214179917,0.348003697,0.13382378,39,A,A1-18,2.248082491,0.020130286,d__Bacteria,p__Actinobacteriota,c__Actinobacteria,o__Propionibacteriales,f__Nocardioidaceae,g__,s__
A1-16-all-fractions_metab_conc_25,A1-16-all-fractions_Massilia_66_14,"Massilia, Burkholderiales, Betaproteobacteria, Proteobacteria, Bacteria",NA,4416742,65.55,0.6555,13.68,224,4080,103450,18,0,19,3,10,2,Uncurated genome,partial,Bacteria,Proteobacteria,Betaproteobacteria,Burkholderiales,Massilia,unknown,unknown,1,1,259,259_0,1.730300118,1.74990782,1.730959828,1.745347373,1.730252176,1.756641845,1.730504041,1.750632346,0.294851786,0.296048216,0.211557083,0.388197194,0.17664011,283,A,A1-16,1.070998997,0.011636717,d__Bacteria,p__Proteobacteria,c__Gammaproteobacteria,o__Burkholderiales,f__Burkholderiaceae,g__Massilia,s__
A1-18-all-fractions_metab_maxbC_14,A1-18-all-fractions_Bdellovibrioles_51_17,"Bdellovibrioles, Bdellovibrio, Bacteria",NA,4215251,50.96,0.5096,16.69,74,4060,521090,47,1,50,0,10,1,Uncurated genome,near complete,Bacteria,Bdellovibrio,Bdellovibriounknownles,unknown,unknown,unknown,unknown,1,1,15,15_1,1.715617676,1.73481156,1.715165388,1.732451196,1.711414146,1.734989947,1.714065737,1.734084234,0.296464071,0.297186983,0.256453988,0.350539626,0.094085638,221,A,A1-18,4.117865383,0.036873117,d__Bacteria,p__Bdellovibrionota,c__Bacteriovoracia,o__UBA1018,f__UBA1018,g__,s__
A1-16-all-fractions_metab_conc_63,A1-16-all-fractions_Sphingomodales_65_31,"Sphingomodales, Alphaproteobacteria, Proteobacteria, Bacteria",NA,2605267,65.04,0.6504,30.97,200,2796,84967,35,0,36,0,10,1,Uncurated genome,partial,Bacteria,Proteobacteria,Alphaproteobacteria,Sphingomounknowndales,unknown,unknown,unknown,1,NA,234,234_1,1.729249675,1.753667021,1.730616695,1.7416958,1.72600134,1.754605894,1.72862257,1.749989572,0.313052386,0.314606504,0.162940139,0.42181143,0.25887129,1349,A,A1-16,2.303958174,0.025033179,d__Bacteria,p__Proteobacteria,c__Alphaproteobacteria,o__Sphingomonadales,f__Sphingomonadaceae,g__Sphingomonas_A,s__
A1-16-all-fractions_metab_conc_5,A1-16-all-fractions_Burkholderiales_69_37,"Burkholderiales, Betaproteobacteria, Proteobacteria, Bacteria",NA,6390465,68.77,0.6877,37.15,779,6434,200375,27,4,27,7,10,1,Uncurated genome,partial,Bacteria,Proteobacteria,Betaproteobacteria,Burkholderiales,unknown,unknown,unknown,1,1,248,248_1,1.733875068,1.757555305,1.734397523,1.749711113,1.73265827,1.760822095,1.73364362,1.756029504,0.327481021,0.328673573,0.224739155,0.413741496,0.189002341,275,A,A1-16,2.32649494,0.025278048,d__Bacteria,p__Proteobacteria,c__Gammaproteobacteria,o__Burkholderiales,f__Burkholderiaceae,g__Vitreoscilla_A,s__
A1-16-all-fractions_metab_maxbC_52,A1-16-all-fractions_Propionibacteriales_68_40,"Propionibacteriales, Actinobacteria, Actinobacteria, Bacteria",NA,3003296,67.74,0.6774,40.31,95,3018,513203,47,0,45,1,14,1,Uncurated genome,near complete,Bacteria,Actinobacteria,Actinobacteria,Propionibacteriales,unknown,unknown,unknown,1,NA,202,202_1,1.733431348,1.759172351,1.734464703,1.754800595,1.731593088,1.767056052,1.733163046,1.760342999,0.397637831,0.399164985,0.298428927,0.521281541,0.222852614,553,A,A1-16,3.04676447,0.033103987,d__Bacteria,p__Actinobacteriota,c__Actinobacteria,o__Propionibacteriales,f__Nocardioidaceae,g__,s__
H2-16-all-fractions_metab_conc_41,H2-16-all-fractions_Actinobacteria_74_12,"Actinobacteria, Actinobacteria, Bacteria",NA,3538615,74.08,0.7408,11.9,330,3779,52399,36,0,38,4,10,4,Uncurated genome,partial,Bacteria,Actinobacteria,Actinobacteria,unknown,unknown,unknown,unknown,1,1,167,167_2,1.738650128,1.729368132,1.739764255,1.727611544,1.741529447,1.729295181,1.739981277,1.728758286,-0.16361558,-0.16419182,-0.178827613,-0.13589912,0.042928493,209,H,H2-16,0.455311556,0.002769222,d__Bacteria,p__Actinobacteriota,c__Actinobacteria,o__,f__,g__,s__
H2-16-all-fractions_metab_18,H2-16-all-fractions_Solirubrobacterales_72_22,"Solirubrobacterales, Thermoleophilia, Actinobacteria, Bacteria",NA,2586745,71.95,0.7195,22.24,49,2747,248527,47,1,50,0,11,0,Uncurated genome,near complete,Bacteria,Actinobacteria,Thermoleophilia,Solirubrobacterales,unknown,unknown,unknown,1,NA,163,163_1,1.735758697,1.727960359,1.739386572,1.726169123,1.739402806,1.727820556,1.738182692,1.727316679,-0.158037705,-0.159128281,-0.193430126,-0.114362944,0.079067182,1169,H,H2-16,1.09666449,0.006669954,d__Bacteria,p__Actinobacteriota,c__Thermoleophilia,o__Solirubrobacterales,f__Solirubrobacteraceae,g__QHBW01,s__
H2-16-all-fractions_metab_123,H2-16-all-fractions_Actinobacteria_72_22,"Actinobacteria, Actinobacteria, Bacteria",NA,2386429,72.24,0.7224,22.21,482,2936,23313,31,2,33,5,11,4,Uncurated genome,partial,Bacteria,Actinobacteria,Actinobacteria,unknown,unknown,unknown,unknown,1,1,108,108_0,1.735258883,1.728973131,1.737980505,1.727130468,1.739526195,1.729134083,1.737588527,1.728412561,-0.133504666,-0.134424825,-0.158913537,-0.092207773,0.066705764,199,H,H2-16,0.794527381,0.004832345,d__Bacteria,p__Actinobacteriota,c__Thermoleophilia,o__Solirubrobacterales,f__Solirubrobacteraceae,g__,s__
H2-16-all-fractions_metab_maxb_130,H2-16-all-fractions_Actinobacteria_69_13,"Actinobacteria, Actinobacteria, Bacteria",NA,2700963,68.71,0.6871,12.56,236,2864,57226,43,6,43,8,13,3,Uncurated genome,near complete,Bacteria,Actinobacteria,Actinobacteria,unknown,unknown,unknown,unknown,1,NA,95,95_1,1.729935339,1.728609962,1.734511359,1.725470946,1.734981249,1.72812493,1.733142649,1.727401946,-0.082745077,-0.08431031,-0.132666435,-0.019501112,0.113165323,1055,H,H2-16,0.681196417,0.004143062,d__Bacteria,p__Actinobacteriota,c__UBA4738,o__UBA4738,f__HRBIN12,g__,s__
H2-16-all-fractions_metab_conc_77,H2-16-all-fractions_Actinobacteria_71_48,"Actinobacteria, Actinobacteria, Bacteria",NA,3438692,71.07,0.7107,48.24,697,4172,28917,46,3,48,6,15,1,Uncurated genome,near complete,Bacteria,Actinobacteria,Actinobacteria,unknown,unknown,unknown,unknown,1,1,149,149_1,1.734158401,1.732355799,1.736258286,1.728845621,1.738418568,1.732407526,1.736278418,1.731202982,-0.073276851,-0.074408145,-0.108674207,-0.02645925,0.082214957,180,H,H2-16,2.714663834,0.016510687,d__Bacteria,p__Actinobacteriota,c__Thermoleophilia,o__Solirubrobacterales,f__Thermoleophilaceae,g__,s__
H2-16-all-fractions_metab_conc_54,H2-16-all-fractions_Actinobacteria_70_18,"Actinobacteria, Actinobacteria, Bacteria",NA,2222060,70.32,0.7032,18.26,97,2374,92210,39,1,38,1,8,0,Uncurated genome,partial,Bacteria,Actinobacteria,Actinobacteria,unknown,unknown,unknown,unknown,1,1,164,164_0,1.733836561,1.731657122,1.736019655,1.729275379,1.737582605,1.731787162,1.73581294,1.730906554,-0.071027606,-0.071948207,-0.098887614,-0.031996145,0.066891469,178,H,H2-16,0.939844484,0.005716169,d__Bacteria,p__Actinobacteriota,c__Thermoleophilia,o__Solirubrobacterales,f__70-9,g__,s__
H2-16-all-fractions_metab_conc_10,H2-16-all-fractions_Actinobacteria_71_19,"Actinobacteria, Actinobacteria, Bacteria",NA,7844085,71.32,0.7132,19.49,458,7756,69185,20,2,25,4,10,4,Uncurated genome,partial,Bacteria,Actinobacteria,Actinobacteria,unknown,unknown,unknown,unknown,1,NA,193,193_1,1.734155618,1.731802552,1.736871275,1.731445514,1.73817375,1.73221818,1.736400215,1.731822082,-0.066491446,-0.067113011,-0.087216435,-0.034539366,0.052677069,1021,H,H2-16,0.993189638,0.006040616,d__Bacteria,p__Actinobacteriota,c__Actinobacteria,o__Streptosporangiales,f__Streptosporangiaceae,g__Palsa-504,s__
H2-16-all-fractions_metab_conc_47,H2-16-all-fractions_Alphaproteobacteria_65_18,"Alphaproteobacteria, Proteobacteria, Bacteria",NA,7132915,65.07,0.6507,17.66,859,7267,49909,37,3,38,3,8,2,Uncurated genome,partial,Bacteria,Proteobacteria,Alphaproteobacteria,unknown,unknown,unknown,unknown,1,1,58,58_1,1.721456674,1.723860702,1.729811626,1.722790971,1.727871543,1.723330123,1.726379947,1.723327265,-0.04306903,-0.045005925,-0.103300714,0.035544137,0.138844851,336,H,H2-16,1.209984443,0.007359171,d__Bacteria,p__Proteobacteria,c__Alphaproteobacteria,o__Acetobacterales,f__Acetobacteraceae,g__Rhodopila,s__
H2-16-all-fractions_metab_conc_135,H2-16-all-fractions_Actinobacteria_70_20,"Actinobacteria, Actinobacteria, Bacteria",NA,2995253,70.36,0.7036,19.94,89,3179,162170,41,0,46,0,11,2,Uncurated genome,near complete,Bacteria,Actinobacteria,Actinobacteria,unknown,unknown,unknown,unknown,1,NA,111,111_1,1.732455239,1.732854178,1.736341546,1.733520925,1.737157715,1.733823451,1.735318167,1.733399518,-0.027489293,-0.028143486,-0.048856491,0.005861465,0.054717956,932,H,H2-16,1.099337674,0.006686213,d__Bacteria,p__Actinobacteriota,c__Thermoleophilia,o__20CM-4-69-9,f__,g__,s__
H2-16-all-fractions_metab_63,H2-16-all-fractions_Actinobacteria_69_71,"Actinobacteria, Actinobacteria, Bacteria",NA,2929297,68.64,0.6864,70.73,20,3136,389836,45,1,50,1,13,1,Uncurated genome,near complete,Bacteria,Actinobacteria,Actinobacteria,unknown,unknown,unknown,unknown,1,1,116,116_1,1.731081208,1.733723857,1.733499572,1.729070066,1.735697773,1.731715053,1.733426184,1.731502992,-0.026806593,-0.02824014,-0.065040072,0.038857197,0.10389727,148,H,H2-16,4.674530576,0.02843067,d__Bacteria,p__Actinobacteriota,c__Thermoleophilia,o__20CM-4-69-9,f__20CM-4-69-9,g__Palsa-739,s__
H2-16-all-fractions_metab_conc_58,H2-16-all-fractions_Actinobacteria_69_24,"Actinobacteria, Actinobacteria, Bacteria",NA,2730315,69.39,0.6939,24.08,132,2973,74623,16,0,23,0,12,1,Uncurated genome,partial,Bacteria,Actinobacteria,Actinobacteria,unknown,unknown,unknown,unknown,1,NA,121,121_1,1.730350805,1.732842174,1.736887481,1.731758489,1.73564609,1.73313405,1.734294792,1.732578238,-0.023641147,-0.025193549,-0.075164895,0.036648706,0.111813602,924,H,H2-16,1.344119117,0.008174983,d__Bacteria,p__Actinobacteriota,c__Thermoleophilia,o__20CM-4-69-9,f__20CM-4-69-9,g__3-1-20CM-4-69-9,s__
H2-16-all-fractions_maxb_conc_24,H2-16-all-fractions_Ktedonobacter_racemifer_50_14,"Ktedonobacter racemifer, Ktedonobacter, Ktedonobacterales, Ktedonobacteria, Chloroflexi, Bacteria",NA,5457381,50.47,0.5047,13.86,1121,5725,26338,26,1,27,7,12,2,Uncurated genome,partial,Bacteria,Chloroflexi,Ktedonobacteria,Ktedonobacterales,Ktedonobacter,Ktedonobacterracemifer,Bacteria,1,1,10,10_3,1.712136724,1.713811066,1.718135079,1.712785546,1.715375555,1.714485256,1.715215786,1.713693956,-0.021134096,-0.022577186,-0.079228412,0.024884447,0.104112859,223,H,H2-16,1.125594923,0.00684591,d__Bacteria,p__Chloroflexota,c__Ktedonobacteria,o__Ktedonobacterales,f__Ktedonobacteraceae,g__UBA11361,s__
H2-16-all-fractions_metab_conc_119,H2-16-all-fractions_Actinobacteria_73_28,"Actinobacteria, Actinobacteria, Bacteria",NA,6865070,72.86,0.7286,27.78,323,6689,190486,21,0,23,3,14,3,Uncurated genome,partial,Bacteria,Actinobacteria,Actinobacteria,unknown,unknown,unknown,unknown,1,1,192,192_1,1.738129849,1.737154546,1.738358709,1.73775622,1.74030038,1.73881037,1.738929646,1.737907045,-0.015043147,-0.014969357,-0.02179435,-0.008822443,0.012971907,136,H,H2-16,1.296602662,0.007885986,d__Bacteria,p__Actinobacteriota,c__Actinobacteria,o__Mycobacteriales,f__QHCA01,g__,s__
H2-16-all-fractions_metab_conc_19,H2-16-all-fractions_Actinobacteria_69_35,"Actinobacteria, Actinobacteria, Bacteria",NA,2300719,69.19,0.6919,35.27,109,2573,148774,40,0,40,0,12,1,Uncurated genome,partial,Bacteria,Actinobacteria,Actinobacteria,unknown,unknown,unknown,unknown,1,1,122,122_1,1.730383349,1.734144575,1.734904488,1.731725615,1.735574792,1.732953295,1.733620876,1.732941161,-0.008567269,-0.009979896,-0.046639189,0.055327407,0.101966596,131,H,H2-16,2.115026716,0.012863672,d__Bacteria,p__Actinobacteriota,c__Thermoleophilia,o__20CM-4-69-9,f__20CM-4-69-9,g__3-1-20CM-4-69-9,s__
H2-16-all-fractions_metab_134,H2-16-all-fractions_Actinobacteria_71_32,"Actinobacteria, Actinobacteria, Bacteria",NA,2342015,70.58,0.7058,31.92,41,2521,240630,18,0,23,0,11,1,Uncurated genome,partial,Bacteria,Actinobacteria,Actinobacteria,unknown,unknown,unknown,unknown,1,NA,117,117_1,1.731189262,1.736181815,1.735906483,1.730611259,1.736868723,1.73637976,1.734654823,1.734390945,-0.00178518,-0.003872159,-0.077646343,0.073407616,0.15105396,855,H,H2-16,1.780819667,0.010831012,d__Bacteria,p__Actinobacteriota,c__Thermoleophilia,o__20CM-4-69-9,f__20CM-4-69-9,g__Palsa-739,s__
H2-16-all-fractions_metab_114,H2-16-all-fractions_Bacteria_70_8,Bacteria,NA,4340102,69.91,0.6991,8.11,1214,5045,31606,30,8,32,10,10,3,Uncurated genome,partial,Bacteria,unknown,unknown,unknown,unknown,unknown,unknown,1,1,284,284_0,1.731804816,1.73492232,1.736793443,1.734743586,1.736537415,1.735337335,1.735045225,1.73500108,0.000403122,-0.000647627,-0.030042331,0.045821185,0.075863515,406,H,H2-16,0.339559425,0.002065213,d__Bacteria,p__Gemmatimonadota,c__Gemmatimonadetes,o__Gemmatimonadales,f__GWC2-71-9,g__,s__
H1-16-all-fractions_metab_maxb_54,H1-16-all-fractions_Actinobacteria_74_10,"Actinobacteria, Actinobacteria, Bacteria",NA,3405348,74.38,0.7438,10.21,533,3775,33956,18,0,22,3,10,4,Uncurated genome,partial,Bacteria,Actinobacteria,Actinobacteria,unknown,unknown,unknown,unknown,1,1,167,167_3,1.72609038,1.726499576,1.72669735,1.727047863,1.728729282,1.729258453,1.727172337,1.727601964,0.00630233,0.006332061,0.005167469,0.007792174,0.002624705,208,H,H1-16,0.658040374,0.004898034,d__Bacteria,p__Actinobacteriota,c__UBA4738,o__,f__,g__,s__
H1-18-all-fractions_metab_maxb_28,H1-18-all-fractions_Actinobacteria_74_12,"Actinobacteria, Actinobacteria, Bacteria",NA,3823048,73.93,0.7393,11.9,428,4121,50391,24,0,27,4,11,4,Uncurated genome,partial,Bacteria,Actinobacteria,Actinobacteria,unknown,unknown,unknown,unknown,1,1,167,167_1,1.72587858,1.726328372,1.726480097,1.726916054,1.728502445,1.729051448,1.726953707,1.727431958,0.007048783,0.007049551,0.006427891,0.008085213,0.001657321,207,H,H1-18,0.671829872,0.004892829,d__Bacteria,p__Actinobacteriota,c__UBA4738,o__,f__,g__,s__
H3-16-all-fractions_metab_128,H3-16-all-fractions_Solirubrobacterales_72_0,"Solirubrobacterales, Thermoleophilia, Actinobacteria, Bacteria",NA,2599202,71.92,0.7192,0,54,2763,314438,47,3,50,2,11,0,Uncurated genome,near complete,Bacteria,Actinobacteria,Thermoleophilia,Solirubrobacterales,unknown,unknown,unknown,1,NA,163,163_1,1.724355025,1.725206743,1.725303233,1.725799698,1.727212679,1.727998822,1.725623646,1.726335088,0.010498398,0.010494601,0.007324805,0.012573079,0.005248273,1167,H,H3-16,1.959097601,0.012377228,d__Bacteria,p__Actinobacteriota,c__Thermoleophilia,o__Solirubrobacterales,f__Solirubrobacteraceae,g__QHBW01,s__
H3-18-all-fractions_metab_39,H3-18-all-fractions_Solirubrobacterales_72_24,"Solirubrobacterales, Thermoleophilia, Actinobacteria, Bacteria",NA,2650210,71.83,0.7183,23.74,63,2772,244949,47,1,50,1,12,0,Uncurated genome,near complete,Bacteria,Actinobacteria,Thermoleophilia,Solirubrobacterales,unknown,unknown,unknown,1,NA,163,163_1,1.72430619,1.725168825,1.725253808,1.725762364,1.727172942,1.727965278,1.725577647,1.726298822,0.010616125,0.010638451,0.007503395,0.012734571,0.005231175,1166,H,H3-18,2.097950887,0.016715155,d__Bacteria,p__Actinobacteriota,c__Thermoleophilia,o__Solirubrobacterales,f__Solirubrobacteraceae,g__QHBW01,s__
H1-18-all-fractions_metab_conc_86,H1-18-all-fractions_Conexibacter_woesei_72_14,"Conexibacter woesei, Conexibacter, Solirubrobacterales, Thermoleophilia, Actinobacteria, Bacteria",NA,3022353,71.77,0.7177,13.86,124,3164,111240,47,0,49,2,12,0,Uncurated genome,near complete,Bacteria,Actinobacteria,Thermoleophilia,Solirubrobacterales,Conexibacter,Conexibacterwoesei,Bacteria,1,1,154,154_1,1.724326804,1.725182943,1.728843445,1.728880401,1.72713757,1.728408486,1.726769273,1.72749061,0.010624776,0.010633481,0.000544131,0.01873102,0.018186888,210,H,H1-18,1.241718315,0.009043234,d__Bacteria,p__Actinobacteriota,c__Thermoleophilia,o__Solirubrobacterales,f__Solirubrobacteraceae,g__Conexibacter,s__
H1-16-all-fractions_metab_conc_57,H1-16-all-fractions_Solirubrobacterales_72_43,"Solirubrobacterales, Thermoleophilia, Actinobacteria, Bacteria",NA,2664009,71.83,0.7183,43.18,53,2821,221271,48,1,50,0,11,0,Uncurated genome,near complete,Bacteria,Actinobacteria,Thermoleophilia,Solirubrobacterales,unknown,unknown,unknown,1,1,163,163_1,1.724298185,1.725159234,1.72524785,1.7257539,1.727161784,1.727962972,1.725569273,1.726292035,0.010640991,0.010661904,0.007466431,0.01271123,0.0052448,204,H,H1-16,4.948066913,0.03683026,d__Bacteria,p__Actinobacteriota,c__Thermoleophilia,o__Solirubrobacterales,f__Solirubrobacteraceae,g__QHBW01,s__
H2-18-all-fractions_metab_28,H2-18-all-fractions_Solirubrobacterales_72_27,"Solirubrobacterales, Thermoleophilia, Actinobacteria, Bacteria",NA,2647470,71.81,0.7181,27.23,51,2759,306459,36,1,38,0,10,0,Uncurated genome,partial,Bacteria,Actinobacteria,Thermoleophilia,Solirubrobacterales,unknown,unknown,unknown,1,NA,163,163_1,1.724281802,1.725151123,1.725228014,1.725742445,1.727144852,1.727952552,1.725551556,1.72628204,0.010826359,0.010775915,0.007590176,0.012833448,0.005243273,1165,H,H2-18,1.509761226,0.008862034,d__Bacteria,p__Actinobacteriota,c__Thermoleophilia,o__Solirubrobacterales,f__Solirubrobacteraceae,g__QHBW01,s__
H1-18-all-fractions_metab_38,H1-18-all-fractions_Solirubrobacterales_72_89,"Solirubrobacterales, Thermoleophilia, Actinobacteria, Bacteria",NA,2698176,71.76,0.7176,88.92,75,2884,282142,47,1,50,0,12,0,Uncurated genome,near complete,Bacteria,Actinobacteria,Thermoleophilia,Solirubrobacterales,unknown,unknown,unknown,1,NA,163,163_1,1.724249895,1.725129175,1.725198087,1.725724813,1.727109362,1.727933512,1.725519115,1.7262625,0.010963201,0.010966438,0.007771712,0.012980707,0.005208995,1164,H,H1-18,3.920744716,0.028554151,d__Bacteria,p__Actinobacteriota,c__Thermoleophilia,o__Solirubrobacterales,f__Solirubrobacteraceae,g__QHBW01,s__
H3-16-all-fractions_metab_34,H3-16-all-fractions_Actinobacteria_73_0,"Actinobacteria, Actinobacteria, Bacteria",NA,4341988,73.34,0.7334,0,1255,5198,20450,25,0,26,3,10,5,Uncurated genome,partial,Bacteria,Actinobacteria,Actinobacteria,unknown,unknown,unknown,unknown,1,1,167,167_4,1.72523404,1.725936443,1.725947449,1.726564814,1.727830638,1.728744489,1.726337376,1.727081915,0.011031413,0.010978536,0.009105356,0.013463455,0.004358099,205,H,H3-16,0.42603548,0.002691616,d__Bacteria,p__Actinobacteriota,c__UBA4738,o__,f__,g__,s__
H3-18-all-fractions_metab_conc_35,H3-18-all-fractions_Alphaproteobacteria_63_13,"Alphaproteobacteria, Proteobacteria, Bacteria",NA,5793826,62.85,0.6285,12.81,671,6017,46439,45,4,51,3,10,2,Uncurated genome,near complete,Bacteria,Proteobacteria,Alphaproteobacteria,unknown,unknown,unknown,unknown,1,1,66,66_2,1.716385915,1.718873037,1.719573127,1.718920959,1.720573407,1.721366987,1.71884415,1.719720328,0.012733053,0.012973725,-0.009652669,0.036880009,0.046532678,348,H,H3-18,1.567145035,0.012486028,d__Bacteria,p__Proteobacteria,c__Alphaproteobacteria,o__Elsterales,f__URHD0088,g__,s__
H3-16-all-fractions_metab_conc_98,H3-16-all-fractions_Alphaproteobacteria_63_0,"Alphaproteobacteria, Proteobacteria, Bacteria",NA,5586349,62.91,0.6291,0,579,5761,58901,41,2,48,0,10,0,Uncurated genome,near complete,Bacteria,Proteobacteria,Alphaproteobacteria,unknown,unknown,unknown,unknown,1,1,66,66_1,1.7164509,1.718922145,1.719596282,1.718982994,1.720619789,1.721419602,1.71888899,1.719774914,0.012901817,0.013117698,-0.009077102,0.036643228,0.045720331,347,H,H3-16,0.99277818,0.006272195,d__Bacteria,p__Proteobacteria,c__Alphaproteobacteria,o__Elsterales,f__URHD0088,g__,s__
H1-18-all-fractions_metab_conc_5,H1-18-all-fractions_Alphaproteobacteria_63_26,"Alphaproteobacteria, Proteobacteria, Bacteria",NA,5243836,62.98,0.6298,25.81,710,5507,41571,44,2,49,1,12,0,Uncurated genome,near complete,Bacteria,Proteobacteria,Alphaproteobacteria,unknown,unknown,unknown,unknown,1,1,66,66_4,1.716498341,1.718963764,1.719642192,1.719044274,1.720665179,1.721446035,1.718935238,1.719818024,0.013053359,0.01307092,-0.008849392,0.036555935,0.045405327,350,H,H1-18,1.993216898,0.014516277,d__Bacteria,p__Proteobacteria,c__Alphaproteobacteria,o__Elsterales,f__URHD0088,g__,s__
H3-18-all-fractions_conc_13,H3-18-all-fractions_Actinobacteria_71_10,"Actinobacteria, Actinobacteria, Bacteria",NA,5624834,70.5,0.705,9.77,756,5914,48325,23,2,27,6,9,2,Uncurated genome,partial,Bacteria,Actinobacteria,Actinobacteria,unknown,unknown,unknown,unknown,1,NA,227,227_1,1.72250778,1.723865957,1.723869147,1.724425391,1.725702655,1.726553782,1.724026527,1.724948377,0.013545369,0.013610635,0.008213405,0.020070471,0.011857066,1124,H,H3-18,0.825239578,0.006574991,d__Bacteria,p__Actinobacteriota,c__Actinobacteria,o__Streptosporangiales,f__Streptosporangiaceae,g__,s__
H2-18-all-fractions_metab_conc_95,H2-18-all-fractions_Alphaproteobacteria_63_8,"Alphaproteobacteria, Proteobacteria, Bacteria",NA,4288367,63.03,0.6303,7.66,1017,4825,20022,39,1,44,2,10,0,Uncurated genome,near complete,Bacteria,Proteobacteria,Alphaproteobacteria,unknown,unknown,unknown,unknown,1,1,66,66_5,1.71644852,1.718908404,1.719609045,1.719019879,1.720610304,1.721423698,1.71888929,1.719783993,0.013621721,0.013247734,-0.008720028,0.036474889,0.045194917,349,H,H2-18,0.591448123,0.003471697,d__Bacteria,p__Proteobacteria,c__Alphaproteobacteria,o__Elsterales,f__URHD0088,g__,s__
H3-16-all-fractions_metab_conc_126,H3-16-all-fractions_Actinobacteria_70_0,"Actinobacteria, Actinobacteria, Bacteria",NA,2545789,69.75,0.6975,0,605,3174,20083,30,1,34,3,12,2,Uncurated genome,partial,Bacteria,Actinobacteria,Actinobacteria,unknown,unknown,unknown,unknown,1,1,179,179_0,1.720984786,1.722481315,1.722593003,1.722973356,1.724182188,1.725107004,1.722586659,1.723520558,0.01372853,0.013799906,0.00562032,0.022134275,0.016513955,200,H,H3-16,0.633374193,0.004001545,d__Bacteria,p__Actinobacteriota,c__Acidimicrobiia,o__IMCC26256,f__PALSA-555,g__,s__
H1-16-all-fractions_metab_conc_99,H1-16-all-fractions_Alphaproteobacteria_63_14,"Alphaproteobacteria, Proteobacteria, Bacteria",NA,5962518,63.02,0.6302,14.41,776,6248,42147,45,2,51,6,11,3,Uncurated genome,near complete,Bacteria,Proteobacteria,Alphaproteobacteria,unknown,unknown,unknown,unknown,1,1,66,66_3,1.716510187,1.718992412,1.719631665,1.719109709,1.720644874,1.721528204,1.718928909,1.719876775,0.014081299,0.014034573,-0.007725193,0.036804836,0.044530029,346,H,H1-16,1.928110267,0.014351625,d__Bacteria,p__Proteobacteria,c__Alphaproteobacteria,o__Elsterales,f__URHD0088,g__,s__
H3-18-all-fractions_metab_99,H3-18-all-fractions_Actinobacteria_71_30,"Actinobacteria, Actinobacteria, Bacteria",NA,4156893,71.01,0.7101,29.63,40,3892,634133,49,2,51,0,13,0,Uncurated genome,near complete,Bacteria,Actinobacteria,Actinobacteria,unknown,unknown,unknown,unknown,1,NA,109,109_1,1.723287353,1.724633055,1.724351958,1.724934051,1.726181152,1.727197293,1.724606821,1.725588133,0.014428132,0.014483819,0.008592749,0.0198773,0.011284551,1126,H,H3-18,1.40408047,0.011186832,d__Bacteria,p__Actinobacteriota,c__UBA4738,o__UBA4738,f__HRBIN12,g__,s__
H3-16-all-fractions_metab_155,H3-16-all-fractions_Actinobacteria_71_0,"Actinobacteria, Actinobacteria, Bacteria",NA,4153460,71,0.71,0,30,3932,700017,49,2,51,0,13,0,Uncurated genome,near complete,Bacteria,Actinobacteria,Actinobacteria,unknown,unknown,unknown,unknown,1,1,109,109_1,1.723232911,1.724628032,1.724365831,1.724931796,1.726179966,1.727194074,1.724592902,1.725584634,0.014594515,0.014637721,0.008354621,0.0206079,0.01225328,198,H,H3-16,3.53784111,0.022351446,d__Bacteria,p__Actinobacteriota,c__UBA4738,o__UBA4738,f__HRBIN12,g__,s__
H1-16-all-fractions_metab_conc_39,H1-16-all-fractions_Actinobacteria_66_10,"Actinobacteria, Actinobacteria, Bacteria",NA,5001333,66.21,0.6621,10.02,319,5160,72808,35,1,51,5,14,2,Uncurated genome,near complete,Bacteria,Actinobacteria,Actinobacteria,unknown,unknown,unknown,unknown,1,1,229,229_0,1.719620397,1.721598799,1.721830758,1.722352405,1.723222298,1.724092739,1.721557818,1.722681315,0.016700437,0.016610498,0.007711147,0.029282921,0.021571774,202,H,H1-16,1.510271729,0.011241501,d__Bacteria,p__Actinobacteriota,c__Actinobacteria,o__Mycobacteriales,f__Pseudonocardiaceae,g__GCA-003244245,s__
H3-16-all-fractions_conc_3,H3-16-all-fractions_Actinobacteria_70_0,"Actinobacteria, Actinobacteria, Bacteria",NA,6077521,70.44,0.7044,0,493,6168,63338,36,2,38,4,13,2,Uncurated genome,partial,Bacteria,Actinobacteria,Actinobacteria,unknown,unknown,unknown,unknown,1,1,227,227_1,1.722452359,1.724405861,1.723841481,1.724456815,1.725656933,1.726535266,1.723983591,1.725132648,0.016790434,0.016965646,0.009086059,0.028868804,0.019782745,197,H,H3-16,0.722731211,0.004566086,d__Bacteria,p__Actinobacteriota,c__Actinobacteria,o__Streptosporangiales,f__Streptosporangiaceae,g__,s__
H1-16-all-fractions_metab_conc_33,H1-16-all-fractions_Conexibacter_woesei_72_14,"Conexibacter woesei, Conexibacter, Solirubrobacterales, Thermoleophilia, Actinobacteria, Bacteria",NA,2990968,71.85,0.7185,14.29,126,3161,165737,23,1,24,4,10,0,Uncurated genome,partial,Bacteria,Actinobacteria,Thermoleophilia,Solirubrobacterales,Conexibacter,Conexibacterwoesei,Bacteria,1,NA,154,154_1,1.724350828,1.725210053,1.727882154,1.729229098,1.727173166,1.728484408,1.726468716,1.727641186,0.017240496,0.017286815,0.012683913,0.019842999,0.007159086,1173,H,H1-16,1.589678017,0.011832551,d__Bacteria,p__Actinobacteriota,c__Thermoleophilia,o__Solirubrobacterales,f__Solirubrobacteraceae,g__Conexibacter,s__
H1-18-all-fractions_metab_conc_36,H1-18-all-fractions_Alphaproteobacteria_64_14,"Alphaproteobacteria, Proteobacteria, Bacteria",NA,4029404,64.23,0.6423,13.99,386,4068,48542,39,3,42,4,8,1,Uncurated genome,near complete,Bacteria,Proteobacteria,Alphaproteobacteria,unknown,unknown,unknown,unknown,1,1,53,53_0,1.717356822,1.719959402,1.719899403,1.720012101,1.721333478,1.72249015,1.719529901,1.720820551,0.019089273,0.019103693,0.001667745,0.038571117,0.036903372,341,H,H1-18,0.432517089,0.003149952,d__Bacteria,p__Proteobacteria,c__Alphaproteobacteria,o__Rhizobiales,f__Xanthobacteraceae,g__BOG-931,s__
H1-18-all-fractions_metab_conc_56,H1-18-all-fractions_Chloroflexi_54_13,"Chloroflexi, Bacteria",NA,7909950,53.57,0.5357,13.13,665,7408,65524,48,0,48,4,14,2,Uncurated genome,near complete,Bacteria,Chloroflexi,unknown,unknown,unknown,unknown,unknown,1,1,8,8_2,1.710246393,1.714418454,1.71810728,1.714596698,1.714495924,1.71772805,1.714283199,1.715581067,0.019221216,0.01926603,-0.051996345,0.062077758,0.114074103,230,H,H1-18,0.664178761,0.004837107,d__Bacteria,p__Chloroflexota,c__Ktedonobacteria,o__Ktedonobacterales,f__Ktedonobacteraceae,g__UBA11361,s__
H3-16-all-fractions_metab_conc_11,H3-16-all-fractions_Cystobacter_violaceus_70_0,"Cystobacter violaceus, Cystobacter, Myxococcales, Deltaproteobacteria, Proteobacteria, Bacteria",NA,10044856,69.91,0.6991,0,150,8493,312541,47,2,48,8,14,2,Uncurated genome,near complete,Bacteria,Proteobacteria,Deltaproteobacteria,Myxococcales,Cystobacter,Cystobacterviolaceus,Bacteria,1,1,62,62_0,1.722347899,1.723726299,1.723437693,1.725023726,1.725089434,1.726255689,1.723625008,1.725001904,0.020273262,0.020333716,0.017208395,0.023424749,0.006216354,352,H,H3-16,1.034513923,0.006535874,d__Bacteria,p__Myxococcota,c__Myxococcia,o__Myxococcales,f__Myxococcaceae,g__Archangium,s__
H1-16-all-fractions_metab_31,H1-16-all-fractions_Corynebacterium_durum_57_11,"Corynebacterium durum, Corynebacterium, Corynebacteriales, Actinobacteria, Actinobacteria, Bacteria",NA,2747925,57.28,0.5728,11.15,82,2598,220502,51,0,51,0,13,0,Uncurated genome,near complete,Bacteria,Actinobacteria,Actinobacteria,Corynebacteriales,Corynebacterium,Corynebacteriumdurum,Bacteria,1,1,29,29_0,1.757857033,1.732835581,1.719653168,1.734895591,1.719235578,1.734021092,1.732248593,1.733917422,0.02122513,0.024517239,-0.362242147,0.225570951,0.587813098,153,H,H1-16,0.000221424,1.65E-06,d__Bacteria,p__Actinobacteriota,c__Actinobacteria,o__Mycobacteriales,f__Mycobacteriaceae,g__Corynebacterium,s__Corynebacterium durum
H1-16-all-fractions_metab_conc_42,H1-16-all-fractions_Ktedonobacter_racemifer_53_14,"Ktedonobacter racemifer, Ktedonobacter, Ktedonobacterales, Ktedonobacteria, Chloroflexi, Bacteria",NA,6485173,53.07,0.5307,14.46,473,6006,92873,47,1,46,5,12,4,Uncurated genome,near complete,Bacteria,Chloroflexi,Ktedonobacteria,Ktedonobacterales,Ktedonobacter,Ktedonobacterracemifer,Bacteria,1,1,8,8_1,1.710013835,1.714173681,1.719059262,1.715900314,1.714064254,1.717482684,1.714379117,1.715852226,0.021360538,0.021865965,-0.046761912,0.061903921,0.108665832,229,H,H1-16,1.233080739,0.009178268,d__Bacteria,p__Chloroflexota,c__Ktedonobacteria,o__Ktedonobacterales,f__Ktedonobacteraceae,g__UBA11361,s__
H1-16-all-fractions_metab_conc_21,H1-16-all-fractions_Actinobacteria_69_13,"Actinobacteria, Actinobacteria, Bacteria",NA,2643828,69.07,0.6907,13.47,397,3108,33426,47,4,49,8,13,1,Uncurated genome,near complete,Bacteria,Actinobacteria,Actinobacteria,unknown,unknown,unknown,unknown,1,1,130,130_0,1.72211053,1.72384948,1.723483334,1.724569498,1.725187438,1.726819845,1.723593767,1.725079608,0.021903644,0.021942682,0.016041336,0.025702691,0.009661355,201,H,H1-16,1.596240426,0.011881398,d__Bacteria,p__Actinobacteriota,c__Thermoleophilia,o__Solirubrobacterales,f__70-9,g__,s__
H2-16-all-fractions_metab_conc_65,H2-16-all-fractions_Actinobacteria_69_12,"Actinobacteria, Actinobacteria, Bacteria",NA,3216359,68.76,0.6876,11.58,169,3140,84622,45,0,47,1,11,0,Uncurated genome,near complete,Bacteria,Actinobacteria,Actinobacteria,unknown,unknown,unknown,unknown,1,1,162,162_0,1.729004945,1.734251597,1.732542243,1.732210371,1.734430339,1.734659027,1.731992509,1.733706998,0.026332216,0.025196438,-0.004875696,0.077238941,0.082114637,105,H,H2-16,0.783056857,0.004762581,d__Bacteria,p__Actinobacteriota,c__Thermoleophilia,o__Solirubrobacterales,f__Solirubrobacteraceae,g__Palsa-465,s__
H1-16-all-fractions_conc_93,H1-16-all-fractions_Chloroflexi_54_9,"Chloroflexi, Bacteria",NA,7976920,53.73,0.5373,8.88,896,7627,44870,45,0,46,4,13,3,Uncurated genome,near complete,Bacteria,Chloroflexi,unknown,unknown,unknown,unknown,unknown,1,1,9,9_0,1.71046209,1.714196848,1.714738376,1.714339932,1.71506953,1.717341068,1.713423332,1.715292616,0.027678565,0.027762321,-0.005913086,0.055564084,0.061477171,227,H,H1-16,0.808351218,0.006016852,d__Bacteria,p__Chloroflexota,c__Ktedonobacteria,o__Ktedonobacterales,f__Ktedonobacteraceae,g__UBA11361,s__
H1-16-all-fractions_metab_conc_68,H1-16-all-fractions_Ktedonobacter_racemifer_52_21,"Ktedonobacter racemifer, Ktedonobacter, Ktedonobacterales, Ktedonobacteria, Chloroflexi, Bacteria",NA,6314257,52,0.52,20.54,1192,6545,32107,41,2,43,7,14,4,Uncurated genome,near complete,Bacteria,Chloroflexi,Ktedonobacteria,Ktedonobacterales,Ktedonobacter,Ktedonobacterracemifer,Bacteria,1,1,10,10_1,1.709094591,1.712949787,1.712870389,1.712469455,1.713412528,1.716073294,1.711792503,1.713830845,0.030149911,0.03030115,-0.005956364,0.057400193,0.063356558,225,H,H1-16,1.634668347,0.012167431,d__Bacteria,p__Chloroflexota,c__Ktedonobacteria,o__Ktedonobacterales,f__Ktedonobacteraceae,g__UBA11361,s__
H3-16-all-fractions_conc_58,H3-16-all-fractions_Chloroflexi_52_0,"Chloroflexi, Bacteria",NA,8127148,52.2,0.522,0,1791,8688,35258,50,5,46,7,13,3,Uncurated genome,near complete,Bacteria,Chloroflexi,unknown,unknown,unknown,unknown,unknown,1,1,10,10_2,1.709280081,1.713093204,1.713002907,1.712678063,1.713553317,1.716232899,1.711945435,1.714001389,0.030526897,0.03056032,-0.004825602,0.056767801,0.061593402,224,H,H3-16,1.149612278,0.007263044,d__Bacteria,p__Chloroflexota,c__Ktedonobacteria,o__Ktedonobacterales,f__Ktedonobacteraceae,g__UBA11361,s__
H1-18-all-fractions_metab_85,H1-18-all-fractions_Ktedonobacter_racemifer_51_8,"Ktedonobacter racemifer, Ktedonobacter, Ktedonobacterales, Ktedonobacteria, Chloroflexi, Bacteria",NA,6001450,51.22,0.5122,8.32,1133,6045,26546,25,3,31,8,11,3,Uncurated genome,partial,Bacteria,Chloroflexi,Ktedonobacteria,Ktedonobacterales,Ktedonobacter,Ktedonobacterracemifer,Bacteria,1,1,11,11_0,1.708913478,1.713309564,1.713245929,1.712248313,1.713221372,1.716287889,1.711793593,1.713948589,0.031996447,0.032034847,-0.014817366,0.065459646,0.080277012,226,H,H1-18,0.200160954,0.00145774,d__Bacteria,p__Chloroflexota,c__Ktedonobacteria,o__Ktedonobacterales,f__Ktedonobacteraceae,g__UBA11361,s__
H2-16-all-fractions_metab_138,H2-16-all-fractions_Actinobacteria_69_25,"Actinobacteria, Actinobacteria, Bacteria",NA,2699576,69.06,0.6906,25.11,135,2797,182006,44,7,48,7,13,0,Uncurated genome,near complete,Bacteria,Actinobacteria,Actinobacteria,unknown,unknown,unknown,unknown,1,1,134,134_1,1.728491727,1.734367783,1.734176469,1.734425209,1.734945191,1.735667857,1.732537796,1.734820283,0.034685508,0.03353344,0.003650945,0.08653086,0.082879916,97,H,H2-16,1.371457785,0.008341257,d__Bacteria,p__Actinobacteriota,c__Thermoleophilia,o__Solirubrobacterales,f__70-9,g__,s__
H3-18-all-fractions_metab_maxbC_50,H3-18-all-fractions_Actinobacteria_69_9,"Actinobacteria, Actinobacteria, Bacteria",NA,2112313,68.68,0.6868,8.96,286,2282,42617,45,1,46,1,12,1,Uncurated genome,near complete,Bacteria,Actinobacteria,Actinobacteria,unknown,unknown,unknown,unknown,1,1,96,96_1,1.721489961,1.724202525,1.722704515,1.724716891,1.724580827,1.727364595,1.722925101,1.725428004,0.036941336,0.03697663,0.029733647,0.041086504,0.011352857,189,H,H3-18,0.636728367,0.005073052,d__Bacteria,p__Actinobacteriota,c__UBA4738,o__UBA4738,f__HRBIN12,g__,s__
H3-16-all-fractions_metab_maxbC_95,H3-16-all-fractions_Actinobacteria_69_0,"Actinobacteria, Actinobacteria, Bacteria",NA,2118936,68.67,0.6867,0,181,2257,45585,37,1,38,0,13,0,Uncurated genome,partial,Bacteria,Actinobacteria,Actinobacteria,unknown,unknown,unknown,unknown,1,NA,96,96_1,1.721422795,1.724183758,1.722724559,1.724718569,1.724600359,1.727348833,1.722915904,1.725417053,0.036988484,0.036950913,0.029461927,0.040824676,0.011362749,1054,H,H3-16,0.762229347,0.004815628,d__Bacteria,p__Actinobacteriota,c__UBA4738,o__UBA4738,f__HRBIN12,g__,s__
H1-18-all-fractions_metab_conc_17,H1-18-all-fractions_Bacteria_55_30,Bacteria,NA,3411861,54.9,0.549,30.12,399,3552,61848,38,4,42,3,14,0,Uncurated genome,near complete,Bacteria,unknown,unknown,unknown,unknown,unknown,unknown,1,1,84,84_1,1.710127647,1.714919202,1.714587368,1.714605826,1.714715299,1.717822444,1.713143438,1.715782491,0.039171309,0.039201955,0.000273953,0.071301941,0.071027988,423,H,H1-18,1.163639139,0.008474596,d__Bacteria,p__Verrucomicrobiota,c__Verrucomicrobiae,o__Chthoniobacterales,f__UBA10450,g__AV55,s__AV55 sp003219945
H3-18-all-fractions_metab_conc_87,H3-18-all-fractions_Bacteria_55_12,Bacteria,NA,2754180,55.02,0.5502,12.05,326,2848,33434,42,2,44,2,12,0,Uncurated genome,near complete,Bacteria,unknown,unknown,unknown,unknown,unknown,unknown,1,1,84,84_2,1.710154014,1.715031035,1.714602391,1.714826269,1.714742501,1.717929503,1.713166302,1.715928935,0.04071707,0.041037218,0.003322779,0.072572745,0.069249966,422,H,H3-18,1.005721621,0.008012958,d__Bacteria,p__Verrucomicrobiota,c__Verrucomicrobiae,o__Chthoniobacterales,f__UBA10450,g__AV55,s__AV55 sp003219945
H3-18-all-fractions_conc_15,H3-18-all-fractions_Actinobacteria_69_13,"Actinobacteria, Actinobacteria, Bacteria",NA,6219017,69.28,0.6928,12.71,828,6658,82885,37,18,34,17,8,1,Uncurated genome,partial,Bacteria,Actinobacteria,Actinobacteria,unknown,unknown,unknown,unknown,1,1,143,143_0,1.721958843,1.724392098,1.723180632,1.725856575,1.725053636,1.728212154,1.723397704,1.726153609,0.040747445,0.040703585,0.035968191,0.046605229,0.010637038,191,H,H3-18,0.679132307,0.0054109,d__Bacteria,p__Actinobacteriota,c__Thermoleophilia,o__Solirubrobacterales,f__Solirubrobacteraceae,g__Palsa-465,s__
H1-18-all-fractions_maxb_99,H1-18-all-fractions_Actinobacteria_69_12,"Actinobacteria, Actinobacteria, Bacteria",NA,2851814,68.61,0.6861,12.24,145,2976,134637,49,1,50,1,13,1,Uncurated genome,near complete,Bacteria,Actinobacteria,Actinobacteria,unknown,unknown,unknown,unknown,1,1,95,95_1,1.72150538,1.724878917,1.722880095,1.725305642,1.724704859,1.728526906,1.723030111,1.726237155,0.047363908,0.047376322,0.035834713,0.056406687,0.020571973,185,H,H1-18,0.912356819,0.006644548,d__Bacteria,p__Actinobacteriota,c__UBA4738,o__UBA4738,f__HRBIN12,g__,s__
H3-18-all-fractions_metab_conc_21,H3-18-all-fractions_Bacteria_57_12,Bacteria,NA,6966102,56.85,0.5685,11.97,169,5988,201665,46,1,47,1,14,2,Uncurated genome,near complete,Bacteria,unknown,unknown,unknown,unknown,unknown,unknown,1,1,269,269_1,1.711291237,1.716900933,1.714668746,1.715902422,1.715667133,1.718633567,1.713875705,1.717145641,0.048205678,0.048554206,0.018309978,0.083422353,0.065112375,407,H,H3-18,1.068981567,0.008516974,d__Bacteria,p__Planctomycetota,c__Planctomycetes,o__Gemmatales,f__Gemmataceae,g__,s__
H3-18-all-fractions_metab_conc_69,H3-18-all-fractions_Acidobacteria_55_11,"Acidobacteria, Bacteria",NA,5246676,55.48,0.5548,11.08,228,4855,183008,49,2,50,2,12,1,Uncurated genome,near complete,Bacteria,Acidobacteria,unknown,unknown,unknown,unknown,unknown,1,1,22,22_1,1.711019024,1.715759081,1.714811719,1.716724327,1.715616713,1.719002419,1.713815818,1.717161942,0.049476326,0.049686138,0.028383569,0.070499512,0.042115943,19,H,H3-18,0.633644093,0.005048478,d__Bacteria,p__Acidobacteriota,c__Acidobacteriae,o__Bryobacterales,f__Bryobacteraceae,g__,s__
H1-18-all-fractions_metab_conc_92,H1-18-all-fractions_Bacteria_55_11,Bacteria,NA,5890098,55.49,0.5549,10.8,285,5532,162792,50,1,50,1,12,1,Uncurated genome,near complete,Bacteria,unknown,unknown,unknown,unknown,unknown,unknown,1,NA,22,22_1,1.711023901,1.715793235,1.7148257,1.716768283,1.71563473,1.719064583,1.71382811,1.7172087,0.050180737,0.050197569,0.028828164,0.070934765,0.042106601,1862,H,H1-18,0.708189616,0.005157631,d__Bacteria,p__Acidobacteriota,c__Acidobacteriae,o__Bryobacterales,f__Bryobacteraceae,g__,s__
H2-18-all-fractions_metab_conc_87,H2-18-all-fractions_Actinobacteria_71_36,"Actinobacteria, Actinobacteria, Bacteria",NA,3641671,71.16,0.7116,36.44,689,4309,28345,47,0,49,3,14,0,Uncurated genome,near complete,Bacteria,Actinobacteria,Actinobacteria,unknown,unknown,unknown,unknown,1,1,149,149_2,1.723824851,1.727142395,1.724778425,1.727533396,1.726624283,1.730735051,1.725075853,1.728470281,0.05021829,0.050087048,0.040658446,0.060602733,0.019944287,179,H,H2-18,3.052978859,0.017920451,d__Bacteria,p__Actinobacteriota,c__Thermoleophilia,o__Solirubrobacterales,f__Thermoleophilaceae,g__,s__
H3-16-all-fractions_metab_conc_146,H3-16-all-fractions_Bacteria_55_0,Bacteria,NA,5882217,55.39,0.5539,0,184,5444,571867,48,1,48,1,12,1,Uncurated genome,near complete,Bacteria,unknown,unknown,unknown,unknown,unknown,unknown,1,NA,22,22_1,1.711010642,1.715885503,1.714754793,1.716866934,1.715619766,1.719083053,1.713795067,1.717278497,0.051550795,0.051725525,0.031345671,0.072504716,0.041159045,1859,H,H3-16,0.841892688,0.005318927,d__Bacteria,p__Acidobacteriota,c__Acidobacteriae,o__Bryobacterales,f__Bryobacteraceae,g__,s__
H1-16-all-fractions_metab_conc_73,H1-16-all-fractions_Acidobacteria_55_9,"Acidobacteria, Bacteria",NA,5648736,55.47,0.5547,9.32,408,5453,84177,48,2,49,2,14,2,Uncurated genome,near complete,Bacteria,Acidobacteria,unknown,unknown,unknown,unknown,unknown,1,NA,22,22_1,1.711012745,1.715862529,1.714767316,1.716918097,1.715608218,1.719097925,1.713796093,1.717292851,0.051951693,0.05192347,0.031918928,0.072131757,0.04021283,486,H,H1-16,0.804117126,0.005985336,d__Bacteria,p__Acidobacteriota,c__Acidobacteriae,o__Bryobacterales,f__Bryobacteraceae,g__,s__
H2-16-all-fractions_metab_conc_25,H2-16-all-fractions_Burkholderiales_70_14,"Burkholderiales, Betaproteobacteria, Proteobacteria, Bacteria",NA,4732178,70.21,0.7021,13.87,904,5212,21306,28,3,30,7,10,1,Uncurated genome,partial,Bacteria,Proteobacteria,Betaproteobacteria,Burkholderiales,unknown,unknown,unknown,1,1,249,249_2,1.734177267,1.740138486,1.735779843,1.739861697,1.736933305,1.73792559,1.735630138,1.739308591,0.054330821,0.053947133,0.014541644,0.087498777,0.072957133,315,H,H2-16,0.653491065,0.003974557,d__Bacteria,p__Proteobacteria,c__Gammaproteobacteria,o__Burkholderiales,f__Burkholderiaceae,g__,s__
H2-18-all-fractions_metab_49,H2-18-all-fractions_Bacteria_55_6,Bacteria,NA,3234460,54.57,0.5457,6.49,992,3783,16397,40,1,43,6,11,4,Uncurated genome,near complete,Bacteria,unknown,unknown,unknown,unknown,unknown,unknown,1,1,85,85_0,1.710339821,1.716007927,1.713463647,1.714439365,1.714755216,1.719337857,1.712852895,1.71659505,0.05625835,0.05559718,0.014491067,0.084334765,0.069843698,405,H,H2-18,0.212424354,0.001246894,d__Bacteria,p__Verrucomicrobiota,c__Verrucomicrobiae,o__Chthoniobacterales,f__UBA10450,g__AV55,s__AV55 sp003217875
H3-18-all-fractions_metab_conc_37,H3-18-all-fractions_Alphaproteobacteria_64_16,"Alphaproteobacteria, Proteobacteria, Bacteria",NA,10717322,64.43,0.6443,15.66,1617,11463,33587,42,5,43,8,9,4,Uncurated genome,near complete,Bacteria,Proteobacteria,Alphaproteobacteria,unknown,unknown,unknown,unknown,1,1,58,58_2,1.71700467,1.721602689,1.719633857,1.723547915,1.721101323,1.724520668,1.719246617,1.723223758,0.058790158,0.058877972,0.05056576,0.068158398,0.017592639,334,H,H3-18,1.420816958,0.011320177,d__Bacteria,p__Proteobacteria,c__Alphaproteobacteria,o__Acetobacterales,f__Acetobacteraceae,g__Rhodopila,s__
H1-16-all-fractions_metab_conc_51,H1-16-all-fractions_Actinobacteria_75_17,"Actinobacteria, Actinobacteria, Bacteria",NA,3963092,74.66,0.7466,16.79,222,3825,75921,18,0,21,2,12,4,Uncurated genome,partial,Bacteria,Actinobacteria,Actinobacteria,unknown,unknown,unknown,unknown,1,1,79,79_0,1.726486075,1.729651069,1.727000324,1.731746386,1.729156329,1.734048327,1.727547576,1.731815261,0.062685133,0.062885979,0.046666079,0.072018408,0.025352328,192,H,H1-16,1.096216808,0.00815954,d__Bacteria,p__Actinobacteriota,c__Actinobacteria,o__Mycobacteriales,f__QHCD01,g__,s__
H3-16-all-fractions_metab_132,H3-16-all-fractions_Bacteria_57_0,Bacteria,NA,7301316,56.82,0.5682,0,228,6431,358788,49,1,48,1,14,2,Uncurated genome,near complete,Bacteria,unknown,unknown,unknown,unknown,unknown,unknown,1,NA,269,269_1,1.715252507,1.720294575,1.717727284,1.722610908,1.715702913,1.718710201,1.716227568,1.720538561,0.063459948,0.063924782,0.044606654,0.074807888,0.030201234,1848,H,H3-16,1.065752547,0.006733234,d__Bacteria,p__Planctomycetota,c__Planctomycetes,o__Gemmatales,f__Gemmataceae,g__,s__
H3-16-all-fractions_metab_conc_29,H3-16-all-fractions_Actinobacteria_71_0,"Actinobacteria, Actinobacteria, Bacteria",NA,7569856,71.39,0.7139,0,355,7347,113231,33,3,35,5,10,3,Uncurated genome,partial,Bacteria,Actinobacteria,Actinobacteria,unknown,unknown,unknown,unknown,1,1,193,193_1,1.723610631,1.727272664,1.724634196,1.729445895,1.726493451,1.730948944,1.724912759,1.729222501,0.063718227,0.063599365,0.054081884,0.071018279,0.016936395,177,H,H3-16,1.084716376,0.006853044,d__Bacteria,p__Actinobacteriota,c__Actinobacteria,o__Streptosporangiales,f__Streptosporangiaceae,g__Palsa-504,s__
H3-18-all-fractions_metab_conc_64,H3-18-all-fractions_Actinobacteria_71_15,"Actinobacteria, Actinobacteria, Bacteria",NA,7573991,71.39,0.7139,15.09,463,7406,122416,25,1,29,4,12,5,Uncurated genome,partial,Bacteria,Actinobacteria,Actinobacteria,unknown,unknown,unknown,unknown,1,NA,193,193_1,1.723609489,1.727266186,1.724620105,1.729450118,1.726501779,1.730950723,1.724910457,1.729222342,0.063728273,0.063631072,0.054003113,0.071289156,0.017286043,1023,H,H3-18,1.273889468,0.010149551,d__Bacteria,p__Actinobacteriota,c__Actinobacteria,o__Streptosporangiales,f__Streptosporangiaceae,g__Palsa-504,s__
H1-18-all-fractions_metab_conc_80,H1-18-all-fractions_Solirubrobacterales_69_26,"Solirubrobacterales, Thermoleophilia, Actinobacteria, Bacteria",NA,2429613,68.64,0.6864,25.88,21,2454,411304,43,0,48,3,13,1,Uncurated genome,near complete,Bacteria,Actinobacteria,Thermoleophilia,Solirubrobacterales,unknown,unknown,unknown,1,1,136,136_1,1.721956697,1.730146182,1.730357057,1.728345988,1.724907176,1.732266181,1.72574031,1.730252784,0.066501578,0.066556228,-0.029582907,0.121055305,0.150638212,206,H,H1-18,2.349740357,0.01711278,d__Bacteria,p__Actinobacteriota,c__Thermoleophilia,o__Solirubrobacterales,f__70-9,g__,s__
H1-16-all-fractions_metab_conc_19,H1-16-all-fractions_Solirubrobacterales_69_18,"Solirubrobacterales, Thermoleophilia, Actinobacteria, Bacteria",NA,2283651,68.68,0.6868,18.13,62,2345,166646,44,1,47,3,12,1,Uncurated genome,near complete,Bacteria,Actinobacteria,Thermoleophilia,Solirubrobacterales,unknown,unknown,unknown,1,NA,136,136_1,1.721982761,1.730158823,1.730611245,1.728674575,1.724686453,1.732271523,1.725760153,1.730368307,0.067185879,0.067966714,-0.028484325,0.120855133,0.149339458,1170,H,H1-16,2.312786397,0.01721491,d__Bacteria,p__Actinobacteriota,c__Thermoleophilia,o__Solirubrobacterales,f__70-9,g__,s__
H2-16-all-fractions_metab_56,H2-16-all-fractions_Actinobacteria_73_59,"Actinobacteria, Actinobacteria, Bacteria",NA,4443026,73.15,0.7315,59.45,55,4145,358885,26,0,28,1,12,2,Uncurated genome,partial,Bacteria,Actinobacteria,Actinobacteria,unknown,unknown,unknown,unknown,1,1,214,214_1,1.737958082,1.742867167,1.738748043,1.744863774,1.741050277,1.744721933,1.739252134,1.744150958,0.071460163,0.071698532,0.053682362,0.089534969,0.035852607,88,H,H2-16,2.834580457,0.017240024,d__Bacteria,p__Actinobacteriota,c__Actinobacteria,o__Frankiales,f__Frankiaceae,g__,s__
H3-16-all-fractions_metab_76,H3-16-all-fractions_Alphaproteobacteria_69_0,"Alphaproteobacteria, Proteobacteria, Bacteria",NA,6587199,68.52,0.6852,0,1660,7588,30392,38,5,43,8,11,1,Uncurated genome,near complete,Bacteria,Proteobacteria,Alphaproteobacteria,unknown,unknown,unknown,unknown,1,1,59,59_0,1.721151912,1.725289658,1.722641132,1.728378301,1.724266715,1.729181921,1.722686587,1.727616627,0.07293426,0.072843831,0.061191793,0.084771801,0.023580008,335,H,H3-16,0.577421498,0.003648046,d__Bacteria,p__Proteobacteria,c__Alphaproteobacteria,o__Geminicoccales,f__Geminicoccaceae,g__,s__
H2-18-all-fractions_metab_conc_39,H2-18-all-fractions_Bacteria_66_9,Bacteria,NA,5371659,65.77,0.6577,8.73,666,4738,58568,38,3,38,4,10,1,Uncurated genome,partial,Bacteria,unknown,unknown,unknown,unknown,unknown,unknown,1,1,298,298_0,1.723319339,1.721734461,1.719741078,1.722165524,1.716797619,1.730755364,1.719952679,1.724885116,0.073346692,0.072991865,-0.023407742,0.206930981,0.230338723,425,H,H2-18,1.227347539,0.007204315,d__Bacteria,p__Planctomycetota,c__Planctomycetes,o__Gemmatales,f__Gemmataceae,g__,s__
H1-18-all-fractions_conc_122,H1-18-all-fractions_Actinobacteria_70_12,"Actinobacteria, Actinobacteria, Bacteria",NA,4667634,70.45,0.7045,11.51,408,5244,44937,19,3,22,8,11,4,Uncurated genome,partial,Bacteria,Actinobacteria,Actinobacteria,unknown,unknown,unknown,unknown,1,1,80,80_0,1.723024043,1.727341569,1.724245089,1.728918568,1.72601709,1.731961315,1.724428741,1.729407151,0.073479724,0.073486489,0.06378311,0.087662177,0.023879067,193,H,H1-18,0.749638675,0.005459498,d__Bacteria,p__Actinobacteriota,c__Thermoleophilia,o__20CM-4-69-9,f__20CM-4-69-9,g__Palsa-739,s__
H2-16-all-fractions_metab_conc_1,H2-16-all-fractions_Acidobacteriales_58_9,"Acidobacteriales, Acidobacteriia, Acidobacteria, Bacteria",NA,4412935,57.81,0.5781,9.16,241,4037,98057,26,4,28,5,11,1,Uncurated genome,partial,Bacteria,Acidobacteria,Acidobacteriia,Acidobacteriales,unknown,unknown,unknown,1,1,24,24_1,1.715692308,1.723099747,1.719454611,1.724081254,1.720331734,1.723127466,1.718492884,1.723436156,0.073780734,0.073204947,0.041357763,0.109875888,0.068518125,7,H,H2-16,0.841487759,0.00511796,d__Bacteria,p__Acidobacteriota,c__Acidobacteriae,o__Acidobacteriales,f__Koribacteraceae,g__Sulfotelmatobacter,s__Sulfotelmatobacter sp003223595
H1-18-all-fractions_conc_53,H1-18-all-fractions_Chloroflexi_64_10,"Chloroflexi, Bacteria",NA,8784585,64.36,0.6436,9.58,967,8029,45044,49,1,50,5,14,4,Uncurated genome,near complete,Bacteria,Chloroflexi,unknown,unknown,unknown,unknown,unknown,1,1,171,171_0,1.716224257,1.72264479,1.720627487,1.72432684,1.720416483,1.725283439,1.719089409,1.724085023,0.073948418,0.073962215,0.054721556,0.095217449,0.040495893,228,H,H1-18,0.546867576,0.003982748,d__Bacteria,p__Chloroflexota,c__Chloroflexia,o__Chloroflexales,f__Roseiflexaceae,g__Kouleothrix,s__
H3-18-all-fractions_metab_29,H3-18-all-fractions_Bacteria_58_22,Bacteria,NA,5228117,58.31,0.5831,21.62,75,4468,480420,50,0,49,1,14,0,Uncurated genome,near complete,Bacteria,unknown,unknown,unknown,unknown,unknown,unknown,1,NA,19,19_1,1.71282175,1.719533686,1.715580875,1.718748964,1.716702329,1.721898942,1.715034985,1.720060531,0.074317277,0.074574005,0.046996264,0.099727028,0.052730764,1810,H,H3-18,1.645549531,0.013110705,d__Bacteria,p__Planctomycetota,c__Planctomycetes,o__Gemmatales,f__Gemmataceae,g__,s__
H3-18-all-fractions_metab_conc_28,H3-18-all-fractions_Alphaproteobacteria_63_10,"Alphaproteobacteria, Proteobacteria, Bacteria",NA,5044501,62.94,0.6294,10.24,183,4725,192168,24,2,26,3,10,1,Uncurated genome,partial,Bacteria,Proteobacteria,Alphaproteobacteria,unknown,unknown,unknown,unknown,1,NA,50,50_1,1.716378917,1.721297629,1.719070788,1.724669727,1.720570672,1.725181227,1.718673459,1.723716194,0.074698794,0.074676227,0.068200935,0.082893696,0.014692761,1574,H,H3-18,0.979227451,0.007801869,d__Bacteria,p__Proteobacteria,c__Alphaproteobacteria,o__Rhizobiales,f__Xanthobacteraceae,g__BOG-931,s__
H1-16-all-fractions_metab_conc_6,H1-16-all-fractions_Bacteria_69_19,Bacteria,NA,7516630,68.58,0.6858,18.97,109,6474,357238,51,1,50,4,12,1,Uncurated genome,near complete,Bacteria,unknown,unknown,unknown,unknown,unknown,unknown,1,1,55,55_1,1.721712568,1.731694052,1.733191328,1.72924439,1.725099518,1.73457179,1.726667805,1.731836744,0.075083035,0.076197664,-0.057964583,0.147565032,0.205529616,432,H,H1-16,2.454959149,0.018273153,d__Bacteria,p__Acidobacteriota,c__Thermoanaerobaculia,o__UBA5704,f__UBA5704,g__,s__
H3-16-all-fractions_metab_conc_31,H3-16-all-fractions_Alphaproteobacteria_63_0,"Alphaproteobacteria, Proteobacteria, Bacteria",NA,4887832,62.77,0.6277,0,52,4500,426642,47,0,48,1,10,0,Uncurated genome,near complete,Bacteria,Proteobacteria,Alphaproteobacteria,unknown,unknown,unknown,unknown,1,1,50,50_1,1.716288443,1.721316585,1.719036277,1.724801065,1.720470172,1.725094206,1.718598298,1.723737285,0.075968924,0.076104717,0.068404114,0.085350613,0.016946499,329,H,H3-16,1.07014119,0.00676096,d__Bacteria,p__Proteobacteria,c__Alphaproteobacteria,o__Rhizobiales,f__Xanthobacteraceae,g__BOG-931,s__
H2-16-all-fractions_metab_94,H2-16-all-fractions_Actinobacteria_68_178,"Actinobacteria, Actinobacteria, Bacteria",NA,3596147,67.95,0.6795,178.48,25,3757,364099,47,0,49,1,13,0,Uncurated genome,near complete,Bacteria,Actinobacteria,Actinobacteria,unknown,unknown,unknown,unknown,1,NA,123,123_1,1.728075005,1.734891149,1.732165302,1.737077997,1.733792256,1.737780579,1.731344187,1.736583242,0.077414913,0.077021877,0.058551487,0.100397013,0.041845526,665,H,H2-16,12.92364566,0.078602096,d__Bacteria,p__Actinobacteriota,c__Thermoleophilia,o__20CM-4-69-9,f__20CM-4-69-9,g__PALSA-600,s__
H1-18-all-fractions_conc_118,H1-18-all-fractions_Deltaproteobacteria_70_14,"Deltaproteobacteria, Proteobacteria, Bacteria",NA,4813784,70.01,0.7001,13.93,558,4833,43280,39,1,38,2,11,2,Uncurated genome,partial,Bacteria,Proteobacteria,Deltaproteobacteria,unknown,unknown,unknown,unknown,1,1,77,77_0,1.722081897,1.727098849,1.72334826,1.728547192,1.725021899,1.730901758,1.723484019,1.728849266,0.079235852,0.079239471,0.074155823,0.08676236,0.012606537,342,H,H1-18,0.358104049,0.002608014,d__Bacteria,p__Myxococcota,c__Myxococcia,o__Myxococcales,f__40CM-4-68-19,g__40CM-4-68-19,s__
H1-18-all-fractions_metab_conc_61,H1-18-all-fractions_Actinobacteria_70_18,"Actinobacteria, Actinobacteria, Bacteria",NA,2433400,69.78,0.6978,18.44,230,2628,60199,32,7,36,6,11,3,Uncurated genome,partial,Bacteria,Actinobacteria,Actinobacteria,unknown,unknown,unknown,unknown,1,1,99,99_0,1.722122434,1.726909749,1.723412452,1.729148192,1.725173722,1.730864976,1.723569536,1.728974306,0.079822681,0.079818904,0.070759602,0.084714466,0.013954865,152,H,H1-18,1.617424956,0.011779445,d__Bacteria,p__Actinobacteriota,c__UBA4738,o__UBA4738,f__HRBIN12,g__,s__
H2-16-all-fractions_metab_conc_97,H2-16-all-fractions_Actinobacteria_72_48,"Actinobacteria, Actinobacteria, Bacteria",NA,3157618,72.28,0.7228,47.9,282,3366,58684,23,0,24,1,11,0,Uncurated genome,partial,Bacteria,Actinobacteria,Actinobacteria,unknown,unknown,unknown,unknown,1,1,150,150_0,1.736226394,1.744228737,1.737907059,1.741876821,1.740170217,1.745055123,1.738101224,1.743720227,0.083105956,0.082292292,0.058145062,0.11732369,0.059178629,84,H,H2-16,2.221222659,0.013509559,d__Bacteria,p__Actinobacteriota,c__Thermoleophilia,o__Solirubrobacterales,f__Thermoleophilaceae,g__,s__
H3-16-all-fractions_metab_67,H3-16-all-fractions_RIF_CHLX_70_0,"RIF-CHLX, Bacteria",NA,3267918,70.48,0.7048,0,609,3587,58875,35,7,36,10,10,3,Uncurated genome,partial,Bacteria,RIF-CHLX,unknown,unknown,unknown,unknown,unknown,1,1,92,92_0,1.72285118,1.727388785,1.723995902,1.730362164,1.725742879,1.731789335,1.724196653,1.729846761,0.083658908,0.083412708,0.067041114,0.093996266,0.026955152,357,H,H3-16,0.657956325,0.00415685,d__Bacteria,p__Chloroflexota_A,c__Ellin6529,o__CSP1-4,f__CSP1-4,g__,s__
H3-16-all-fractions_metab_130,H3-16-all-fractions_Bacteria_58_0,Bacteria,NA,5210819,58.33,0.5833,0,74,4513,333962,50,0,49,1,14,0,Uncurated genome,near complete,Bacteria,unknown,unknown,unknown,unknown,unknown,unknown,1,1,19,19_1,1.713485437,1.721528291,1.715658049,1.71941801,1.716720848,1.721928557,1.715288111,1.720958286,0.083704477,0.084127245,0.055773749,0.119455757,0.063682007,397,H,H3-16,1.921560789,0.012140077,d__Bacteria,p__Planctomycetota,c__Planctomycetes,o__Gemmatales,f__Gemmataceae,g__,s__
H3-18-all-fractions_metab_conc_49,H3-18-all-fractions_Actinobacteria_70_18,"Actinobacteria, Actinobacteria, Bacteria",NA,4114958,70.2,0.702,18.01,367,4395,74509,46,7,48,6,12,1,Uncurated genome,near complete,Bacteria,Actinobacteria,Actinobacteria,unknown,unknown,unknown,unknown,1,1,125,125_0,1.722755796,1.727862244,1.723882099,1.729963471,1.725749615,1.731598779,1.72412917,1.729808165,0.083926169,0.083842071,0.075449352,0.089795461,0.014346109,154,H,H3-18,0.698904244,0.00556843,d__Bacteria,p__Actinobacteriota,c__Thermoleophilia,o__20CM-4-69-9,f__20CM-4-69-9,g__PALSA-600,s__
H1-18-all-fractions_metab_conc_19,H1-18-all-fractions_Rhizobiales_64_12,"Rhizobiales, Alphaproteobacteria, Proteobacteria, Bacteria",NA,2604427,63.56,0.6356,12.25,223,2725,39001,24,1,25,2,10,0,Uncurated genome,partial,Bacteria,Proteobacteria,Alphaproteobacteria,Rhizobiales,unknown,unknown,unknown,1,1,272,272_0,1.716989681,1.722683263,1.719633289,1.725865787,1.72102263,1.72630704,1.7192152,1.72495203,0.084936793,0.084928941,0.078149086,0.092244457,0.014095371,330,H,H1-18,0.613250923,0.004466208,d__Bacteria,p__Proteobacteria,c__Alphaproteobacteria,o__Rhizobiales,f__Anderseniellaceae,g__,s__
H1-18-all-fractions_metab_maxb_101,H1-18-all-fractions_Bacteria_63_9,Bacteria,NA,5050636,62.55,0.6255,8.96,549,4340,51723,45,0,48,1,14,0,Uncurated genome,near complete,Bacteria,unknown,unknown,unknown,unknown,unknown,unknown,1,1,33,33_0,1.71614036,1.722702388,1.718921645,1.724402672,1.720390968,1.72572828,1.718484324,1.72427778,0.08580015,0.085802305,0.07895912,0.097317759,0.018358638,410,H,H1-18,1.102592608,0.008030004,d__Bacteria,p__Chloroflexota,c__Chloroflexia,o__54-19,f__,g__,s__
H2-18-all-fractions_metab_19,H2-18-all-fractions_Actinobacteria_69_59,"Actinobacteria, Actinobacteria, Bacteria",NA,2947858,68.63,0.6863,58.58,17,3110,678401,45,1,50,2,13,2,Uncurated genome,near complete,Bacteria,Actinobacteria,Actinobacteria,unknown,unknown,unknown,unknown,1,NA,116,116_1,1.721857353,1.728344151,1.723083378,1.728189449,1.72501443,1.73081976,1.723318387,1.729117786,0.085829098,0.085657787,0.075427531,0.095892035,0.020464504,927,H,H2-18,5.53721729,0.032502495,d__Bacteria,p__Actinobacteriota,c__Thermoleophilia,o__20CM-4-69-9,f__20CM-4-69-9,g__Palsa-739,s__
H1-18-all-fractions_conc_108,H1-18-all-fractions_Bacteria_69_11,Bacteria,NA,6933267,68.93,0.6893,11.25,668,6598,67373,50,2,50,7,12,1,Uncurated genome,near complete,Bacteria,unknown,unknown,unknown,unknown,unknown,unknown,1,1,55,55_2,1.722234737,1.731432787,1.730435901,1.729272947,1.725053224,1.734491593,1.725907954,1.731732442,0.085839018,0.085899703,-0.017106391,0.139266269,0.15637266,433,H,H1-18,0.62964681,0.004585616,d__Bacteria,p__Acidobacteriota,c__Thermoanaerobaculia,o__UBA5704,f__UBA5704,g__,s__
H3-18-all-fractions_metab_conc_68,H3-18-all-fractions_Actinobacteria_70_22,"Actinobacteria, Actinobacteria, Bacteria",NA,2875867,70.36,0.7036,21.65,106,3013,140311,45,2,49,3,11,1,Uncurated genome,near complete,Bacteria,Actinobacteria,Actinobacteria,unknown,unknown,unknown,unknown,1,NA,111,111_1,1.722971568,1.727616864,1.7241175,1.730971781,1.725936556,1.731922362,1.724341875,1.730170336,0.086214993,0.086038342,0.068627286,0.10119441,0.032567124,934,H,H3-18,1.367809393,0.010897846,d__Bacteria,p__Actinobacteriota,c__Thermoleophilia,o__20CM-4-69-9,f__,g__,s__
H1-18-all-fractions_metab_conc_29,H1-18-all-fractions_Actinobacteria_70_15,"Actinobacteria, Actinobacteria, Bacteria",NA,3067897,70.32,0.7032,14.57,100,3234,176465,24,0,28,3,10,3,Uncurated genome,partial,Bacteria,Actinobacteria,Actinobacteria,unknown,unknown,unknown,unknown,1,NA,111,111_1,1.722917376,1.727587648,1.724069121,1.730951209,1.725891369,1.731899124,1.724292622,1.730145994,0.086422307,0.086408466,0.068998383,0.101607725,0.032609342,931,H,H1-18,1.061622538,0.007731626,d__Bacteria,p__Actinobacteriota,c__Thermoleophilia,o__20CM-4-69-9,f__,g__,s__
H1-16-all-fractions_metab_conc_37,H1-16-all-fractions_Actinobacteria_70_13,"Actinobacteria, Actinobacteria, Bacteria",NA,3023131,70.31,0.7031,13.45,107,3217,92300,47,1,51,2,12,2,Uncurated genome,near complete,Bacteria,Actinobacteria,Actinobacteria,unknown,unknown,unknown,unknown,1,1,111,111_1,1.722884726,1.727595668,1.724042368,1.730945393,1.725873604,1.731899621,1.7242669,1.730146894,0.086742569,0.086802772,0.069600549,0.10191841,0.032317861,147,H,H1-16,1.687402765,0.012559952,d__Bacteria,p__Actinobacteriota,c__Thermoleophilia,o__20CM-4-69-9,f__,g__,s__
H3-16-all-fractions_metab_conc_137,H3-16-all-fractions_Actinobacteria_70_0,"Actinobacteria, Actinobacteria, Bacteria",NA,3087569,70.19,0.7019,0,98,3221,194790,23,0,26,1,11,2,Uncurated genome,partial,Bacteria,Actinobacteria,Actinobacteria,unknown,unknown,unknown,unknown,1,NA,111,111_1,1.72282565,1.727537353,1.724005546,1.730911168,1.725825643,1.73185053,1.724218946,1.730099684,0.086997289,0.08681597,0.069614028,0.101958725,0.032344697,929,H,H3-16,1.997429211,0.0126194,d__Bacteria,p__Actinobacteriota,c__Thermoleophilia,o__20CM-4-69-9,f__,g__,s__
H1-16-all-fractions_metab_conc_20,H1-16-all-fractions_Bacteria_65_10,Bacteria,NA,3126185,64.8,0.648,10.11,282,3125,65397,47,0,47,3,12,0,Uncurated genome,near complete,Bacteria,unknown,unknown,unknown,unknown,unknown,unknown,1,1,285,285_1,1.718352868,1.725285419,1.723167165,1.726957637,1.722092878,1.729351479,1.721204304,1.727198178,0.0882799,0.088633478,0.05598716,0.107280036,0.051292876,429,H,H1-16,1.494057083,0.01112081,d__Bacteria,p__Gemmatimonadota,c__Gemmatimonadetes,o__Gemmatimonadales,f__GWC2-71-9,g__,s__
H1-18-all-fractions_metab_conc_40,H1-18-all-fractions_Bacteria_65_17,Bacteria,NA,3148417,64.72,0.6472,17.33,363,3273,46585,49,1,49,2,14,0,Uncurated genome,near complete,Bacteria,unknown,unknown,unknown,unknown,unknown,unknown,1,1,285,285_2,1.718318814,1.725262401,1.723119556,1.726914442,1.722080754,1.729296297,1.721173041,1.727157713,0.088471629,0.088498895,0.056053843,0.106644275,0.050590431,428,H,H1-18,1.41297639,0.010290479,d__Bacteria,p__Gemmatimonadota,c__Gemmatimonadetes,o__Gemmatimonadales,f__GWC2-71-9,g__,s__
H2-16-all-fractions_metab_conc_72,H2-16-all-fractions_Acidobacteria_56_20,"Acidobacteria, Bacteria",NA,6879157,56.45,0.5645,20.46,276,6517,259243,51,1,51,1,13,1,Uncurated genome,near complete,Bacteria,Acidobacteria,unknown,unknown,unknown,unknown,unknown,1,NA,20,20_1,1.714587732,1.723327293,1.716884845,1.723033936,1.719282327,1.722917566,1.716918301,1.723092932,0.09205992,0.091522004,0.053808384,0.129716153,0.075907769,449,H,H2-16,1.948006177,0.011847846,d__Bacteria,p__Acidobacteriota,c__Acidobacteriae,o__Bryobacterales,f__Bryobacteraceae,g__,s__
H2-18-all-fractions_metab_91,H2-18-all-fractions_Actinobacteria_71_22,"Actinobacteria, Actinobacteria, Bacteria",NA,2463077,70.55,0.7055,21.91,65,2624,144299,24,0,27,1,10,1,Uncurated genome,partial,Bacteria,Actinobacteria,Actinobacteria,unknown,unknown,unknown,unknown,1,1,117,117_1,1.722349423,1.729899535,1.724445992,1.729244538,1.725495071,1.732613844,1.724096828,1.730585972,0.096201416,0.095805081,0.070830913,0.111582203,0.04075129,137,H,H2-18,2.30420701,0.013525291,d__Bacteria,p__Actinobacteriota,c__Thermoleophilia,o__20CM-4-69-9,f__20CM-4-69-9,g__Palsa-739,s__
H3-18-all-fractions_metab_conc_30,H3-18-all-fractions_Actinobacteria_69_22,"Actinobacteria, Actinobacteria, Bacteria",NA,2833654,69.37,0.6937,22.03,149,3047,91056,45,0,51,1,14,1,Uncurated genome,near complete,Bacteria,Actinobacteria,Actinobacteria,unknown,unknown,unknown,unknown,1,1,121,121_1,1.721974334,1.727818467,1.723365714,1.7302588,1.725037472,1.731932945,1.723459174,1.730003404,0.096753357,0.096652282,0.086386901,0.101810081,0.015423179,145,H,H3-18,1.426369445,0.011364416,d__Bacteria,p__Actinobacteriota,c__Thermoleophilia,o__20CM-4-69-9,f__20CM-4-69-9,g__3-1-20CM-4-69-9,s__
H1-16-all-fractions_metab_conc_5,H1-16-all-fractions_Actinobacteria_69_28,"Actinobacteria, Actinobacteria, Bacteria",NA,2863122,69.38,0.6938,27.61,131,3102,74164,36,0,43,2,13,1,Uncurated genome,near complete,Bacteria,Actinobacteria,Actinobacteria,unknown,unknown,unknown,unknown,1,NA,121,121_1,1.721966459,1.727829187,1.723351662,1.730264947,1.725037618,1.731952096,1.723451913,1.73001541,0.096823633,0.096937261,0.086662207,0.102109267,0.01544706,921,H,H1-16,3.909442645,0.029099402,d__Bacteria,p__Actinobacteriota,c__Thermoleophilia,o__20CM-4-69-9,f__20CM-4-69-9,g__3-1-20CM-4-69-9,s__
H2-16-all-fractions_metab_conc_111,H2-16-all-fractions_Actinobacteria_70_68,"Actinobacteria, Actinobacteria, Bacteria",NA,4067991,69.8,0.698,68.34,818,4835,27603,44,15,45,13,13,3,Uncurated genome,megabin,Bacteria,Actinobacteria,Actinobacteria,unknown,unknown,unknown,unknown,1,1,144,144_3,1.731464636,1.740388443,1.735561225,1.740120135,1.736533829,1.742698964,1.734519896,1.74106918,0.096999016,0.096110781,0.066861891,0.131187997,0.064326106,78,H,H2-16,4.236807964,0.025768424,d__Bacteria,p__Actinobacteriota,c__Thermoleophilia,o__Solirubrobacterales,f__Thermoleophilaceae,g__,s__
H3-16-all-fractions_metab_conc_21,H3-16-all-fractions_Actinobacteria_69_0,"Actinobacteria, Actinobacteria, Bacteria",NA,2645118,69.32,0.6932,0,147,2874,79206,26,2,33,2,10,1,Uncurated genome,partial,Bacteria,Actinobacteria,Actinobacteria,unknown,unknown,unknown,unknown,1,NA,121,121_1,1.72191913,1.727798142,1.723317387,1.73021851,1.724996762,1.731906812,1.723411093,1.729974488,0.09711733,0.096937946,0.086905198,0.101964045,0.015058846,919,H,H3-16,2.072475127,0.013093527,d__Bacteria,p__Actinobacteriota,c__Thermoleophilia,o__20CM-4-69-9,f__20CM-4-69-9,g__3-1-20CM-4-69-9,s__
H1-18-all-fractions_metab_conc_42,H1-18-all-fractions_Actinobacteria_69_31,"Actinobacteria, Actinobacteria, Bacteria",NA,3045551,69.36,0.6936,30.79,201,3323,83927,34,3,38,3,13,2,Uncurated genome,partial,Bacteria,Actinobacteria,Actinobacteria,unknown,unknown,unknown,unknown,1,NA,121,121_1,1.721947166,1.727842973,1.723338458,1.730264298,1.725021167,1.731967535,1.723435597,1.730024935,0.097323425,0.0973198,0.087152109,0.102498569,0.01534646,917,H,H1-18,2.87856958,0.020964158,d__Bacteria,p__Actinobacteriota,c__Thermoleophilia,o__20CM-4-69-9,f__20CM-4-69-9,g__3-1-20CM-4-69-9,s__
H3-16-all-fractions_metab_43,H3-16-all-fractions_Acidobacteria_54_0,"Acidobacteria, Bacteria",NA,3584057,53.9,0.539,0,488,3647,37546,17,2,19,1,9,1,Uncurated genome,partial,Bacteria,Acidobacteria,unknown,unknown,unknown,unknown,unknown,1,1,23,23_0,1.709962775,1.718123426,1.71382786,1.719514211,1.714624781,1.720618381,1.712805139,1.719418673,0.097892093,0.09825891,0.084433111,0.121446342,0.037013231,12,H,H3-16,0.448961132,0.002836456,d__Bacteria,p__Acidobacteriota,c__Acidobacteriae,o__Bryobacterales,f__Bryobacteraceae,g__,s__
H2-18-all-fractions_metab_conc_43,H2-18-all-fractions_Actinobacteria_73_15,"Actinobacteria, Actinobacteria, Bacteria",NA,6403802,73.1,0.731,14.64,610,6440,54634,22,1,23,1,13,4,Uncurated genome,partial,Bacteria,Actinobacteria,Actinobacteria,unknown,unknown,unknown,unknown,1,NA,192,192_1,1.724969825,1.730495299,1.725806769,1.733315987,1.727875293,1.734802215,1.726217296,1.732871167,0.097899202,0.09812045,0.081539616,0.110760047,0.029220431,899,H,H2-18,2.063029092,0.012109619,d__Bacteria,p__Actinobacteriota,c__Actinobacteria,o__Mycobacteriales,f__QHCA01,g__,s__
H3-18-all-fractions_conc_114,H3-18-all-fractions_Actinobacteria_73_10,"Actinobacteria, Actinobacteria, Bacteria",NA,6661699,72.54,0.7254,10.29,1493,7467,25389,37,3,42,8,12,5,Uncurated genome,near complete,Bacteria,Actinobacteria,Actinobacteria,unknown,unknown,unknown,unknown,1,1,192,192_2,1.724582671,1.730226354,1.725511804,1.733122201,1.7275231,1.734557638,1.725872525,1.732635398,0.099912499,0.099746858,0.08330199,0.11227061,0.02896862,135,H,H3-18,1.296571812,0.01033027,d__Bacteria,p__Actinobacteriota,c__Actinobacteria,o__Mycobacteriales,f__QHCA01,g__,s__
H3-18-all-fractions_metab_conc_60,H3-18-all-fractions_Actinobacteria_69_17,"Actinobacteria, Actinobacteria, Bacteria",NA,2434605,69.04,0.6904,16.61,143,2713,85565,36,0,36,1,10,1,Uncurated genome,partial,Bacteria,Actinobacteria,Actinobacteria,unknown,unknown,unknown,unknown,1,NA,122,122_1,1.72189927,1.728791422,1.723206075,1.729981757,1.724911525,1.731670875,1.723338956,1.730148018,0.100557284,0.100570077,0.099744818,0.10188244,0.002137622,870,H,H3-18,1.339951067,0.010675889,d__Bacteria,p__Actinobacteriota,c__Thermoleophilia,o__20CM-4-69-9,f__20CM-4-69-9,g__3-1-20CM-4-69-9,s__
H3-16-all-fractions_metab_conc_121,H3-16-all-fractions_Actinobacteria_69_0,"Actinobacteria, Actinobacteria, Bacteria",NA,2396383,69.14,0.6914,0,138,2699,86333,20,2,23,2,12,4,Uncurated genome,partial,Bacteria,Actinobacteria,Actinobacteria,unknown,unknown,unknown,unknown,1,NA,122,122_1,1.72195452,1.728851183,1.723255224,1.730088143,1.724978671,1.731761991,1.723396138,1.730233773,0.100963812,0.100988908,0.100094806,0.101946015,0.00185121,865,H,H3-16,1.266195387,0.007999596,d__Bacteria,p__Actinobacteriota,c__Thermoleophilia,o__20CM-4-69-9,f__20CM-4-69-9,g__3-1-20CM-4-69-9,s__
H1-18-all-fractions_metab_conc_87,H1-18-all-fractions_Actinobacteria_69_27,"Actinobacteria, Actinobacteria, Bacteria",NA,2497852,69.1,0.691,27.29,107,2764,100979,48,3,49,5,12,2,Uncurated genome,near complete,Bacteria,Actinobacteria,Actinobacteria,unknown,unknown,unknown,unknown,1,NA,122,122_1,1.721945958,1.728857499,1.723245139,1.730082432,1.724985936,1.731762907,1.723392344,1.730234279,0.101052732,0.101052594,0.100000635,0.102166382,0.002165747,866,H,H1-18,2.042381211,0.014874333,d__Bacteria,p__Actinobacteriota,c__Thermoleophilia,o__20CM-4-69-9,f__20CM-4-69-9,g__3-1-20CM-4-69-9,s__
H2-16-all-fractions_metab_conc_52,H2-16-all-fractions_Actinobacteria_70_18,"Actinobacteria, Actinobacteria, Bacteria",NA,3276955,70.35,0.7035,17.63,246,3590,52848,33,2,34,3,11,1,Uncurated genome,partial,Bacteria,Actinobacteria,Actinobacteria,unknown,unknown,unknown,unknown,1,NA,158,158_1,1.732650073,1.741421144,1.737476956,1.743038607,1.737588063,1.743805972,1.735905031,1.742755241,0.101103479,0.100447547,0.08147906,0.128855572,0.047376512,647,H,H2-16,0.92703997,0.005638292,d__Bacteria,p__Actinobacteriota,c__Thermoleophilia,o__Solirubrobacterales,f__Thermoleophilaceae,g__,s__
H1-16-all-fractions_metab_conc_16,H1-16-all-fractions_Actinobacteria_69_17,"Actinobacteria, Actinobacteria, Bacteria",NA,2546843,69.09,0.6909,16.89,136,2857,124475,42,1,45,0,11,1,Uncurated genome,near complete,Bacteria,Actinobacteria,Actinobacteria,unknown,unknown,unknown,unknown,1,NA,122,122_1,1.721913516,1.728843422,1.723220621,1.730088486,1.724946633,1.731759426,1.723360257,1.730230445,0.101491723,0.101471746,0.100531493,0.102439769,0.001908275,861,H,H1-16,2.292541946,0.017064223,d__Bacteria,p__Actinobacteriota,c__Thermoleophilia,o__20CM-4-69-9,f__20CM-4-69-9,g__3-1-20CM-4-69-9,s__
H2-18-all-fractions_metab_conc_34,H2-18-all-fractions_Actinobacteria_69_14,"Actinobacteria, Actinobacteria, Bacteria",NA,3126968,68.98,0.6898,14.19,336,3587,43126,43,7,46,7,11,1,Uncurated genome,near complete,Bacteria,Actinobacteria,Actinobacteria,unknown,unknown,unknown,unknown,1,1,122,122_2,1.721855318,1.728744693,1.723164532,1.730297205,1.72488821,1.731858783,1.723302687,1.730300227,0.103323671,0.103356001,0.1018439,0.105360398,0.003516498,126,H,H2-18,1.79175934,0.010517313,d__Bacteria,p__Actinobacteriota,c__Thermoleophilia,o__20CM-4-69-9,f__20CM-4-69-9,g__3-1-20CM-4-69-9,s__
H1-18-all-fractions_conc_3,H1-18-all-fractions_Bacteria_68_14,Bacteria,NA,4313864,68.42,0.6842,14.27,438,4328,70699,35,1,35,1,12,0,Uncurated genome,partial,Bacteria,unknown,unknown,unknown,unknown,unknown,unknown,1,1,283,283_0,1.721484802,1.727100817,1.72290563,1.730716753,1.724504831,1.732065469,1.722965088,1.729961013,0.103361035,0.103351453,0.083037252,0.115398424,0.032361172,408,H,H1-18,1.113870402,0.008112138,d__Bacteria,p__Gemmatimonadota,c__Gemmatimonadetes,o__Gemmatimonadales,f__GWC2-71-9,g__,s__
H3-18-all-fractions_metab_conc_100,H3-18-all-fractions_Actinobacteria_71_31,"Actinobacteria, Actinobacteria, Bacteria",NA,3567183,70.82,0.7082,30.64,652,4151,73190,48,1,47,5,12,2,Uncurated genome,near complete,Bacteria,Actinobacteria,Actinobacteria,unknown,unknown,unknown,unknown,1,1,159,159_2,1.723422472,1.729430017,1.724490878,1.732160448,1.726349824,1.733842618,1.724754391,1.731811028,0.104297276,0.10414422,0.088729894,0.1132074,0.024477506,130,H,H3-18,2.084802127,0.016610394,d__Bacteria,p__Actinobacteriota,c__Thermoleophilia,o__Solirubrobacterales,f__Thermoleophilaceae,g__,s__
H3-16-all-fractions_metab_conc_62,H3-16-all-fractions_Actinobacteria_71_0,"Actinobacteria, Actinobacteria, Bacteria",NA,3476950,70.81,0.7081,0,627,4090,33697,40,0,41,3,12,1,Uncurated genome,near complete,Bacteria,Actinobacteria,Actinobacteria,unknown,unknown,unknown,unknown,1,1,159,159_1,1.723439007,1.729433064,1.724516159,1.732200979,1.726347334,1.733821964,1.7247675,1.731818669,0.104309297,0.104062723,0.088529809,0.11343082,0.02490101,129,H,H3-16,2.810304863,0.017755003,d__Bacteria,p__Actinobacteriota,c__Thermoleophilia,o__Solirubrobacterales,f__Thermoleophilaceae,g__,s__
H2-16-all-fractions_metab_conc_11,H2-16-all-fractions_Mycobacterium_smegmatis_66_17,"Mycobacterium smegmatis, Mycobacterium, Corynebacteriales, Actinobacteria, Actinobacteria, Bacteria",NA,6821366,65.62,0.6562,16.65,446,7164,87182,50,0,49,1,13,4,Uncurated genome,near complete,Bacteria,Actinobacteria,Actinobacteria,Corynebacteriales,Mycobacterium,Mycobacteriumsmegmatis,Bacteria,1,NA,187,187_1,1.723717662,1.735382413,1.733169363,1.736509137,1.730147231,1.736095856,1.729011419,1.735995802,0.104537438,0.10281548,0.049046079,0.172241437,0.123195358,643,H,H2-16,1.158104514,0.007043635,d__Bacteria,p__Actinobacteriota,c__Actinobacteria,o__Mycobacteriales,f__Mycobacteriaceae,g__Mycolicibacterium,s__
H2-18-all-fractions_metab_21,H2-18-all-fractions_Actinobacteria_69_10,"Actinobacteria, Actinobacteria, Bacteria",NA,2527833,69.18,0.6918,9.66,744,3097,16849,46,5,48,7,10,0,Uncurated genome,near complete,Bacteria,Actinobacteria,Actinobacteria,unknown,unknown,unknown,unknown,1,NA,134,134_1,1.721778648,1.727720717,1.723481553,1.731565043,1.72482015,1.73250207,1.723360117,1.730595943,0.106645949,0.106872343,0.087844302,0.119383824,0.031539521,791,H,H2-18,0.782571083,0.004593555,d__Bacteria,p__Actinobacteriota,c__Thermoleophilia,o__Solirubrobacterales,f__70-9,g__,s__
H1-18-all-fractions_metab_conc_71,H1-18-all-fractions_Actinobacteria_71_26,"Actinobacteria, Actinobacteria, Bacteria",NA,1950784,71.19,0.7119,25.7,100,2243,118024,24,1,31,1,12,1,Uncurated genome,partial,Bacteria,Actinobacteria,Actinobacteria,unknown,unknown,unknown,unknown,1,1,118,118_0,1.723797754,1.731385298,1.724815448,1.732025096,1.726603897,1.733933068,1.725072366,1.732447821,0.108827864,0.108830027,0.106399284,0.112042338,0.005643054,125,H,H1-18,0.711175874,0.005179379,d__Bacteria,p__Actinobacteriota,c__Thermoleophilia,o__20CM-4-69-9,f__20CM-4-69-9,g__Palsa-739,s__
H3-16-all-fractions_metab_147,H3-16-all-fractions_Actinobacteria_71_0,"Actinobacteria, Actinobacteria, Bacteria",NA,8648811,70.81,0.7081,0,1669,8995,40831,33,11,33,14,13,5,Uncurated genome,partial,Bacteria,Actinobacteria,Actinobacteria,unknown,unknown,unknown,unknown,1,1,223,223_0,1.72221402,1.728803467,1.72309095,1.731680917,1.726093386,1.733432991,1.723799452,1.731305792,0.11090377,0.110842442,0.097392712,0.126895991,0.029503279,114,H,H3-16,1.003020371,0.006336903,d__Bacteria,p__Actinobacteriota,c__Actinobacteria,o__Streptomycetales,f__Catenulisporaceae,g__Catenulispora,s__
H1-18-all-fractions_conc_96,H1-18-all-fractions_Pseudonocardiales_70_16,"Pseudonocardiales, Actinobacteria, Actinobacteria, Bacteria",NA,5967540,70.06,0.7006,16.01,106,5729,300031,31,0,49,1,12,1,Uncurated genome,near complete,Bacteria,Actinobacteria,Actinobacteria,Pseudonocardiales,unknown,unknown,unknown,1,1,221,221_0,1.72231984,1.731578642,1.7237877,1.732118371,1.725016724,1.729970742,1.723708088,1.731222585,0.110984645,0.110967437,0.073101064,0.136835984,0.06373492,111,H,H1-18,0.055430963,0.000403695,d__Bacteria,p__Actinobacteriota,c__Actinobacteria,o__Mycobacteriales,f__Pseudonocardiaceae,g__Actinophytocola,s__
H1-18-all-fractions_metab_conc_105,H1-18-all-fractions_Acidobacteria_57_8,"Acidobacteria, Bacteria",NA,3973080,56.58,0.5658,8.35,528,3894,69193,36,1,36,3,8,0,Uncurated genome,partial,Bacteria,Acidobacteria,unknown,unknown,unknown,unknown,unknown,1,1,21,21_0,1.71168495,1.720416363,1.716280117,1.723132189,1.716319485,1.723444713,1.714761518,1.722331088,0.112333529,0.112339536,0.101601196,0.129815272,0.028214076,18,H,H1-18,0.781075118,0.005688444,d__Bacteria,p__Acidobacteriota,c__Acidobacteriae,o__Bryobacterales,f__Bryobacteraceae,g__,s__
H1-18-all-fractions_conc_125,H1-18-all-fractions_Pseudonocardiales_71_10,"Pseudonocardiales, Actinobacteria, Actinobacteria, Bacteria",NA,10371010,70.62,0.7062,9.54,836,9782,83704,30,3,47,3,12,3,Uncurated genome,near complete,Bacteria,Actinobacteria,Actinobacteria,Pseudonocardiales,unknown,unknown,unknown,1,1,220,220_0,1.723358102,1.728452722,1.724186803,1.734417871,1.726545706,1.734598992,1.724696871,1.732489862,0.115048812,0.115015069,0.0752488,0.151042788,0.075793988,112,H,H1-18,0.174415494,0.00127024,d__Bacteria,p__Actinobacteriota,c__Actinobacteria,o__Mycobacteriales,f__Pseudonocardiaceae,g__Actinophytocola,s__
H2-16-all-fractions_metab_conc_16,H2-16-all-fractions_Bacteria_60_11,Bacteria,NA,6104098,60.28,0.6028,11.27,280,5014,103191,50,2,51,3,11,2,Uncurated genome,near complete,Bacteria,unknown,unknown,unknown,unknown,unknown,unknown,1,1,36,36_1,1.717668458,1.728175658,1.720713724,1.727876549,1.722912212,1.7286076,1.720431465,1.728219936,0.115905475,0.115214141,0.084130053,0.15568207,0.071552017,383,H,H2-16,1.017838747,0.006190533,d__Bacteria,p__Acidobacteriota,c__Blastocatellia,o__UBA7656,f__UBA7656,g__,s__
H2-16-all-fractions_metab_106,H2-16-all-fractions_Hyalangium_minutum_69_10,"Hyalangium minutum, Hyalangium, Myxococcales, Deltaproteobacteria, Proteobacteria, Bacteria",NA,8189456,69.07,0.6907,10.08,1260,7784,47147,44,4,47,9,14,3,Uncurated genome,near complete,Bacteria,Proteobacteria,Deltaproteobacteria,Myxococcales,Hyalangium,Hyalangiumminutum,Bacteria,1,NA,60,60_1,1.738472553,1.743151199,1.734150713,1.74255306,1.734088338,1.744891917,1.735570535,1.743532058,0.116026672,0.116763316,0.06850225,0.158580184,0.090077933,1460,H,H2-16,0.801664519,0.004875754,d__Bacteria,p__Myxococcota,c__Myxococcia,o__Myxococcales,f__Myxococcaceae,g__Hyalangium,s__
H2-18-all-fractions_metab_conc_62,H2-18-all-fractions_Actinobacteria_69_13,"Actinobacteria, Actinobacteria, Bacteria",NA,4197783,68.99,0.6899,13.18,253,4158,78360,33,3,32,2,12,1,Uncurated genome,partial,Bacteria,Actinobacteria,Actinobacteria,unknown,unknown,unknown,unknown,1,1,112,112_0,1.721806033,1.729067474,1.723182925,1.73188108,1.724901819,1.733305757,1.723296926,1.731418104,0.119799662,0.119952917,0.107347144,0.128483592,0.021136448,100,H,H2-18,1.09008844,0.006398628,d__Bacteria,p__Actinobacteriota,c__Thermoleophilia,o__Solirubrobacterales,f__Solirubrobacteraceae,g__Palsa-465,s__
H1-16-all-fractions_metab_conc_1,H1-16-all-fractions_Actinobacteria_71_32,"Actinobacteria, Actinobacteria, Bacteria",NA,3190104,70.8,0.708,31.66,310,3471,63763,48,1,51,2,13,3,Uncurated genome,near complete,Bacteria,Actinobacteria,Actinobacteria,unknown,unknown,unknown,unknown,1,1,145,145_0,1.723428157,1.731400982,1.724447683,1.732608853,1.726233307,1.734589071,1.724703049,1.732866302,0.120421685,0.12047959,0.11775615,0.123211491,0.005455341,103,H,H1-16,3.693191001,0.027489763,d__Bacteria,p__Actinobacteriota,c__Thermoleophilia,o__Solirubrobacterales,f__Thermoleophilaceae,g__,s__
H3-16-all-fractions_metab_64,H3-16-all-fractions_Bacteria_55_0,Bacteria,NA,4186398,55.46,0.5546,0,1140,4466,17372,44,5,42,9,9,2,Uncurated genome,near complete,Bacteria,unknown,unknown,unknown,unknown,unknown,unknown,1,1,185,185_0,1.711540199,1.719566207,1.714444332,1.722760044,1.714850337,1.723079509,1.713611623,1.72180192,0.121659195,0.121631066,0.119335522,0.123433577,0.004098054,392,H,H3-16,0.329170869,0.002079643,d__Bacteria,p__Verrucomicrobiota,c__Verrucomicrobiae,o__Pedosphaerales,f__Pedosphaeraceae,g__UBA3939,s__
H2-16-all-fractions_metab_conc_137,H2-16-all-fractions_Bacteria_60_16,Bacteria,NA,2790374,60.09,0.6009,16.49,465,2927,23452,40,2,38,4,14,4,Uncurated genome,partial,Bacteria,unknown,unknown,unknown,unknown,unknown,unknown,1,1,88,88_1,1.717042244,1.73065348,1.726766828,1.730535075,1.723251203,1.730504128,1.722353425,1.730564228,0.123370278,0.12132575,0.055538658,0.20174659,0.146207932,382,H,H2-16,1.251670914,0.007612709,d__Bacteria,p__Verrucomicrobiota,c__Verrucomicrobiae,o__Chthoniobacterales,f__UBA10450,g__,s__
H3-16-all-fractions_metab_148,H3-16-all-fractions_Actinobacteria_72_0,"Actinobacteria, Actinobacteria, Bacteria",NA,4173845,71.81,0.7181,0,178,4370,240573,36,1,37,4,13,3,Uncurated genome,partial,Bacteria,Actinobacteria,Actinobacteria,unknown,unknown,unknown,unknown,1,1,152,152_0,1.72312693,1.732886291,1.723625575,1.719750763,1.727032505,1.745712003,1.724595004,1.732783019,0.123617825,0.120854604,-0.057224157,0.275319103,0.332543261,93,H,H3-16,1.310859585,0.008281776,d__Bacteria,p__Actinobacteriota,c__Thermoleophilia,o__Solirubrobacterales,f__Solirubrobacteraceae,g__,s__
H3-16-all-fractions_metab_conc_6,H3-16-all-fractions_RIF_CHLX_71_0,"RIF-CHLX, Bacteria",NA,2561237,71.25,0.7125,0,237,2615,89352,17,0,21,1,9,1,Uncurated genome,partial,Bacteria,RIF-CHLX,unknown,unknown,unknown,unknown,unknown,1,1,93,93_0,1.723187481,1.731258526,1.72444384,1.733447756,1.726291492,1.734773463,1.724640938,1.733159915,0.125775984,0.125735088,0.119224351,0.132907683,0.013683332,355,H,H3-16,0.893174482,0.005642916,d__Bacteria,p__Chloroflexota_A,c__Ellin6529,o__CSP1-4,f__CSP1-4,g__,s__
H2-16-all-fractions_metab_conc_5,H2-16-all-fractions_Streptomyces_sviceus_71_22,"Streptomyces sviceus, Streptomyces, Streptomycetales, Actinobacteria, Actinobacteria, Bacteria",NA,9032007,70.56,0.7056,21.71,658,8781,63575,29,3,32,3,12,2,Uncurated genome,partial,Bacteria,Actinobacteria,Actinobacteria,Streptomycetales,Streptomyces,Streptomycessviceus,Bacteria,1,1,190,190_1,1.734324205,1.745456572,1.735264688,1.748070915,1.736954487,1.739160557,1.73551446,1.744229348,0.127496869,0.127819306,0.032329113,0.187853092,0.155523978,72,H,H2-16,1.122494657,0.006827054,d__Bacteria,p__Actinobacteriota,c__Actinobacteria,o__Streptomycetales,f__Streptomycetaceae,g__Streptomyces,s__Streptomyces sp001746295
H2-16-all-fractions_metab_121,H2-16-all-fractions_Acidobacteria_65_12,"Acidobacteria, Bacteria",NA,4992368,64.76,0.6476,12.07,439,4495,65147,50,2,50,2,11,1,Uncurated genome,near complete,Bacteria,Acidobacteria,unknown,unknown,unknown,unknown,unknown,1,1,266,266_0,1.722974818,1.735895431,1.726929255,1.734698186,1.728699682,1.734153666,1.726201252,1.734915761,0.129554952,0.128491341,0.080300207,0.190865107,0.1105649,3,H,H2-16,0.8901687,0.005414039,d__Bacteria,p__Acidobacteriota,c__Blastocatellia,o__Pyrinomonadales,f__Pyrinomonadaceae,g__,s__
H3-18-all-fractions_metab_conc_57,H3-18-all-fractions_Acidobacteria_56_18,"Acidobacteria, Bacteria",NA,5287506,55.83,0.5583,17.84,35,4518,366206,49,1,51,1,13,1,Uncurated genome,near complete,Bacteria,Acidobacteria,unknown,unknown,unknown,unknown,unknown,1,1,41,41_1,1.711542689,1.722510946,1.71477467,1.721231875,1.716086713,1.725402193,1.714134691,1.723048338,0.132018749,0.132333683,0.095829105,0.163083405,0.0672543,8,H,H3-18,2.949810832,0.02350224,d__Bacteria,p__Acidobacteriota,c__Acidobacteriae,o__Acidobacteriales,f__Gp1-AA112,g__,s__
H2-18-all-fractions_metab_conc_82,H2-18-all-fractions_Actinobacteria_69_16,"Actinobacteria, Actinobacteria, Bacteria",NA,2533234,68.91,0.6891,15.86,173,2794,89096,41,0,48,1,11,0,Uncurated genome,near complete,Bacteria,Actinobacteria,Actinobacteria,unknown,unknown,unknown,unknown,1,1,110,110_1,1.726836231,1.73854358,1.724788805,1.718111118,1.724737018,1.746104951,1.725454018,1.734253217,0.133171856,0.129804899,-0.098546559,0.315348656,0.413895215,175,H,H2-18,0.000780412,4.58E-06,d__Bacteria,p__Actinobacteriota,c__Thermoleophilia,o__20CM-4-69-9,f__20CM-4-69-9,g__,s__
H3-16-all-fractions_metab_47,H3-16-all-fractions_Bacteria_61_0,Bacteria,NA,6372060,61.19,0.6119,0,44,5019,583590,41,2,45,1,13,0,Uncurated genome,near complete,Bacteria,unknown,unknown,unknown,unknown,unknown,unknown,1,1,271,271_0,1.714474032,1.723934022,1.717461609,1.726300501,1.718700143,1.727425428,1.716878595,1.72588665,0.133393539,0.133533062,0.129204265,0.140429087,0.011224822,388,H,H3-16,2.308947785,0.014587519,d__Bacteria,p__Acidobacteriota,c__Blastocatellia,o__Pyrinomonadales,f__Pyrinomonadaceae,g__QHXQ01,s__
H3-16-all-fractions_metab_92,H3-16-all-fractions_Acidobacteria_56_0,"Acidobacteria, Bacteria",NA,5480446,55.83,0.5583,0,130,4845,597678,49,6,51,5,13,1,Uncurated genome,near complete,Bacteria,Acidobacteria,unknown,unknown,unknown,unknown,unknown,1,NA,41,41_1,1.711543821,1.722545227,1.714800375,1.721589849,1.716092981,1.72547427,1.714145726,1.723203115,0.134320316,0.13446684,0.100758687,0.163576172,0.062817485,452,H,H3-16,1.509125425,0.009534384,d__Bacteria,p__Acidobacteriota,c__Acidobacteriae,o__Acidobacteriales,f__Gp1-AA112,g__,s__
H2-16-all-fractions_metab_126,H2-16-all-fractions_Actinobacteria_69_30,"Actinobacteria, Actinobacteria, Bacteria",NA,4566868,69.44,0.6944,29.92,41,4093,738825,45,0,49,0,13,2,Uncurated genome,near complete,Bacteria,Actinobacteria,Actinobacteria,unknown,unknown,unknown,unknown,1,1,198,198_0,1.731915393,1.741503751,1.734505605,1.742021488,1.736418051,1.746687336,1.734279683,1.743404191,0.134337685,0.133919984,0.110295889,0.1505362,0.040240312,71,H,H2-16,1.846398196,0.011229863,d__Bacteria,p__Actinobacteriota,c__Actinobacteria,o__Mycobacteriales,f__Jatrophihabitantaceae,g__Iso899,s__
H2-18-all-fractions_metab_36,H2-18-all-fractions_Geodermatophilales_73_36,"Geodermatophilales, Actinobacteria, Actinobacteria, Bacteria",NA,3894484,72.54,0.7254,36.12,1117,4758,83461,29,3,29,4,10,3,Uncurated genome,partial,Bacteria,Actinobacteria,Actinobacteria,Geodermatophilales,unknown,unknown,unknown,1,1,226,226_0,1.724423412,1.732858971,1.725317071,1.735241227,1.727307082,1.736656015,1.725682522,1.734918738,0.136067558,0.13624165,0.124522172,0.146420324,0.021898152,83,H,H2-18,4.667543082,0.02739766,d__Bacteria,p__Actinobacteriota,c__Actinobacteria,o__Mycobacteriales,f__Geodermatophilaceae,g__Blastococcus,s__
H1-16-all-fractions_metab_61,H1-16-all-fractions_Actinobacteria_74_13,"Actinobacteria, Actinobacteria, Bacteria",NA,3929327,73.73,0.7373,13.18,291,3909,91936,41,2,43,5,12,3,Uncurated genome,near complete,Bacteria,Actinobacteria,Actinobacteria,unknown,unknown,unknown,unknown,1,NA,214,214_1,1.725672256,1.73351909,1.726525831,1.73743994,1.728431202,1.737394947,1.72687643,1.736117992,0.136292175,0.136228872,0.115750036,0.160916372,0.045166336,676,H,H1-16,1.095496493,0.008154179,d__Bacteria,p__Actinobacteriota,c__Actinobacteria,o__Frankiales,f__Frankiaceae,g__,s__
H2-18-all-fractions_metab_conc_56,H2-18-all-fractions_Bacteria_56_17,Bacteria,NA,7032272,56.46,0.5646,17.18,289,6667,257598,51,1,51,1,13,0,Uncurated genome,near complete,Bacteria,unknown,unknown,unknown,unknown,unknown,unknown,1,1,20,20_1,1.711594504,1.721625156,1.714922245,1.724146524,1.71626993,1.72461518,1.714262226,1.723462286,0.136605779,0.136577026,0.123742241,0.149139434,0.025397192,387,H,H2-18,2.499606066,0.014672249,d__Bacteria,p__Acidobacteriota,c__Acidobacteriae,o__Bryobacterales,f__Bryobacteraceae,g__,s__
H3-18-all-fractions_metab_conc_25,H3-18-all-fractions_Acidobacteria_57_11,"Acidobacteria, Bacteria",NA,7713691,57.33,0.5733,11,322,6716,206633,47,19,48,16,11,0,Uncurated genome,megabin,Bacteria,Acidobacteria,unknown,unknown,unknown,unknown,unknown,1,1,24,24_2,1.71228186,1.722073402,1.715545568,1.725068921,1.716870406,1.725369487,1.714899278,1.724170603,0.137514292,0.137585778,0.125980918,0.145527871,0.019546953,6,H,H3-18,1.337993599,0.010660293,d__Bacteria,p__Acidobacteriota,c__Acidobacteriae,o__Acidobacteriales,f__Koribacteraceae,g__Sulfotelmatobacter,s__Sulfotelmatobacter sp003223595
H1-18-all-fractions_metab_conc_23,H1-18-all-fractions_RIF_CHLX_70_21,"RIF-CHLX, Bacteria",NA,2606019,69.8,0.698,20.5,319,2719,45021,44,3,47,4,11,0,Uncurated genome,near complete,Bacteria,RIF-CHLX,unknown,unknown,unknown,unknown,unknown,1,1,91,91_0,1.721859298,1.730434524,1.723205785,1.733270355,1.725002726,1.734386143,1.723355936,1.732697007,0.13797809,0.137968284,0.126766792,0.148667365,0.021900573,354,H,H1-18,1.222463018,0.008903001,d__Bacteria,p__Chloroflexota_A,c__Ellin6529,o__CSP1-4,f__CSP1-4,g__,s__
H1-16-all-fractions_metab_48,H1-16-all-fractions_Actinobacteria_68_21,"Actinobacteria, Actinobacteria, Bacteria",NA,2498950,67.98,0.6798,21.09,144,2689,175226,44,8,49,11,12,1,Uncurated genome,megabin,Bacteria,Actinobacteria,Actinobacteria,unknown,unknown,unknown,unknown,1,1,138,138_0,1.721340945,1.735183732,1.727927263,1.733247277,1.725453696,1.734990213,1.724907301,1.734473741,0.141265303,0.141165767,0.07836681,0.204692284,0.126325474,173,H,H1-16,2.830482556,0.02106831,d__Bacteria,p__Actinobacteriota,c__Thermoleophilia,o__Solirubrobacterales,f__70-9,g__,s__
H2-18-all-fractions_metab_84,H2-18-all-fractions_Actinobacteria_68_115,"Actinobacteria, Actinobacteria, Bacteria",NA,3563963,67.94,0.6794,114.87,20,3670,677951,47,0,49,0,13,0,Uncurated genome,near complete,Bacteria,Actinobacteria,Actinobacteria,unknown,unknown,unknown,unknown,1,1,123,123_1,1.720766581,1.729066173,1.722482692,1.733085913,1.724044853,1.73436813,1.722431375,1.732173406,0.143728393,0.143963406,0.122766363,0.156685037,0.033918674,87,H,H2-18,17.59887632,0.103302319,d__Bacteria,p__Actinobacteriota,c__Thermoleophilia,o__20CM-4-69-9,f__20CM-4-69-9,g__PALSA-600,s__
H2-18-all-fractions_metab_conc_22,H2-18-all-fractions_Proteobacteria_61_13,"Proteobacteria, Bacteria",NA,8089889,61.34,0.6134,12.96,67,7149,396999,50,0,51,0,13,0,Uncurated genome,near complete,Bacteria,Proteobacteria,unknown,unknown,unknown,unknown,unknown,1,1,34,34_0,1.715647333,1.725727739,1.718080674,1.727694667,1.719919148,1.729874109,1.717882385,1.727765505,0.146484599,0.146419551,0.142415966,0.149536917,0.007120951,311,H,H2-18,2.212887009,0.012989259,d__Bacteria,p__Proteobacteria,c__Gammaproteobacteria,o__Steroidobacterales,f__Steroidobacteraceae,g__,s__
H3-16-all-fractions_metab_conc_38,H3-16-all-fractions_Bacteria_65_0,Bacteria,NA,5540439,65.19,0.6519,0,593,4857,51490,39,3,42,5,11,2,Uncurated genome,near complete,Bacteria,unknown,unknown,unknown,unknown,unknown,unknown,1,1,264,264_1,1.719112447,1.728887116,1.720555353,1.731354495,1.722494129,1.731842146,1.720720643,1.730694586,0.147372898,0.147530512,0.138129716,0.159751875,0.021622159,393,H,H3-16,1.869367361,0.011810328,d__Bacteria,p__Acidobacteriota,c__Blastocatellia,o__Pyrinomonadales,f__Pyrinomonadaceae,g__QHXN01,s__
H3-18-all-fractions_metab_conc_51,H3-18-all-fractions_Acidobacteria_65_14,"Acidobacteria, Bacteria",NA,6078930,65.35,0.6535,14.16,736,5310,45207,50,6,50,10,13,3,Uncurated genome,near complete,Bacteria,Acidobacteria,unknown,unknown,unknown,unknown,unknown,1,1,264,264_2,1.719216865,1.7290605,1.720613636,1.731367918,1.722531263,1.731887356,1.720787255,1.730771925,0.147711256,0.147683837,0.138246408,0.159083263,0.020836855,9,H,H3-18,2.30706063,0.01838121,d__Bacteria,p__Acidobacteriota,c__Blastocatellia,o__Pyrinomonadales,f__Pyrinomonadaceae,g__QHXN01,s__
H1-16-all-fractions_metab_conc_65,H1-16-all-fractions_Bacteria_66_15,Bacteria,NA,7136862,66.17,0.6617,14.98,259,5965,191841,48,5,47,4,14,0,Uncurated genome,near complete,Bacteria,unknown,unknown,unknown,unknown,unknown,unknown,1,1,265,265_0,1.719744105,1.729977989,1.722752236,1.732682494,1.723255646,1.733146943,1.721917329,1.731935809,0.148132623,0.148088634,0.146095124,0.151463801,0.005368677,420,H,H1-16,2.019167271,0.015029396,d__Bacteria,p__Acidobacteriota,c__Blastocatellia,o__Pyrinomonadales,f__Pyrinomonadaceae,g__QHXN01,s__
H3-16-all-fractions_metab_conc_32,H3-16-all-fractions_Actinobacteria_69_0,"Actinobacteria, Actinobacteria, Bacteria",NA,3133788,69.2,0.692,0,116,3407,126378,22,1,29,2,12,2,Uncurated genome,partial,Bacteria,Actinobacteria,Actinobacteria,unknown,unknown,unknown,unknown,1,1,124,124_0,1.722028719,1.732040227,1.723387395,1.733621571,1.725128356,1.735346385,1.723514823,1.733669394,0.150000149,0.149968471,0.147983235,0.1511553,0.003172065,86,H,H3-16,1.292197753,0.008163874,d__Bacteria,p__Actinobacteriota,c__Thermoleophilia,o__20CM-4-69-9,f__20CM-4-69-9,g__PALSA-600,s__
H3-16-all-fractions_metab_conc_1,H3-16-all-fractions_Bacteria_58_0,Bacteria,NA,3708809,58.22,0.5822,0,8,3252,1869835,47,2,48,3,14,1,Uncurated genome,near complete,Bacteria,unknown,unknown,unknown,unknown,unknown,unknown,1,1,86,86_1,1.712069683,1.723886992,1.71572964,1.725214904,1.717210825,1.726986235,1.715003383,1.72536271,0.153376635,0.153724543,0.140694524,0.175660357,0.034965833,384,H,H3-16,2.338011067,0.014771135,d__Bacteria,p__Verrucomicrobiota,c__Verrucomicrobiae,o__Chthoniobacterales,f__UBA10450,g__AV80,s__
H1-16-all-fractions_metab_74,H1-16-all-fractions_Sphingomodales_70_12,"Sphingomodales, Alphaproteobacteria, Proteobacteria, Bacteria",NA,2545672,70.38,0.7038,11.71,502,2920,71326,23,0,24,4,9,5,Uncurated genome,partial,Bacteria,Proteobacteria,Alphaproteobacteria,Sphingomounknowndales,unknown,unknown,unknown,1,1,231,231_2,1.723751273,1.732876951,1.723761919,1.736772584,1.726205295,1.735223357,1.724572829,1.73495763,0.153668494,0.153277445,0.13297878,0.192124959,0.059146179,331,H,H1-16,1.519085595,0.011307106,d__Bacteria,p__Proteobacteria,c__Alphaproteobacteria,o__Sphingomonadales,f__Sphingomonadaceae,g__Sphningosinicella,s__
H3-16-all-fractions_metab_conc_152,H3-16-all-fractions_Gemmatimonadetes_60_0,"Gemmatimonadetes, Bacteria",NA,3700320,60.06,0.6006,0,6,3447,1580219,45,0,46,0,14,0,Uncurated genome,near complete,Bacteria,Gemmatimonadetes,unknown,unknown,unknown,unknown,unknown,1,1,282,282_0,1.71448009,1.727242936,1.71699722,1.722532841,1.718584546,1.731380616,1.716687285,1.727052131,0.154057884,0.1536601,0.082051437,0.189493872,0.107442435,248,H,H3-16,1.356293222,0.008568818,d__Bacteria,p__Gemmatimonadota,c__Gemmatimonadetes,o__Gemmatimonadales,f__Gemmatimonadaceae,g__UBA4720,s__
H3-18-all-fractions_metab_conc_31,H3-18-all-fractions_Bacteria_58_21,Bacteria,NA,3696963,58.22,0.5822,20.99,12,3212,1043105,47,5,48,6,14,1,Uncurated genome,near complete,Bacteria,unknown,unknown,unknown,unknown,unknown,unknown,1,NA,86,86_1,1.712447826,1.724414487,1.715835653,1.725356533,1.717208276,1.726983448,1.715163918,1.725584823,0.154396924,0.154623813,0.14121409,0.177841146,0.036627056,1754,H,H3-18,1.213921323,0.009671763,d__Bacteria,p__Verrucomicrobiota,c__Verrucomicrobiae,o__Chthoniobacterales,f__UBA10450,g__AV80,s__
H3-16-all-fractions_metab_conc_153,H3-16-all-fractions_Sphingomodales_70_0,"Sphingomodales, Alphaproteobacteria, Proteobacteria, Bacteria",NA,2777080,69.78,0.6978,0,364,3102,70102,29,3,29,5,10,2,Uncurated genome,partial,Bacteria,Proteobacteria,Alphaproteobacteria,Sphingomounknowndales,unknown,unknown,unknown,1,NA,231,231_1,1.723151633,1.732730044,1.723553879,1.736696474,1.726044972,1.73480176,1.724250161,1.734742759,0.154512942,0.154896007,0.129136847,0.194094731,0.064957884,1570,H,H3-16,2.825594874,0.017851602,d__Bacteria,p__Proteobacteria,c__Alphaproteobacteria,o__Sphingomonadales,f__Sphingomonadaceae,g__Sphningosinicella,s__
H3-18-all-fractions_metab_conc_55,H3-18-all-fractions_Sphingomodales_70_13,"Sphingomodales, Alphaproteobacteria, Proteobacteria, Bacteria",NA,2774832,69.66,0.6966,12.52,347,3007,41553,33,1,35,3,10,0,Uncurated genome,partial,Bacteria,Proteobacteria,Alphaproteobacteria,Sphingomounknowndales,unknown,unknown,unknown,1,1,231,231_1,1.723090171,1.732610165,1.723513278,1.736650314,1.725990113,1.734745697,1.724197854,1.734668725,0.154744225,0.154579659,0.129122947,0.194016821,0.064893873,328,H,H3-18,2.212183088,0.017625286,d__Bacteria,p__Proteobacteria,c__Alphaproteobacteria,o__Sphingomonadales,f__Sphingomonadaceae,g__Sphningosinicella,s__
H2-18-all-fractions_conc_73,H2-18-all-fractions_Streptomyces_sviceus_71_12,"Streptomyces sviceus, Streptomyces, Streptomycetales, Actinobacteria, Actinobacteria, Bacteria",NA,9087212,70.61,0.7061,12.18,1112,9050,44956,42,11,45,13,13,5,Uncurated genome,megabin,Bacteria,Actinobacteria,Actinobacteria,Streptomycetales,Streptomyces,Streptomycessviceus,Bacteria,1,NA,190,190_1,1.722674553,1.733618389,1.723849228,1.737560582,1.725777132,1.733213713,1.724100304,1.734797561,0.157310011,0.157933094,0.10968616,0.202462358,0.092776198,630,H,H2-18,1.898661651,0.011144811,d__Bacteria,p__Actinobacteriota,c__Actinobacteria,o__Streptomycetales,f__Streptomycetaceae,g__Streptomyces,s__Streptomyces sp001746295
H2-16-all-fractions_metab_122,H2-16-all-fractions_Sphingobacteriales_44_7,"Sphingobacteriales, Sphingobacteriia, Bacteroidetes, Bacteria",NA,4809270,44.13,0.4413,6.99,730,4436,35403,40,1,43,0,11,0,Uncurated genome,near complete,Bacteria,Bacteroidetes,Sphingobacteriia,Sphingobacteriales,unknown,unknown,unknown,1,NA,5,5_1,1.710714216,1.722835549,1.712030494,1.722565834,1.712677997,1.721753362,1.711807569,1.722384915,0.157543845,0.157217104,0.134823754,0.180281409,0.045457655,1182,H,H2-16,0.751887011,0.004573005,d__Bacteria,p__Bacteroidota,c__Bacteroidia,o__Chitinophagales,f__Chitinophagaceae,g__Flavisolibacter,s__
H2-16-all-fractions_metab_conc_105,H2-16-all-fractions_Bacteria_59_24,Bacteria,NA,3395859,59.12,0.5912,23.7,322,3315,56601,46,1,49,3,13,2,Uncurated genome,near complete,Bacteria,unknown,unknown,unknown,unknown,unknown,unknown,1,NA,89,89_1,1.716132626,1.730552906,1.721215637,1.730962127,1.721905701,1.729566789,1.719751321,1.730360607,0.157973728,0.157001341,0.113230633,0.213848259,0.100617626,1737,H,H2-16,2.207322398,0.013425017,d__Bacteria,p__Verrucomicrobiota,c__Verrucomicrobiae,o__Chthoniobacterales,f__UBA10450,g__,s__
H2-18-all-fractions_metab_maxb_69,H2-18-all-fractions_Bacteria_61_8,Bacteria,NA,4796093,60.67,0.6067,7.58,785,4333,28390,42,1,45,4,11,2,Uncurated genome,near complete,Bacteria,unknown,unknown,unknown,unknown,unknown,unknown,1,NA,36,36_1,1.714216137,1.725178505,1.717185299,1.728052193,1.718776061,1.729206457,1.716725833,1.727479052,0.15940116,0.159415755,0.154445472,0.162754306,0.008308833,1750,H,H2-18,2.288875656,0.013435299,d__Bacteria,p__Acidobacteriota,c__Blastocatellia,o__UBA7656,f__UBA7656,g__,s__
H1-16-all-fractions_metab_conc_32,H1-16-all-fractions_Sphingomodales_68_19,"Sphingomodales, Alphaproteobacteria, Proteobacteria, Bacteria",NA,3588892,67.67,0.6767,19.16,42,3546,292233,32,0,34,0,11,0,Uncurated genome,partial,Bacteria,Proteobacteria,Alphaproteobacteria,Sphingomounknowndales,unknown,unknown,unknown,1,NA,230,230_1,1.721203738,1.730514244,1.723372924,1.735502948,1.723258348,1.734314175,1.72261167,1.733443789,0.159964489,0.160054815,0.137684075,0.179153413,0.041469338,1592,H,H1-16,3.001712023,0.022342833,d__Bacteria,p__Proteobacteria,c__Alphaproteobacteria,o__Sphingomonadales,f__Sphingomonadaceae,g__Sphningosinicella,s__
H2-16-all-fractions_metab_conc_42,H2-16-all-fractions_Caulobacterales_70_17,"Caulobacterales, Alphaproteobacteria, Proteobacteria, Bacteria",NA,3913082,69.94,0.6994,17.46,161,4059,117938,27,4,27,2,10,2,Uncurated genome,partial,Bacteria,Proteobacteria,Alphaproteobacteria,Caulobacterales,unknown,unknown,unknown,1,1,245,245_0,1.733108843,1.745365247,1.734479881,1.745894795,1.736148532,1.745199446,1.734579085,1.745486496,0.160236333,0.16006122,0.132697924,0.180009652,0.047311728,304,H,H2-16,0.935568847,0.005690165,d__Bacteria,p__Proteobacteria,c__Alphaproteobacteria,o__Caulobacterales,f__Caulobacteraceae,g__Phenylobacterium,s__
H1-18-all-fractions_metab_conc_14,H1-18-all-fractions_Actinobacteria_70_55,"Actinobacteria, Actinobacteria, Bacteria",NA,4276527,69.79,0.6979,55.37,802,4990,27219,47,19,47,16,10,3,Uncurated genome,megabin,Bacteria,Actinobacteria,Actinobacteria,unknown,unknown,unknown,unknown,1,1,144,144_4,1.722568294,1.732251393,1.723770203,1.735284434,1.725559645,1.736959462,1.723966048,1.734831763,0.160438114,0.16043056,0.143085425,0.170025096,0.026939671,79,H,H1-18,3.173575718,0.02311264,d__Bacteria,p__Actinobacteriota,c__Thermoleophilia,o__Solirubrobacterales,f__Thermoleophilaceae,g__,s__
H2-18-all-fractions_metab_conc_96,H2-18-all-fractions_Actinobacteria_70_39,"Actinobacteria, Actinobacteria, Bacteria",NA,3983093,69.71,0.6971,39.09,685,4536,33104,41,11,44,11,9,2,Uncurated genome,megabin,Bacteria,Actinobacteria,Actinobacteria,unknown,unknown,unknown,unknown,1,1,144,144_5,1.722478469,1.73221202,1.723701182,1.735237732,1.7254831,1.736906783,1.723887584,1.734785512,0.160735812,0.160913291,0.143838264,0.170361278,0.026523014,77,H,H2-18,3.046439569,0.017882066,d__Bacteria,p__Actinobacteriota,c__Thermoleophilia,o__Solirubrobacterales,f__Thermoleophilaceae,g__,s__
H2-16-all-fractions_metab_conc_17,H2-16-all-fractions_Alphaproteobacteria_61_12,"Alphaproteobacteria, Proteobacteria, Bacteria",NA,4401139,60.73,0.6073,12.42,562,4910,53626,33,9,34,8,11,3,Uncurated genome,partial,Bacteria,Proteobacteria,Alphaproteobacteria,unknown,unknown,unknown,unknown,1,1,49,49_1,1.717356696,1.732959854,1.725855228,1.73349278,1.722871658,1.73199106,1.72202786,1.732814565,0.161074545,0.159419981,0.112627384,0.23123106,0.118603675,305,H,H2-16,0.970135434,0.0059004,d__Bacteria,p__Proteobacteria,c__Alphaproteobacteria,o__UBA1301,f__UBA1301,g__UBA6038,s__
H1-16-all-fractions_metab_conc_12,H1-16-all-fractions_Actinobacteria_70_35,"Actinobacteria, Actinobacteria, Bacteria",NA,4026304,69.7,0.697,35.41,577,4562,30846,48,11,48,12,13,2,Uncurated genome,megabin,Bacteria,Actinobacteria,Actinobacteria,unknown,unknown,unknown,unknown,1,1,144,144_1,1.722479082,1.73220545,1.723712502,1.735315913,1.72549078,1.736924035,1.723894121,1.734815133,0.161085462,0.161253495,0.143732048,0.171347485,0.027615436,75,H,H1-16,4.769928613,0.035504312,d__Bacteria,p__Actinobacteriota,c__Thermoleophilia,o__Solirubrobacterales,f__Thermoleophilaceae,g__,s__
H3-18-all-fractions_metab_conc_6,H3-18-all-fractions_Bacteria_64_56,Bacteria,NA,6297622,64.25,0.6425,56.15,409,5312,212392,50,0,50,3,14,0,Uncurated genome,near complete,Bacteria,unknown,unknown,unknown,unknown,unknown,unknown,1,1,263,263_1,1.718288614,1.729532993,1.720317359,1.731354015,1.721982471,1.732378184,1.720196148,1.731088397,0.161111266,0.161160412,0.153654154,0.166555182,0.012901028,389,H,H3-18,4.243672777,0.03381092,d__Bacteria,p__Acidobacteriota,c__Blastocatellia,o__Pyrinomonadales,f__Pyrinomonadaceae,g__QHXN01,s__
H1-18-all-fractions_metab_conc_20,H1-18-all-fractions_Bacteria_57_11,Bacteria,NA,3502274,56.84,0.5684,10.73,155,3173,113849,48,2,48,2,14,1,Uncurated genome,near complete,Bacteria,unknown,unknown,unknown,unknown,unknown,unknown,1,1,83,83_0,1.711666582,1.723965019,1.715158434,1.725309174,1.716247619,1.72636139,1.714357545,1.725211861,0.161121547,0.161126865,0.149968505,0.182851137,0.032882632,385,H,H1-18,0.683783569,0.004979885,d__Bacteria,p__Verrucomicrobiota,c__Verrucomicrobiae,o__Chthoniobacterales,f__UBA10450,g__,s__
H3-16-all-fractions_metab_conc_79,H3-16-all-fractions_Bacteria_64_0,Bacteria,NA,5836485,64.19,0.6419,0,396,4974,79780,50,2,49,3,13,1,Uncurated genome,near complete,Bacteria,unknown,unknown,unknown,unknown,unknown,unknown,1,NA,263,263_1,1.718299544,1.729551946,1.720277877,1.731364629,1.721941876,1.732321531,1.720173099,1.731079369,0.161173366,0.161369863,0.153420288,0.166672789,0.013252501,1761,H,H3-16,3.004899669,0.018984418,d__Bacteria,p__Acidobacteriota,c__Blastocatellia,o__Pyrinomonadales,f__Pyrinomonadaceae,g__QHXN01,s__
H3-16-all-fractions_metab_conc_83,H3-16-all-fractions_Actinobacteria_70_0,"Actinobacteria, Actinobacteria, Bacteria",NA,3844459,69.64,0.6964,0,627,4385,29600,34,6,34,7,10,1,Uncurated genome,partial,Bacteria,Actinobacteria,Actinobacteria,unknown,unknown,unknown,unknown,1,1,144,144_2,1.722469438,1.732166608,1.723696397,1.735246065,1.725473389,1.73691399,1.723879741,1.734775554,0.161179422,0.160882616,0.143301225,0.170555286,0.027254061,76,H,H3-16,4.129467322,0.026089235,d__Bacteria,p__Actinobacteriota,c__Thermoleophilia,o__Solirubrobacterales,f__Thermoleophilaceae,g__,s__
H2-18-all-fractions_metab_conc_17,H2-18-all-fractions_Mycobacterium_smegmatis_66_10,"Mycobacterium smegmatis, Mycobacterium, Corynebacteriales, Actinobacteria, Actinobacteria, Bacteria",NA,5349180,65.8,0.658,9.9,514,5762,43369,38,2,40,1,13,0,Uncurated genome,partial,Bacteria,Actinobacteria,Actinobacteria,Corynebacteriales,Mycobacterium,Mycobacteriumsmegmatis,Bacteria,1,NA,187,187_1,1.718865152,1.729243543,1.720944908,1.733111977,1.722482687,1.733625033,1.720764249,1.731993517,0.165867142,0.166096205,0.153680171,0.179948652,0.026268481,640,H,H2-18,1.687643923,0.009906174,d__Bacteria,p__Actinobacteriota,c__Actinobacteria,o__Mycobacteriales,f__Mycobacteriaceae,g__Mycolicibacterium,s__
H1-16-all-fractions_metab_conc_41,H1-16-all-fractions_Mycobacterium_smegmatis_66_15,"Mycobacterium smegmatis, Mycobacterium, Corynebacteriales, Actinobacteria, Actinobacteria, Bacteria",NA,5441071,65.82,0.6582,14.8,251,5683,174160,47,0,47,1,11,2,Uncurated genome,near complete,Bacteria,Actinobacteria,Actinobacteria,Corynebacteriales,Mycobacterium,Mycobacteriumsmegmatis,Bacteria,1,NA,187,187_1,1.718866513,1.729271695,1.720944271,1.733121963,1.722487456,1.733663034,1.72076608,1.732018897,0.1664567,0.166444379,0.154076792,0.180105879,0.026029087,639,H,H1-16,2.203347636,0.016400317,d__Bacteria,p__Actinobacteriota,c__Actinobacteria,o__Mycobacteriales,f__Mycobacteriaceae,g__Mycolicibacterium,s__
H3-18-all-fractions_metab_conc_53,H3-18-all-fractions_Acidobacteriales_61_10,"Acidobacteriales, Acidobacteriia, Acidobacteria, Bacteria",NA,3207044,60.92,0.6092,10.31,237,2961,47387,18,0,21,0,9,0,Uncurated genome,partial,Bacteria,Acidobacteria,Acidobacteriia,Acidobacteriales,unknown,unknown,unknown,1,NA,32,32_1,1.714917749,1.726930516,1.717931041,1.729063935,1.719386531,1.729998087,1.717411774,1.728664179,0.166640961,0.166750215,0.157072806,0.178276954,0.021204148,445,H,H3-18,0.883744754,0.007041123,d__Bacteria,p__Acidobacteriota,c__Acidobacteriae,o__Acidobacteriales,f__Acidobacteriaceae,g__KBS-83,s__
H3-16-all-fractions_metab_conc_36,H3-16-all-fractions_Acidobacteriales_61_0,"Acidobacteriales, Acidobacteriia, Acidobacteria, Bacteria",NA,3547318,60.87,0.6087,0,275,3333,68983,25,0,28,1,11,0,Uncurated genome,partial,Bacteria,Acidobacteria,Acidobacteriia,Acidobacteriales,unknown,unknown,unknown,1,1,32,32_1,1.714877327,1.726931461,1.717905209,1.729088588,1.719369537,1.729934371,1.717384024,1.728651473,0.166674737,0.166975697,0.156382644,0.178894934,0.02251229,5,H,H3-16,1.04683536,0.006613718,d__Bacteria,p__Acidobacteriota,c__Acidobacteriae,o__Acidobacteriales,f__Acidobacteriaceae,g__KBS-83,s__
H1-18-all-fractions_metab_conc_64,H1-18-all-fractions_Mycobacterium_smegmatis_65_21,"Mycobacterium smegmatis, Mycobacterium, Corynebacteriales, Actinobacteria, Actinobacteria, Bacteria",NA,7022053,65.48,0.6548,21.29,509,7462,75350,48,0,48,1,13,1,Uncurated genome,near complete,Bacteria,Actinobacteria,Actinobacteria,Corynebacteriales,Mycobacterium,Mycobacteriumsmegmatis,Bacteria,1,NA,187,187_1,1.718681974,1.729160029,1.720825692,1.732996697,1.72234709,1.733530624,1.720618252,1.731895783,0.166835281,0.16682335,0.155171684,0.18001839,0.024846706,638,H,H1-18,1.907897691,0.013894911,d__Bacteria,p__Actinobacteriota,c__Actinobacteria,o__Mycobacteriales,f__Mycobacteriaceae,g__Mycolicibacterium,s__
H3-18-all-fractions_metab_conc_63,H3-18-all-fractions_Mycobacterium_smegmatis_66_13,"Mycobacterium smegmatis, Mycobacterium, Corynebacteriales, Actinobacteria, Actinobacteria, Bacteria",NA,6815055,65.59,0.6559,12.93,447,7138,99507,48,2,48,2,13,3,Uncurated genome,near complete,Bacteria,Actinobacteria,Actinobacteria,Corynebacteriales,Mycobacterium,Mycobacteriumsmegmatis,Bacteria,1,NA,187,187_1,1.718729832,1.729196433,1.720856982,1.73303405,1.72237473,1.733554983,1.720653848,1.731928488,0.166898543,0.166777458,0.154998047,0.180105138,0.025107091,637,H,H3-18,1.60401502,0.012779784,d__Bacteria,p__Actinobacteriota,c__Actinobacteria,o__Mycobacteriales,f__Mycobacteriaceae,g__Mycolicibacterium,s__
H3-16-all-fractions_metab_conc_118,H3-16-all-fractions_Mycobacterium_smegmatis_66_0,"Mycobacterium smegmatis, Mycobacterium, Corynebacteriales, Actinobacteria, Actinobacteria, Bacteria",NA,6854953,65.55,0.6555,0,385,7198,135513,51,1,50,1,12,2,Uncurated genome,near complete,Bacteria,Actinobacteria,Actinobacteria,Corynebacteriales,Mycobacterium,Mycobacteriumsmegmatis,Bacteria,1,1,187,187_1,1.718715689,1.729196823,1.720838743,1.733021921,1.722354733,1.733554761,1.720636389,1.731924501,0.167046389,0.166978317,0.155214414,0.180197283,0.024982869,73,H,H3-16,1.36665201,0.008634263,d__Bacteria,p__Actinobacteriota,c__Actinobacteria,o__Mycobacteriales,f__Mycobacteriaceae,g__Mycolicibacterium,s__
H1-16-all-fractions_metab_conc_28,H1-16-all-fractions_Actinobacteria_70_20,"Actinobacteria, Actinobacteria, Bacteria",NA,3173154,70.34,0.7034,19.81,258,3507,59607,37,0,39,0,12,1,Uncurated genome,partial,Bacteria,Actinobacteria,Actinobacteria,unknown,unknown,unknown,unknown,1,1,158,158_1,1.723092886,1.732954826,1.724256476,1.737019753,1.726068789,1.737505379,1.724472717,1.735826653,0.167546339,0.167591279,0.145685052,0.188417679,0.042732627,74,H,H1-16,2.524052642,0.018787441,d__Bacteria,p__Actinobacteriota,c__Thermoleophilia,o__Solirubrobacterales,f__Thermoleophilaceae,g__,s__
H3-16-all-fractions_metab_conc_90,H3-16-all-fractions_Bacteria_60_0,Bacteria,NA,5879557,59.61,0.5961,0,133,4722,256724,50,3,51,5,12,1,Uncurated genome,near complete,Bacteria,unknown,unknown,unknown,unknown,unknown,unknown,1,1,37,37_0,1.713533302,1.726659925,1.717192777,1.727867737,1.718314762,1.728841258,1.716346947,1.72778964,0.169201763,0.169671725,0.155907656,0.194960556,0.0390529,378,H,H3-16,0.883210741,0.005579967,d__Bacteria,p__Acidobacteriota,c__Blastocatellia,o__UBA7656,f__UBA7656,g__,s__
H1-18-all-fractions_metab_conc_62,H1-18-all-fractions_Sphingomodales_68_16,"Sphingomodales, Alphaproteobacteria, Proteobacteria, Bacteria",NA,3602972,67.67,0.6767,15.95,53,3584,219211,50,3,51,2,12,0,Uncurated genome,near complete,Bacteria,Proteobacteria,Alphaproteobacteria,Sphingomounknowndales,unknown,unknown,unknown,1,1,230,230_1,1.72120349,1.730502135,1.723347145,1.735525581,1.723127946,1.736562928,1.722559527,1.734196881,0.171962053,0.171958127,0.137508691,0.198455097,0.060946406,324,H,H1-18,6.269006672,0.045656164,d__Bacteria,p__Proteobacteria,c__Alphaproteobacteria,o__Sphingomonadales,f__Sphingomonadaceae,g__Sphningosinicella,s__
H3-16-all-fractions_metab_conc_60,H3-16-all-fractions_Gemmatimonadetes_63_0,"Gemmatimonadetes, Bacteria",NA,5396092,62.92,0.6292,0,28,4807,675798,27,0,27,1,11,0,Uncurated genome,partial,Bacteria,Gemmatimonadetes,unknown,unknown,unknown,unknown,unknown,1,1,268,268_1,1.71705584,1.728039698,1.719304671,1.731951826,1.720833912,1.732077752,1.719064807,1.730689759,0.172075023,0.172110877,0.162809568,0.187218792,0.024409224,244,H,H3-16,1.556641717,0.009834584,d__Bacteria,p__Gemmatimonadota,c__Gemmatimonadetes,o__Gemmatimonadales,f__Gemmatimonadaceae,g__AG2,s__
H3-16-all-fractions_metab_conc_46,H3-16-all-fractions_Alphaproteobacteria_61_0,"Alphaproteobacteria, Proteobacteria, Bacteria",NA,2751247,61.1,0.611,0,112,2856,117209,36,5,38,7,11,1,Uncurated genome,partial,Bacteria,Proteobacteria,Alphaproteobacteria,unknown,unknown,unknown,unknown,1,1,49,49_2,1.714499799,1.726626115,1.717716369,1.729412208,1.718980435,1.730082353,1.717065534,1.728706892,0.172331228,0.172549416,0.164370481,0.180006498,0.015636018,309,H,H3-16,0.979318213,0.006187157,d__Bacteria,p__Proteobacteria,c__Alphaproteobacteria,o__UBA1301,f__UBA1301,g__UBA6038,s__
H1-18-all-fractions_metab_conc_10,H1-18-all-fractions_Actinobacteria_67_14,"Actinobacteria, Actinobacteria, Bacteria",NA,3593456,67.31,0.6731,13.59,34,3556,429298,45,1,49,0,12,0,Uncurated genome,near complete,Bacteria,Actinobacteria,Actinobacteria,unknown,unknown,unknown,unknown,1,1,218,218_0,1.720153075,1.73205434,1.722170364,1.733992488,1.723658023,1.735085784,1.721993821,1.733710871,0.173193894,0.173191597,0.168752486,0.176102755,0.007350269,85,H,H1-18,0.901622476,0.006566371,d__Bacteria,p__Actinobacteriota,c__Actinobacteria,o__Acidothermales,f__,g__,s__
H3-18-all-fractions_metab_conc_9,H3-18-all-fractions_Gemmatimonadetes_63_16,"Gemmatimonadetes, Bacteria",NA,5701694,63.02,0.6302,15.56,77,5081,603482,42,0,45,1,13,1,Uncurated genome,near complete,Bacteria,Gemmatimonadetes,unknown,unknown,unknown,unknown,unknown,1,NA,268,268_1,1.717016312,1.728183758,1.719337635,1.73203943,1.720866139,1.732158779,1.719073362,1.730793989,0.173613011,0.173526807,0.165534899,0.188024344,0.022489445,1242,H,H3-18,1.81817111,0.014486046,d__Bacteria,p__Gemmatimonadota,c__Gemmatimonadetes,o__Gemmatimonadales,f__Gemmatimonadaceae,g__AG2,s__
H1-18-all-fractions_metab_maxbC_65,H1-18-all-fractions_Verrucomicrobia_60_17,"Verrucomicrobia, Bacteria",NA,2279898,60.47,0.6047,16.57,453,2481,20005,38,1,38,1,8,1,Uncurated genome,partial,Bacteria,Verrucomicrobia,unknown,unknown,unknown,unknown,unknown,1,1,88,88_4,1.714589957,1.72691131,1.717768767,1.729492241,1.719073789,1.730527355,1.717144171,1.728976969,0.175377332,0.175377141,0.1695659,0.182890198,0.013324298,367,H,H1-18,1.304923029,0.009503544,d__Bacteria,p__Verrucomicrobiota,c__Verrucomicrobiae,o__Chthoniobacterales,f__UBA10450,g__,s__
H2-18-all-fractions_metab_conc_45,H2-18-all-fractions_Bacteria_60_9,Bacteria,NA,2391659,60.3,0.603,8.99,437,2581,21067,40,3,44,4,12,1,Uncurated genome,near complete,Bacteria,unknown,unknown,unknown,unknown,unknown,unknown,1,1,88,88_2,1.714476898,1.726851879,1.717680549,1.729394003,1.718992669,1.730451417,1.717050039,1.7288991,0.175678092,0.175627345,0.169650171,0.183697843,0.014047671,381,H,H2-18,0.824296,0.004838473,d__Bacteria,p__Verrucomicrobiota,c__Verrucomicrobiae,o__Chthoniobacterales,f__UBA10450,g__,s__
H3-18-all-fractions_metab_maxbC_83,H3-18-all-fractions_Verrucomicrobia_60_12,"Verrucomicrobia, Bacteria",NA,2453219,60.35,0.6035,11.71,475,2623,25204,43,5,41,4,12,2,Uncurated genome,near complete,Bacteria,Verrucomicrobia,unknown,unknown,unknown,unknown,unknown,1,1,88,88_3,1.71453421,1.726913029,1.717676571,1.729497284,1.719018209,1.730494407,1.71707633,1.72896824,0.176188996,0.176259908,0.169906143,0.183748827,0.013842684,366,H,H3-18,0.735636613,0.005861091,d__Bacteria,p__Verrucomicrobiota,c__Verrucomicrobiae,o__Chthoniobacterales,f__UBA10450,g__,s__
H2-16-all-fractions_metab_conc_131,H2-16-all-fractions_Actinobacteria_71_27,"Actinobacteria, Actinobacteria, Bacteria",NA,3555524,70.91,0.7091,27.29,89,3455,149875,26,1,24,0,12,0,Uncurated genome,partial,Bacteria,Actinobacteria,Actinobacteria,unknown,unknown,unknown,unknown,1,1,189,189_1,1.733046569,1.746775149,1.73523932,1.74831426,1.737790896,1.747507208,1.735358928,1.747532206,0.17870287,0.178559723,0.142321079,0.201641858,0.059320779,60,H,H2-16,1.425817623,0.008671876,d__Bacteria,p__Actinobacteriota,c__Actinobacteria,o__Actinomycetales,f__Angustibacteraceae,g__,s__
H3-16-all-fractions_metab_conc_110,H3-16-all-fractions_Bacteria_59_0,Bacteria,NA,2462392,58.64,0.5864,0,298,2438,34383,40,0,42,1,10,0,Uncurated genome,near complete,Bacteria,unknown,unknown,unknown,unknown,unknown,unknown,1,1,87,87_2,1.712823391,1.72617053,1.716254383,1.727601058,1.717433164,1.729055026,1.715503646,1.727608871,0.179287386,0.179581163,0.168254425,0.198314818,0.030060393,380,H,H3-16,0.495932064,0.00313321,d__Bacteria,p__Verrucomicrobiota,c__Verrucomicrobiae,o__Chthoniobacterales,f__UBA10450,g__AV80,s__
H1-18-all-fractions_metab_conc_22,H1-18-all-fractions_Bacteria_59_8,Bacteria,NA,2680896,58.6,0.586,8.32,260,2609,44256,44,2,47,3,10,0,Uncurated genome,near complete,Bacteria,unknown,unknown,unknown,unknown,unknown,unknown,1,1,87,87_1,1.712784182,1.72618689,1.716231094,1.727720289,1.717457429,1.729045795,1.715490901,1.727650992,0.180390713,0.180396305,0.170369996,0.1991449,0.028774905,379,H,H1-18,0.685841112,0.00499487,d__Bacteria,p__Verrucomicrobiota,c__Verrucomicrobiae,o__Chthoniobacterales,f__UBA10450,g__AV80,s__
H3-16-all-fractions_metab_conc_77,H3-16-all-fractions_Bacteria_60_0,Bacteria,NA,2540154,60.46,0.6046,0,140,2402,71469,42,3,43,2,11,0,Uncurated genome,near complete,Bacteria,unknown,unknown,unknown,unknown,unknown,unknown,1,1,90,90_0,1.714399843,1.727402359,1.717353581,1.729992147,1.718861353,1.730408101,1.716871592,1.729267536,0.183431126,0.183752806,0.170966519,0.193022296,0.022055777,377,H,H3-16,0.675966072,0.004270633,d__Bacteria,p__Verrucomicrobiota,c__Verrucomicrobiae,o__Chthoniobacterales,f__UBA10450,g__,s__
H1-18-all-fractions_metab_maxbC_21,H1-18-all-fractions_Verrucomicrobia_59_13,"Verrucomicrobia, Bacteria",NA,2052034,59.37,0.5937,12.79,260,2071,42170,43,0,45,3,13,1,Uncurated genome,near complete,Bacteria,Verrucomicrobia,unknown,unknown,unknown,unknown,unknown,1,1,89,89_2,1.713524982,1.726880617,1.716808589,1.729717602,1.718182412,1.729854566,1.716171994,1.728817595,0.187533976,0.187526765,0.172888595,0.198362109,0.025473514,365,H,H1-18,0.983108641,0.007159822,d__Bacteria,p__Verrucomicrobiota,c__Verrucomicrobiae,o__Chthoniobacterales,f__UBA10450,g__,s__
H3-18-all-fractions_metab_conc_70,H3-18-all-fractions_Bacteria_59_10,Bacteria,NA,2503340,59.24,0.5924,9.5,406,2618,20838,42,1,46,2,13,1,Uncurated genome,near complete,Bacteria,unknown,unknown,unknown,unknown,unknown,unknown,1,1,89,89_3,1.713462622,1.726853025,1.71672287,1.72967744,1.718090053,1.729899444,1.716091848,1.72880997,0.188517163,0.188610612,0.174930388,0.198885314,0.023954927,376,H,H3-18,0.571208174,0.004551028,d__Bacteria,p__Verrucomicrobiota,c__Verrucomicrobiae,o__Chthoniobacterales,f__UBA10450,g__,s__
H2-18-all-fractions_metab_maxbC_80,H2-18-all-fractions_Verrucomicrobia_59_11,"Verrucomicrobia, Bacteria",NA,2456941,59.32,0.5932,10.72,214,2377,54373,45,0,47,2,13,2,Uncurated genome,near complete,Bacteria,Verrucomicrobia,unknown,unknown,unknown,unknown,unknown,1,1,89,89_1,1.713483903,1.726929239,1.716801014,1.729881187,1.718114857,1.729863599,1.716133258,1.728891342,0.189159582,0.189198927,0.174029713,0.199698982,0.025669269,364,H,H2-18,1.237318583,0.007262843,d__Bacteria,p__Verrucomicrobiota,c__Verrucomicrobiae,o__Chthoniobacterales,f__UBA10450,g__,s__
H1-18-all-fractions_conc_24,H1-18-all-fractions_Gemmatimonadetes_68_16,"Gemmatimonadetes, Bacteria",NA,4253190,67.97,0.6797,15.77,812,4450,33687,46,13,47,15,12,1,Uncurated genome,megabin,Bacteria,Gemmatimonadetes,unknown,unknown,unknown,unknown,unknown,1,1,291,291_0,1.72095991,1.733698649,1.722383982,1.736937795,1.724199833,1.736975839,1.722514575,1.735870761,0.197380397,0.197362366,0.188408496,0.215075826,0.02666733,243,H,H1-18,1.611557365,0.011736712,d__Bacteria,p__Gemmatimonadota,c__Gemmatimonadetes,o__Gemmatimonadales,f__Gemmatimonadaceae,g__AG11,s__
H2-18-all-fractions_metab_conc_12,H2-18-all-fractions_Actinobacteria_71_11,"Actinobacteria, Actinobacteria, Bacteria",NA,3528846,70.92,0.7092,11.19,178,3471,99309,26,0,24,2,12,1,Uncurated genome,partial,Bacteria,Actinobacteria,Actinobacteria,unknown,unknown,unknown,unknown,1,NA,189,189_1,1.723268353,1.736407191,1.724071162,1.738909546,1.726233914,1.739153196,1.724524476,1.738156644,0.200943783,0.20121529,0.190504022,0.219077019,0.028572997,589,H,H2-18,1.354621087,0.007951388,d__Bacteria,p__Actinobacteriota,c__Actinobacteria,o__Actinomycetales,f__Angustibacteraceae,g__,s__
H1-16-all-fractions_metab_52,H1-16-all-fractions_Acidobacteria_55_8,"Acidobacteria, Bacteria",NA,5185620,54.88,0.5488,8.22,473,4897,54046,49,3,50,2,14,1,Uncurated genome,near complete,Bacteria,Acidobacteria,unknown,unknown,unknown,unknown,unknown,1,NA,42,42_2,1.711141916,1.727027294,1.720419085,1.728991974,1.714779963,1.73194154,1.715446988,1.729320269,0.204893277,0.205804607,0.126807855,0.254684196,0.127876341,470,H,H1-16,1.028540211,0.007655799,d__Bacteria,p__Acidobacteriota,c__Acidobacteriae,o__Acidobacteriales,f__Gp1-AA117,g__Gp1-AA17,s__
H1-18-all-fractions_metab_conc_57,H1-18-all-fractions_Acidobacteria_55_29,"Acidobacteria, Bacteria",NA,5425631,54.94,0.5494,28.66,17,4770,1050464,49,3,50,0,13,0,Uncurated genome,near complete,Bacteria,Acidobacteria,unknown,unknown,unknown,unknown,unknown,1,1,42,42_2,1.711200508,1.727058158,1.720541543,1.729281378,1.714819046,1.731943525,1.715520366,1.729427687,0.206257542,0.206300942,0.129268181,0.254128094,0.124859912,11,H,H1-18,6.403405307,0.046634968,d__Bacteria,p__Acidobacteriota,c__Acidobacteriae,o__Acidobacteriales,f__Gp1-AA117,g__Gp1-AA17,s__
H1-18-all-fractions_metab_conc_37,H1-18-all-fractions_Gemmatimonadetes_69_16,"Gemmatimonadetes, Bacteria",NA,4706290,68.6,0.686,15.86,282,4378,96314,24,2,27,2,13,1,Uncurated genome,partial,Bacteria,Gemmatimonadetes,unknown,unknown,unknown,unknown,unknown,1,1,290,290_0,1.721649761,1.734967487,1.723090049,1.73857297,1.724798916,1.737999392,1.723179575,1.73717995,0.206826146,0.206803706,0.194805102,0.228714727,0.033909625,240,H,H1-18,1.069168772,0.007786584,d__Bacteria,p__Gemmatimonadota,c__Gemmatimonadetes,o__Gemmatimonadales,f__Gemmatimonadaceae,g__AG11,s__
H3-16-all-fractions_metab_conc_10,H3-16-all-fractions_Gemmatimonadetes_68_0,"Gemmatimonadetes, Bacteria",NA,3991371,67.57,0.6757,0,159,3696,160203,42,1,47,2,13,1,Uncurated genome,near complete,Bacteria,Gemmatimonadetes,unknown,unknown,unknown,unknown,unknown,1,1,292,292_1,1.721336858,1.734559975,1.722241511,1.736928552,1.724358956,1.738709273,1.722645775,1.7367326,0.20831682,0.208141715,0.195528463,0.217061215,0.021532752,245,H,H3-16,1.46238498,0.009239086,d__Bacteria,p__Gemmatimonadota,c__Gemmatimonadetes,o__Gemmatimonadales,f__Gemmatimonadaceae,g__,s__
H3-18-all-fractions_conc_89,H3-18-all-fractions_Gemmatimonadetes_68_8,"Gemmatimonadetes, Bacteria",NA,3637580,67.67,0.6767,8.4,544,3642,40696,45,1,46,3,11,0,Uncurated genome,near complete,Bacteria,Gemmatimonadetes,unknown,unknown,unknown,unknown,unknown,1,NA,292,292_1,1.721282695,1.734602338,1.72228847,1.736917283,1.724423437,1.738779062,1.722664867,1.736766227,0.208468492,0.208354501,0.196962276,0.216195113,0.019232837,1248,H,H3-18,1.670300632,0.013307907,d__Bacteria,p__Gemmatimonadota,c__Gemmatimonadetes,o__Gemmatimonadales,f__Gemmatimonadaceae,g__,s__
H3-16-all-fractions_metab_25,H3-16-all-fractions_Hyalangium_minutum_68_0,"Hyalangium minutum, Hyalangium, Myxococcales, Deltaproteobacteria, Proteobacteria, Bacteria",NA,9453458,68.49,0.6849,0,259,8048,337403,47,1,48,3,14,1,Uncurated genome,near complete,Bacteria,Proteobacteria,Deltaproteobacteria,Myxococcales,Hyalangium,Hyalangiumminutum,Bacteria,1,1,60,60_1,1.721329858,1.734076604,1.72216834,1.737415985,1.723994788,1.738573999,1.722497662,1.736688863,0.209987344,0.209705062,0.188487979,0.22535935,0.036871371,308,H,H3-16,2.424977111,0.015320571,d__Bacteria,p__Myxococcota,c__Myxococcia,o__Myxococcales,f__Myxococcaceae,g__Hyalangium,s__
H3-16-all-fractions_metab_140,H3-16-all-fractions_Gemmatimonadetes_61_0,"Gemmatimonadetes, Bacteria",NA,2962081,61.47,0.6147,0,737,3311,29868,46,11,46,12,13,3,Uncurated genome,megabin,Bacteria,Gemmatimonadetes,unknown,unknown,unknown,unknown,unknown,1,1,278,278_3,1.714946556,1.729474031,1.717879154,1.732371598,1.71935216,1.732917373,1.717392624,1.731587667,0.210134809,0.210361599,0.200798784,0.215595085,0.014796301,239,H,H3-16,2.111938437,0.013342849,d__Bacteria,p__Gemmatimonadota,c__Gemmatimonadetes,o__Gemmatimonadales,f__Gemmatimonadaceae,g__UBA4720,s__
H1-18-all-fractions_conc_32,H1-18-all-fractions_Gemmatimonadetes_61_9,"Gemmatimonadetes, Bacteria",NA,2751470,61.47,0.6147,8.52,513,2944,29636,28,0,27,1,10,1,Uncurated genome,partial,Bacteria,Gemmatimonadetes,unknown,unknown,unknown,unknown,unknown,1,1,278,278_1,1.714932718,1.729701169,1.717845262,1.732364038,1.719328933,1.732871487,1.717368971,1.731645565,0.211578898,0.211573018,0.200466082,0.219173049,0.018706967,238,H,H1-18,1.039407832,0.00756984,d__Bacteria,p__Gemmatimonadota,c__Gemmatimonadetes,o__Gemmatimonadales,f__Gemmatimonadaceae,g__UBA4720,s__
H2-18-all-fractions_metab_conc_15,H2-18-all-fractions_Gemmatimonadetes_61_16,"Gemmatimonadetes, Bacteria",NA,2281750,61.44,0.6144,15.76,306,2334,29523,40,1,43,2,12,0,Uncurated genome,near complete,Bacteria,Gemmatimonadetes,unknown,unknown,unknown,unknown,unknown,1,1,278,278_2,1.714930254,1.729715191,1.71785125,1.732451064,1.71933561,1.732940821,1.717372371,1.731702359,0.212326186,0.212363793,0.201392714,0.219417955,0.018025241,237,H,H2-18,2.027725095,0.011902391,d__Bacteria,p__Gemmatimonadota,c__Gemmatimonadetes,o__Gemmatimonadales,f__Gemmatimonadaceae,g__UBA4720,s__
H2-18-all-fractions_conc_76,H2-18-all-fractions_Gemmatimonadetes_73_53,"Gemmatimonadetes, Bacteria",NA,5317771,72.99,0.7299,53.18,506,5098,76257,49,0,50,1,15,0,Uncurated genome,near complete,Bacteria,Gemmatimonadetes,unknown,unknown,unknown,unknown,unknown,1,NA,293,293_1,1.725403858,1.738133608,1.726085852,1.74266662,1.728043924,1.742174995,1.726511211,1.740991741,0.212993517,0.213498554,0.187805808,0.244524359,0.056718551,1215,H,H2-18,10.83223217,0.063583304,d__Bacteria,p__Gemmatimonadota,c__Gemmatimonadetes,o__Gemmatimonadales,f__Gemmatimonadaceae,g__,s__
H3-16-all-fractions_metab_24,H3-16-all-fractions_Gemmatimonadetes_73_0,"Gemmatimonadetes, Bacteria",NA,4736894,73.25,0.7325,0,405,4538,89742,49,0,50,2,15,0,Uncurated genome,near complete,Bacteria,Gemmatimonadetes,unknown,unknown,unknown,unknown,unknown,1,NA,293,293_1,1.725534932,1.738258979,1.726195727,1.742744068,1.728164092,1.742254658,1.726631584,1.741085902,0.213201943,0.213098138,0.187708204,0.244031637,0.056323432,1214,H,H3-16,5.323517924,0.033633033,d__Bacteria,p__Gemmatimonadota,c__Gemmatimonadetes,o__Gemmatimonadales,f__Gemmatimonadaceae,g__,s__
H1-16-all-fractions_metab_conc_71,H1-16-all-fractions_Gemmatimonadetes_73_43,"Gemmatimonadetes, Bacteria",NA,4832248,73.19,0.7319,42.67,392,4624,68937,49,3,50,4,15,1,Uncurated genome,near complete,Bacteria,Gemmatimonadetes,unknown,unknown,unknown,unknown,unknown,1,NA,293,293_1,1.725431968,1.738157728,1.72611363,1.742682006,1.728074778,1.742194049,1.726540126,1.741011261,0.213438693,0.213357171,0.187744485,0.244338479,0.056593994,1216,H,H1-16,3.769665997,0.028058994,d__Bacteria,p__Gemmatimonadota,c__Gemmatimonadetes,o__Gemmatimonadales,f__Gemmatimonadaceae,g__,s__
H1-18-all-fractions_conc_59,H1-18-all-fractions_Gemmatimonadetes_73_11,"Gemmatimonadetes, Bacteria",NA,4393739,72.9,0.729,11.42,674,4393,38732,50,4,50,4,15,1,Uncurated genome,near complete,Bacteria,Gemmatimonadetes,unknown,unknown,unknown,unknown,unknown,1,NA,293,293_1,1.725345033,1.738073976,1.726048523,1.74265475,1.728020774,1.742142473,1.726471443,1.740957067,0.213609324,0.213578244,0.187800012,0.244904746,0.057104734,1213,H,H1-18,1.378897978,0.010042292,d__Bacteria,p__Gemmatimonadota,c__Gemmatimonadetes,o__Gemmatimonadales,f__Gemmatimonadaceae,g__,s__
H3-18-all-fractions_metab_8,H3-18-all-fractions_Gemmatimonadetes_73_36,"Gemmatimonadetes, Bacteria",NA,4805680,73.17,0.7317,35.91,385,4529,131585,47,3,49,2,15,0,Uncurated genome,near complete,Bacteria,Gemmatimonadetes,unknown,unknown,unknown,unknown,unknown,1,1,293,293_1,1.725436553,1.738171323,1.726117255,1.74268551,1.728080332,1.742198228,1.726544713,1.741018354,0.21366004,0.213393462,0.187876849,0.244336099,0.05645925,236,H,H3-18,5.881352141,0.046858921,d__Bacteria,p__Gemmatimonadota,c__Gemmatimonadetes,o__Gemmatimonadales,f__Gemmatimonadaceae,g__,s__
H2-16-all-fractions_metab_55,H2-16-all-fractions_Gemmatimonadetes_73_162,"Gemmatimonadetes, Bacteria",NA,4933364,73.11,0.7311,161.86,336,4651,119243,33,2,33,1,14,0,Uncurated genome,partial,Bacteria,Gemmatimonadetes,unknown,unknown,unknown,unknown,unknown,1,NA,293,293_1,1.738266468,1.751710392,1.738916394,1.755699942,1.740911038,1.754866373,1.739364633,1.754092236,0.214870834,0.215537142,0.196874928,0.245689028,0.048814099,1217,H,H2-16,7.843270629,0.047703065,d__Bacteria,p__Gemmatimonadota,c__Gemmatimonadetes,o__Gemmatimonadales,f__Gemmatimonadaceae,g__,s__
H1-18-all-fractions_metab_conc_44,H1-18-all-fractions_Gemmatimonadetes_61_12,"Gemmatimonadetes, Bacteria",NA,2902539,60.78,0.6078,11.83,146,2832,77906,29,6,26,5,13,0,Uncurated genome,partial,Bacteria,Gemmatimonadetes,unknown,unknown,unknown,unknown,unknown,1,1,280,280_0,1.714350539,1.729490082,1.717612431,1.732117669,1.718908065,1.732859331,1.716957012,1.731489027,0.215409571,0.215407537,0.206564379,0.224754083,0.018189704,242,H,H1-18,1.234289684,0.008989133,d__Bacteria,p__Gemmatimonadota,c__Gemmatimonadetes,o__Gemmatimonadales,f__Gemmatimonadaceae,g__UBA4720,s__
H1-16-all-fractions_metab_conc_2,H1-16-all-fractions_Bradyrhizobium_62_16,"Bradyrhizobium, Rhizobiales, Alphaproteobacteria, Proteobacteria, Bacteria",NA,5024840,62.33,0.6233,16.4,820,5370,27860,45,6,44,6,10,2,Uncurated genome,near complete,Bacteria,Proteobacteria,Alphaproteobacteria,Rhizobiales,Bradyrhizobium,unknown,unknown,1,1,48,48_3,1.715574862,1.730958287,1.718534465,1.733783964,1.719943557,1.733685945,1.718017628,1.732809399,0.219456096,0.219127983,0.203354285,0.228217342,0.024863057,301,H,H1-16,1.954610397,0.014548876,d__Bacteria,p__Proteobacteria,c__Alphaproteobacteria,o__Rhizobiales,f__Xanthobacteraceae,g__Bradyrhizobium,s__
H2-18-all-fractions_metab_conc_74,H2-18-all-fractions_Bradyrhizobium_62_18,"Bradyrhizobium, Rhizobiales, Alphaproteobacteria, Proteobacteria, Bacteria",NA,5461542,62.19,0.6219,17.73,776,5737,34416,26,7,26,8,10,3,Uncurated genome,partial,Bacteria,Proteobacteria,Alphaproteobacteria,Rhizobiales,Bradyrhizobium,unknown,unknown,1,1,48,48_1,1.71549002,1.730955635,1.718468957,1.733747452,1.719882702,1.733695498,1.717947226,1.732799528,0.219968938,0.220033252,0.204402934,0.229447518,0.025044584,299,H,H2-18,1.749497322,0.010269243,d__Bacteria,p__Proteobacteria,c__Alphaproteobacteria,o__Rhizobiales,f__Xanthobacteraceae,g__Bradyrhizobium,s__
H3-18-all-fractions_metab_conc_4,H3-18-all-fractions_Bradyrhizobium_62_18,"Bradyrhizobium, Rhizobiales, Alphaproteobacteria, Proteobacteria, Bacteria",NA,3842767,62.39,0.6239,18.43,516,3987,28914,29,5,29,4,9,1,Uncurated genome,partial,Bacteria,Proteobacteria,Alphaproteobacteria,Rhizobiales,Bradyrhizobium,unknown,unknown,1,1,48,48_2,1.715606744,1.731092108,1.7185354,1.733841914,1.719929928,1.733744836,1.718024024,1.732892953,0.220186673,0.220270414,0.204429207,0.229725602,0.025296395,300,H,H3-18,2.470386883,0.019682491,d__Bacteria,p__Proteobacteria,c__Alphaproteobacteria,o__Rhizobiales,f__Xanthobacteraceae,g__Bradyrhizobium,s__
H3-16-all-fractions_metab_37,H3-16-all-fractions_Acidobacteria_55_0,"Acidobacteria, Bacteria",NA,5588341,54.82,0.5482,0,50,4762,627321,51,1,51,0,13,0,Uncurated genome,near complete,Bacteria,Acidobacteria,unknown,unknown,unknown,unknown,unknown,1,NA,42,42_1,1.711157333,1.727038327,1.715252512,1.727051398,1.71475048,1.73192752,1.713720108,1.728672415,0.222558222,0.22203483,0.175051471,0.254917821,0.079866351,444,H,H3-16,1.047890053,0.006620382,d__Bacteria,p__Acidobacteriota,c__Acidobacteriae,o__Acidobacteriales,f__Gp1-AA117,g__Gp1-AA17,s__
H2-16-all-fractions_metab_conc_60,H2-16-all-fractions_Proteobacteria_70_13,"Proteobacteria, Bacteria",NA,5887350,69.76,0.6976,13.37,290,5311,93168,24,0,25,1,11,1,Uncurated genome,partial,Bacteria,Proteobacteria,unknown,unknown,unknown,unknown,unknown,1,1,94,94_0,1.731104551,1.747148707,1.732934699,1.750346851,1.73453532,1.746599483,1.73285819,1.74803168,0.222619116,0.222884456,0.177039979,0.255757017,0.078717037,296,H,H2-16,0.782965677,0.004762027,d__Bacteria,p__Myxococcota,c__Polyangia,o__Palsa-1104,f__Fen-1088,g__,s__
H3-18-all-fractions_metab_conc_14,H3-18-all-fractions_Acidobacteria_55_25,"Acidobacteria, Bacteria",NA,5503077,54.81,0.5481,24.64,10,4650,932911,49,1,50,0,13,0,Uncurated genome,near complete,Bacteria,Acidobacteria,unknown,unknown,unknown,unknown,unknown,1,1,42,42_1,1.711143977,1.727069617,1.715281744,1.727345324,1.71474205,1.731936322,1.71372259,1.728783754,0.223498563,0.223650968,0.178975467,0.255174787,0.076199319,4,H,H3-18,2.069189458,0.016486002,d__Bacteria,p__Acidobacteriota,c__Acidobacteriae,o__Acidobacteriales,f__Gp1-AA117,g__Gp1-AA17,s__
H3-16-all-fractions_metab_maxb_73,H3-16-all-fractions_Sphingobacteriales_41_0,"Sphingobacteriales, Sphingobacteriia, Bacteroidetes, Bacteria",NA,3295170,40.86,0.4086,0,636,3244,26632,20,0,26,3,11,1,Uncurated genome,partial,Bacteria,Bacteroidetes,Sphingobacteriia,Sphingobacteriales,unknown,unknown,unknown,1,1,7,7_0,1.704028732,1.719941966,1.707500481,1.721451894,1.706619666,1.722610549,1.706049626,1.721334803,0.228071554,0.227947045,0.207879915,0.23839155,0.030511634,218,H,H3-16,0.246538822,0.001557588,d__Bacteria,p__Bacteroidota,c__Bacteroidia,o__Chitinophagales,f__Chitinophagaceae,g__Flavisolibacter,s__
H2-18-all-fractions_metab_conc_93,H2-18-all-fractions_Sphingomodales_64_15,"Sphingomodales, Alphaproteobacteria, Proteobacteria, Bacteria",NA,3080415,64.1,0.641,14.68,197,3260,74986,25,6,24,9,11,2,Uncurated genome,partial,Bacteria,Proteobacteria,Alphaproteobacteria,Sphingomounknowndales,unknown,unknown,unknown,1,NA,237,237_1,1.718671208,1.732674582,1.719843265,1.736779479,1.721896711,1.737307293,1.720137062,1.735587118,0.228237654,0.228604455,0.207375545,0.250636976,0.04326143,1416,H,H2-18,3.237994566,0.019006461,d__Bacteria,p__Proteobacteria,c__Alphaproteobacteria,o__Sphingomonadales,f__Sphingomonadaceae,g__Sphingomonas_A,s__
H2-16-all-fractions_metab_75,H2-16-all-fractions_Sphingomodales_65_38,"Sphingomodales, Alphaproteobacteria, Proteobacteria, Bacteria",NA,2419722,65.26,0.6526,38.24,400,2832,31821,44,22,46,25,13,4,Uncurated genome,megabin,Bacteria,Proteobacteria,Alphaproteobacteria,Sphingomounknowndales,unknown,unknown,unknown,1,1,238,238_0,1.72433116,1.743131293,1.727783234,1.743499896,1.73175559,1.743835862,1.727956661,1.743489017,0.229437203,0.228786467,0.177548072,0.277501982,0.09995391,292,H,H2-16,3.313750482,0.020154354,d__Bacteria,p__Proteobacteria,c__Alphaproteobacteria,o__Sphingomonadales,f__Sphingomonadaceae,g__Sphingomonas_A,s__
H3-16-all-fractions_maxb_26,H3-16-all-fractions_Sphingobacteriales_42_0,"Sphingobacteriales, Sphingobacteriia, Bacteroidetes, Bacteria",NA,4124613,41.5,0.415,0,943,4290,26621,38,13,43,18,8,3,Uncurated genome,megabin,Bacteria,Bacteroidetes,Sphingobacteriia,Sphingobacteriales,unknown,unknown,unknown,1,1,6,6_0,1.704126783,1.720185459,1.707186045,1.722180983,1.707079666,1.722782295,1.706130831,1.721716246,0.232387476,0.2324158,0.223472171,0.239754883,0.016282712,217,H,H3-16,0.233405981,0.001474617,d__Bacteria,p__Bacteroidota,c__Bacteroidia,o__Chitinophagales,f__Chitinophagaceae,g__Flavisolibacter,s__
H1-18-all-fractions_metab_conc_103,H1-18-all-fractions_Sphingomodales_66_15,"Sphingomodales, Alphaproteobacteria, Proteobacteria, Bacteria",NA,2194343,65.78,0.6578,15.35,184,2430,54614,30,1,32,2,10,0,Uncurated genome,partial,Bacteria,Proteobacteria,Alphaproteobacteria,Sphingomounknowndales,unknown,unknown,unknown,1,1,239,239_0,1.718907678,1.73518041,1.720930211,1.737114874,1.722493198,1.737259656,1.720777029,1.736518313,0.232842193,0.232833238,0.218196732,0.240955771,0.022759039,298,H,H1-18,1.38899557,0.010115831,d__Bacteria,p__Proteobacteria,c__Alphaproteobacteria,o__Sphingomonadales,f__Sphingomonadaceae,g__Sphingomonas_A,s__
H1-18-all-fractions_metab_69,H1-18-all-fractions_Sphingomodales_65_37,"Sphingomodales, Alphaproteobacteria, Proteobacteria, Bacteria",NA,2542617,65.27,0.6527,37.12,20,2647,466520,41,0,41,1,12,1,Uncurated genome,near complete,Bacteria,Proteobacteria,Alphaproteobacteria,Sphingomounknowndales,unknown,unknown,unknown,1,1,236,236_0,1.718492366,1.735921485,1.721877747,1.735641621,1.720655168,1.73676469,1.72034176,1.736109265,0.233253698,0.233278178,0.20345307,0.258139048,0.054685978,313,H,H1-18,5.231847527,0.038102702,d__Bacteria,p__Proteobacteria,c__Alphaproteobacteria,o__Sphingomonadales,f__Sphingomonadaceae,g__Sphingomonas_A,s__
H3-18-all-fractions_metab_conc_75,H3-18-all-fractions_Burkholderiales_69_10,"Burkholderiales, Betaproteobacteria, Proteobacteria, Bacteria",NA,3655309,68.61,0.6861,9.86,973,4386,14133,37,5,36,7,11,1,Uncurated genome,partial,Bacteria,Proteobacteria,Betaproteobacteria,Burkholderiales,unknown,unknown,unknown,1,1,251,251_0,1.721184696,1.736134106,1.722530004,1.741193241,1.724338143,1.738244212,1.722684281,1.738523853,0.234193408,0.234038315,0.205272689,0.275784198,0.070511509,289,H,H3-18,1.176921276,0.00937697,d__Bacteria,p__Proteobacteria,c__Gammaproteobacteria,o__Burkholderiales,f__Burkholderiaceae,g__Ramlibacter,s__
H1-18-all-fractions_metab_maxb_45,H1-18-all-fractions_Sphingobacteriales_37_7,"Sphingobacteriales, Sphingobacteriia, Bacteroidetes, Bacteria",NA,3620094,36.89,0.3689,6.58,619,3574,49168,42,2,45,2,11,1,Uncurated genome,near complete,Bacteria,Bacteroidetes,Sphingobacteriia,Sphingobacteriales,unknown,unknown,unknown,1,1,302,302_0,1.703734089,1.721031942,1.709676079,1.72204785,1.706152166,1.723665227,1.706520778,1.72224834,0.234428615,0.234464561,0.184096459,0.261138967,0.077042508,219,H,H1-18,0.368779775,0.002685764,d__Bacteria,p__Bacteroidota,c__Bacteroidia,o__Chitinophagales,f__Chitinophagaceae,g__Flavisolibacter,s__
H2-16-all-fractions_metab_57,H2-16-all-fractions_Sphingomodales_64_21,"Sphingomodales, Alphaproteobacteria, Proteobacteria, Bacteria",NA,3255206,63.73,0.6373,21.42,230,3556,145351,27,3,25,5,9,1,Uncurated genome,partial,Bacteria,Proteobacteria,Alphaproteobacteria,Sphingomounknowndales,unknown,unknown,unknown,1,1,237,237_1,1.722538152,1.740586294,1.725683055,1.741576731,1.72763865,1.741728697,1.725286619,1.741297241,0.236640339,0.236190305,0.207574812,0.266672824,0.059098012,291,H,H2-16,1.82534379,0.011101809,d__Bacteria,p__Proteobacteria,c__Alphaproteobacteria,o__Sphingomonadales,f__Sphingomonadaceae,g__Sphingomonas_A,s__
H2-16-all-fractions_metab_12,H2-16-all-fractions_Bacteria_57_7,Bacteria,NA,2834960,56.56,0.5656,7.45,396,2899,31626,41,3,42,3,10,0,Uncurated genome,near complete,Bacteria,unknown,unknown,unknown,unknown,unknown,unknown,1,1,25,25_0,1.71445604,1.732761162,1.716320877,1.731870032,1.718544234,1.732755977,1.716440384,1.73246239,0.238118954,0.237548963,0.210451289,0.271713498,0.061262209,375,H,H2-16,0.719356705,0.004375154,d__Bacteria,p__Acidobacteriota,c__Blastocatellia,o__Pyrinomonadales,f__Pyrinomonadaceae,g__OLB17,s__
H2-18-all-fractions_metab_conc_57,H2-18-all-fractions_Sphingobacteriales_44_10,"Sphingobacteriales, Sphingobacteriia, Bacteroidetes, Bacteria",NA,5480678,44.04,0.4404,9.8,253,4591,97815,49,1,51,0,13,0,Uncurated genome,near complete,Bacteria,Bacteroidetes,Sphingobacteriia,Sphingobacteriales,unknown,unknown,unknown,1,1,5,5_1,1.704600759,1.721394324,1.707423095,1.723872864,1.708334824,1.723887114,1.706786226,1.723051434,0.242453086,0.242469937,0.231632118,0.250667266,0.019035148,216,H,H2-18,1.528116321,0.008969775,d__Bacteria,p__Bacteroidota,c__Bacteroidia,o__Chitinophagales,f__Chitinophagaceae,g__Flavisolibacter,s__
H3-18-all-fractions_metab_conc_36,H3-18-all-fractions_Sphingomodales_63_11,"Sphingomodales, Alphaproteobacteria, Proteobacteria, Bacteria",NA,2228530,63.1,0.631,11.11,166,2324,82501,27,2,27,1,10,1,Uncurated genome,partial,Bacteria,Proteobacteria,Alphaproteobacteria,Sphingomounknowndales,unknown,unknown,unknown,1,NA,240,240_1,1.716824039,1.732664921,1.719304157,1.736937319,1.720836698,1.736580386,1.718988298,1.735394209,0.242995567,0.242905948,0.232850694,0.261028671,0.028177976,1379,H,H3-18,3.363246608,0.026796237,d__Bacteria,p__Proteobacteria,c__Alphaproteobacteria,o__Sphingomonadales,f__Sphingomonadaceae,g__Sphingomonas_A,s__
H2-16-all-fractions_metab_conc_33,H2-16-all-fractions_Sphingomodales_63_10,"Sphingomodales, Alphaproteobacteria, Proteobacteria, Bacteria",NA,2086231,63.21,0.6321,9.98,134,2192,87165,25,0,25,2,10,0,Uncurated genome,partial,Bacteria,Proteobacteria,Alphaproteobacteria,Sphingomounknowndales,unknown,unknown,unknown,1,1,240,240_1,1.722393573,1.741842805,1.729842401,1.744588387,1.727204862,1.743173245,1.726480279,1.743201479,0.247480124,0.246500197,0.216959525,0.287396526,0.070437001,290,H,H2-16,0.81133869,0.004934592,d__Bacteria,p__Proteobacteria,c__Alphaproteobacteria,o__Sphingomonadales,f__Sphingomonadaceae,g__Sphingomonas_A,s__
H3-16-all-fractions_metab_conc_87,H3-16-all-fractions_Propionibacteriales_68_0,"Propionibacteriales, Actinobacteria, Actinobacteria, Bacteria",NA,2751964,67.66,0.6766,0,35,2834,469854,48,2,47,1,14,1,Uncurated genome,near complete,Bacteria,Actinobacteria,Actinobacteria,Propionibacteriales,unknown,unknown,unknown,1,1,216,216_1,1.720573308,1.746184022,1.72298529,1.724238496,1.723813468,1.74739542,1.722457355,1.739272646,0.249343007,0.248484027,0.018513278,0.378870761,0.360357483,64,H,H3-16,1.251748155,0.007908321,d__Bacteria,p__Actinobacteriota,c__Actinobacteria,o__Propionibacteriales,f__Nocardioidaceae,g__Aeromicrobium,s__
H3-18-all-fractions_conc_73,H3-18-all-fractions_Propionibacteriales_68_12,"Propionibacteriales, Actinobacteria, Actinobacteria, Bacteria",NA,2971400,67.65,0.6765,11.97,116,3177,188132,46,3,48,3,15,0,Uncurated genome,near complete,Bacteria,Actinobacteria,Actinobacteria,Propionibacteriales,unknown,unknown,unknown,1,NA,216,216_1,1.720564396,1.745334168,1.72300965,1.727896613,1.723884896,1.746947906,1.722486314,1.740059563,0.258537426,0.259680196,0.072192806,0.36643221,0.294239405,584,H,H3-18,1.233752423,0.009829765,d__Bacteria,p__Actinobacteriota,c__Actinobacteria,o__Propionibacteriales,f__Nocardioidaceae,g__Aeromicrobium,s__
H2-16-all-fractions_metab_conc_43,H2-16-all-fractions_Acidobacteriales_58_14,"Acidobacteriales, Acidobacteriia, Acidobacteria, Bacteria",NA,3128160,58.33,0.5833,13.58,130,2987,136278,22,0,23,0,10,1,Uncurated genome,partial,Bacteria,Acidobacteria,Acidobacteriia,Acidobacteriales,unknown,unknown,unknown,1,1,18,18_0,1.716654749,1.736550131,1.720424972,1.739162641,1.721169739,1.735884843,1.719416487,1.737199205,0.263457194,0.263205182,0.217579014,0.294948838,0.077369824,1,H,H2-16,1.261242868,0.007670926,d__Bacteria,p__Acidobacteriota,c__Acidobacteriae,o__Acidobacteriales,f__QIAW01,g__,s__
H2-16-all-fractions_maxb_conc_73,H2-16-all-fractions_Niastella_koreensis_45_7,"Niastella koreensis, Niastella, Sphingobacteriales, Sphingobacteriia, Bacteroidetes, Bacteria",NA,6611996,44.97,0.4497,7.45,822,5895,42639,45,2,45,3,12,0,Uncurated genome,near complete,Bacteria,Bacteroidetes,Sphingobacteriia,Sphingobacteriales,Niastella,Niastellakoreensis,Bacteria,1,NA,4,4_1,1.711045752,1.730712437,1.712671101,1.729384675,1.713146552,1.7308922,1.712287802,1.730329771,0.268702419,0.268096464,0.24830146,0.292451231,0.044149771,1176,H,H2-16,0.786428493,0.004783087,d__Bacteria,p__Bacteroidota,c__Bacteroidia,o__Chitinophagales,f__Chitinophagaceae,g__Niastella,s__
H3-16-all-fractions_metab_maxbC_136,H3-16-all-fractions_Myxococcales_66_0,"Myxococcales, Deltaproteobacteria, Proteobacteria, Bacteria",NA,4750517,66.34,0.6634,0,754,4781,25382,36,1,38,4,10,0,Uncurated genome,partial,Bacteria,Proteobacteria,Deltaproteobacteria,Myxococcales,unknown,unknown,unknown,1,1,296,296_2,1.719095209,1.737592289,1.720713007,1.739816347,1.722287969,1.74021744,1.720698728,1.739208692,0.273629878,0.273800426,0.264969021,0.282575337,0.017606316,285,H,H3-16,0.616115895,0.00389251,d__Bacteria,p__Myxococcota,c__Myxococcia,o__Myxococcales,f__Myxococcaceae,g__,s__
H2-18-all-fractions_metab_63,H2-18-all-fractions_Massilia_66_19,"Massilia, Burkholderiales, Betaproteobacteria, Proteobacteria, Bacteria",NA,5547559,65.59,0.6559,19.11,311,5074,160650,28,3,30,6,14,4,Uncurated genome,partial,Bacteria,Proteobacteria,Betaproteobacteria,Burkholderiales,Massilia,unknown,unknown,1,1,261,261_0,1.716968579,1.733826905,1.720822431,1.743710365,1.721010692,1.73777407,1.719600567,1.738437113,0.277875066,0.278805785,0.247916857,0.338531137,0.09061428,279,H,H2-18,3.295428708,0.019343589,d__Bacteria,p__Proteobacteria,c__Gammaproteobacteria,o__Burkholderiales,f__Burkholderiaceae,g__Massilia,s__
H3-16-all-fractions_metab_maxbC_112,H3-16-all-fractions_Burkholderiales_62_0,"Burkholderiales, Betaproteobacteria, Proteobacteria, Bacteria",NA,4361430,61.59,0.6159,0,335,4172,65044,32,0,39,1,13,0,Uncurated genome,partial,Bacteria,Proteobacteria,Betaproteobacteria,Burkholderiales,unknown,unknown,unknown,1,1,262,262_0,1.714819309,1.736972054,1.717720864,1.738150957,1.719402152,1.738637278,1.717314108,1.737920096,0.30479409,0.305382291,0.284719836,0.328782976,0.044063139,273,H,H3-16,0.930627163,0.005879536,d__Bacteria,p__Proteobacteria,c__Gammaproteobacteria,o__Burkholderiales,f__Burkholderiaceae,g__Massilia_B,s__
H1-18-all-fractions_conc_55,H1-18-all-fractions_Burkholderiales_64_14,"Burkholderiales, Betaproteobacteria, Proteobacteria, Bacteria",NA,4935414,63.72,0.6372,14.14,373,4855,76258,45,1,51,1,13,2,Uncurated genome,near complete,Bacteria,Proteobacteria,Betaproteobacteria,Burkholderiales,unknown,unknown,unknown,1,1,260,260_0,1.716546395,1.738616637,1.719367865,1.739739595,1.720657509,1.740022564,1.718857257,1.739459598,0.305066253,0.305064588,0.286443723,0.327240132,0.040796409,277,H,H1-18,2.26743317,0.01651335,d__Bacteria,p__Proteobacteria,c__Gammaproteobacteria,o__Burkholderiales,f__Burkholderiaceae,g__Massilia_B,s__
H1-16-all-fractions_conc_50,H1-16-all-fractions_Massilia_sp__JS1662_67_10,"Massilia sp. JS1662, Massilia, Burkholderiales, Betaproteobacteria, Proteobacteria, Bacteria",NA,6971725,66.53,0.6653,10.35,472,6477,98940,33,1,36,5,13,2,Uncurated genome,partial,Bacteria,Proteobacteria,Betaproteobacteria,Burkholderiales,Massilia,Massiliasp.JS1662,Bacteria,1,1,257,257_0,1.719290952,1.741932826,1.721583763,1.741187219,1.722126056,1.742406987,1.721000257,1.741842344,0.308445437,0.308244244,0.289827233,0.335195124,0.045367891,280,H,H1-16,1.493498739,0.011116654,d__Bacteria,p__Proteobacteria,c__Gammaproteobacteria,o__Burkholderiales,f__Burkholderiaceae,g__Massilia,s__
H3-16-all-fractions_metab_44,H3-16-all-fractions_Cytophagales_44_0,"Cytophagales, Cytophagia, Bacteroidetes, Bacteria",NA,3847932,43.8,0.438,0,644,3906,33989,50,2,49,4,14,0,Uncurated genome,near complete,Bacteria,Bacteroidetes,Cytophagia,Cytophagales,unknown,unknown,unknown,1,1,1,1_0,1.705871451,1.727219324,1.708242972,1.727947719,1.708607796,1.729714044,1.707574073,1.728293696,0.308757958,0.30872941,0.293492444,0.318408047,0.024915603,214,H,H3-16,0.292965689,0.001850905,d__Bacteria,p__Bacteroidota,c__Bacteroidia,o__Cytophagales,f__Cytophagaceae,g__,s__
H3-16-all-fractions_metab_conc_100,H3-16-all-fractions_Burkholderiales_71_0,"Burkholderiales, Betaproteobacteria, Proteobacteria, Bacteria",NA,6206281,70.65,0.7065,0,1011,6381,54002,42,4,44,4,9,2,Uncurated genome,near complete,Bacteria,Proteobacteria,Betaproteobacteria,Burkholderiales,unknown,unknown,unknown,1,1,246,246_3,1.722727406,1.743855427,1.723846674,1.745696078,1.725626873,1.746047356,1.724066984,1.745199621,0.311797137,0.31200609,0.301219192,0.322629811,0.021410619,271,H,H3-16,2.431394409,0.015361114,d__Bacteria,p__Proteobacteria,c__Gammaproteobacteria,o__Burkholderiales,f__Burkholderiaceae,g__Vitreoscilla_A,s__
H1-18-all-fractions_metab_conc_47,H1-18-all-fractions_Burkholderiales_71_15,"Burkholderiales, Betaproteobacteria, Proteobacteria, Bacteria",NA,6407978,70.55,0.7055,14.99,491,6061,97423,51,6,51,6,14,1,Uncurated genome,near complete,Bacteria,Proteobacteria,Betaproteobacteria,Burkholderiales,unknown,unknown,unknown,1,1,246,246_1,1.722644993,1.743836115,1.723814479,1.745729242,1.725643327,1.746060553,1.724034266,1.745208637,0.312640018,0.312627664,0.301167763,0.323600396,0.022432633,269,H,H1-18,0.414676354,0.003020021,d__Bacteria,p__Proteobacteria,c__Gammaproteobacteria,o__Burkholderiales,f__Burkholderiaceae,g__Vitreoscilla_A,s__
H3-16-all-fractions_conc_123,H3-16-all-fractions_Niastella_koreensis_45_0,"Niastella koreensis, Niastella, Sphingobacteriales, Sphingobacteriia, Bacteroidetes, Bacteria",NA,7341113,44.82,0.4482,0,578,6315,117270,51,0,51,0,12,0,Uncurated genome,near complete,Bacteria,Bacteroidetes,Sphingobacteriia,Sphingobacteriales,Niastella,Niastellakoreensis,Bacteria,1,1,4,4_2,1.705380616,1.72759726,1.708326003,1.728429546,1.709273874,1.730413466,1.707660164,1.728813424,0.315037917,0.31518005,0.299422689,0.331466783,0.032044094,212,H,H3-16,0.382337667,0.002415541,d__Bacteria,p__Bacteroidota,c__Bacteroidia,o__Chitinophagales,f__Chitinophagaceae,g__Niastella,s__
H2-18-all-fractions_metab_conc_88,H2-18-all-fractions_Niastella_koreensis_45_13,"Niastella koreensis, Niastella, Sphingobacteriales, Sphingobacteriia, Bacteroidetes, Bacteria",NA,7448802,44.68,0.4468,12.87,452,6337,109871,49,0,51,1,12,1,Uncurated genome,near complete,Bacteria,Bacteroidetes,Sphingobacteriia,Sphingobacteriales,Niastella,Niastellakoreensis,Bacteria,1,1,4,4_1,1.705339807,1.727553606,1.708251849,1.72833753,1.709208708,1.730380127,1.707600121,1.728757088,0.31551698,0.315245646,0.299168963,0.331431499,0.032262536,213,H,H2-18,1.941283399,0.011394993,d__Bacteria,p__Bacteroidota,c__Bacteroidia,o__Chitinophagales,f__Chitinophagaceae,g__Niastella,s__
H3-18-all-fractions_metab_conc_20,H3-18-all-fractions_Propionibacteriales_70_14,"Propionibacteriales, Actinobacteria, Actinobacteria, Bacteria",NA,3316659,69.98,0.6998,13.67,452,3665,78282,28,5,29,4,9,2,Uncurated genome,partial,Bacteria,Actinobacteria,Actinobacteria,Propionibacteriales,unknown,unknown,unknown,1,1,205,205_0,1.722619773,1.746871902,1.723739811,1.743484572,1.725638941,1.748131326,1.723999508,1.7461626,0.326906581,0.32722919,0.291567425,0.358359789,0.066792363,48,H,H3-18,1.43611634,0.011442073,d__Bacteria,p__Actinobacteriota,c__Actinobacteria,o__Propionibacteriales,f__Nocardioidaceae,g__,s__
H3-16-all-fractions_metab_maxbC_4,H3-16-all-fractions_Bacteria_48_0,Bacteria,NA,3187957,48.04,0.4804,0,306,3542,69700,48,0,50,1,13,1,Uncurated genome,near complete,Bacteria,unknown,unknown,unknown,unknown,unknown,unknown,1,1,301,301_0,1.706609995,1.729502363,1.709967165,1.730734864,1.71064121,1.733041924,1.70907279,1.73109305,0.32783827,0.327844025,0.309033804,0.341320071,0.032286266,373,H,H3-16,0.413997593,0.002615563,d__Bacteria,p__Bdellovibrionota,c__Bacteriovoracia,o__Bacteriovoracales,f__Bacteriovoracaceae,g__,s__
H3-16-all-fractions_metab_conc_113,H3-16-all-fractions_RIFCSPLOWO2_12_FULL_Bacteroidetes_35_15_curated_45_0,"RIFCSPLOWO2_12_FULL_Bacteroidetes_35_15_curated, Bacteroidetes, Bacteria",NA,4653041,45.44,0.4544,0,15,4016,1052142,50,1,51,0,14,1,Uncurated genome,near complete,Bacteria,Bacteroidetes,RIFCSPLOWO2_12_FULL_Bacteroidetes_35_15_curated,unknown,unknown,unknown,unknown,1,1,3,3_0,1.707816377,1.733485918,1.718315058,1.733461557,1.709694166,1.736316103,1.711941867,1.734421193,0.334969419,0.334103841,0.224283157,0.396194487,0.171911329,215,H,H3-16,1.428281721,0.009023628,d__Bacteria,p__Bacteroidota,c__Bacteroidia,o__AKYH767,f__2-12-FULL-35-15,g__,s__
H3-16-all-fractions_metab_conc_78,H3-16-all-fractions_Burkholderia_graminis_63_0,"Burkholderia graminis, Burkholderia, Burkholderiales, Betaproteobacteria, Proteobacteria, Bacteria",NA,6001523,63.38,0.6338,0,659,5845,49407,19,1,22,2,12,0,Uncurated genome,partial,Bacteria,Proteobacteria,Betaproteobacteria,Burkholderiales,Burkholderia,Burkholderiagraminis,Bacteria,1,1,254,254_2,1.716815366,1.740046142,1.719442003,1.742974474,1.720879525,1.742957851,1.719045631,1.741992822,0.339453931,0.339746345,0.32653395,0.348331437,0.021797488,260,H,H3-16,0.910793269,0.005754229,d__Bacteria,p__Proteobacteria,c__Gammaproteobacteria,o__Burkholderiales,f__Burkholderiaceae,g__Paraburkholderia,s__Paraburkholderia graminis
H1-18-all-fractions_metab_conc_2,H1-18-all-fractions_Burkholderia_graminis_63_9,"Burkholderia graminis, Burkholderia, Burkholderiales, Betaproteobacteria, Proteobacteria, Bacteria",NA,6080508,63.32,0.6332,9.06,775,6041,38493,48,2,51,5,12,1,Uncurated genome,near complete,Bacteria,Proteobacteria,Betaproteobacteria,Burkholderiales,Burkholderia,Burkholderiagraminis,Bacteria,1,1,254,254_3,1.716773901,1.740029514,1.719407753,1.742942191,1.720827243,1.742878071,1.719002965,1.741949925,0.339761683,0.339751045,0.326136871,0.348367173,0.022230302,261,H,H1-18,0.574806719,0.004186225,d__Bacteria,p__Proteobacteria,c__Gammaproteobacteria,o__Burkholderiales,f__Burkholderiaceae,g__Paraburkholderia,s__Paraburkholderia graminis
H3-16-all-fractions_conc_7,H3-16-all-fractions_Bacteria_52_0,Bacteria,NA,4303488,51.66,0.5166,0,531,4442,40023,48,1,50,3,12,2,Uncurated genome,near complete,Bacteria,unknown,unknown,unknown,unknown,unknown,unknown,1,NA,16,16_1,1.708805718,1.732778951,1.712330148,1.734754349,1.712989766,1.735687612,1.711375211,1.734406971,0.342242469,0.342462158,0.333242341,0.356997037,0.023754696,1726,H,H3-16,0.396653523,0.002505986,d__Bacteria,p__Bdellovibrionota,c__Bacteriovoracia,o__UBA1018,f__UBA1018,g__,s__
H3-18-all-fractions_maxb_conc_78,H3-18-all-fractions_Bdellovibrioles_52_10,"Bdellovibrioles, Bdellovibrio, Bacteria",NA,4269796,51.71,0.5171,10.37,187,4143,113319,48,1,49,0,11,1,Uncurated genome,near complete,Bacteria,Bdellovibrio,Bdellovibriounknownles,unknown,unknown,unknown,unknown,1,NA,16,16_1,1.708631735,1.732741188,1.712361979,1.73471912,1.713020641,1.735665118,1.711338119,1.734375142,0.342386214,0.34254809,0.332239828,0.359062375,0.026822547,1188,H,H3-18,1.757954476,0.014006277,d__Bacteria,p__Bdellovibrionota,c__Bacteriovoracia,o__UBA1018,f__UBA1018,g__,s__
H3-16-all-fractions_metab_conc_30,H3-16-all-fractions_Propionibacteriales_71_0,"Propionibacteriales, Actinobacteria, Actinobacteria, Bacteria",NA,3311763,70.85,0.7085,0,248,3530,60459,20,1,20,2,10,1,Uncurated genome,partial,Bacteria,Actinobacteria,Actinobacteria,Propionibacteriales,unknown,unknown,unknown,1,1,203,203_1,1.72358729,1.746889288,1.724565194,1.749115142,1.726520447,1.748389971,1.724890977,1.748131467,0.342559487,0.342963987,0.322427812,0.36235632,0.039928507,40,H,H3-16,1.136714169,0.007181557,d__Bacteria,p__Actinobacteriota,c__Actinobacteria,o__Propionibacteriales,f__Nocardioidaceae,g__,s__
H3-18-all-fractions_metab_conc_26,H3-18-all-fractions_Propionibacteriales_71_12,"Propionibacteriales, Actinobacteria, Actinobacteria, Bacteria",NA,3144567,70.89,0.7089,12,287,3374,61381,26,0,26,2,10,0,Uncurated genome,partial,Bacteria,Actinobacteria,Actinobacteria,Propionibacteriales,unknown,unknown,unknown,1,1,203,203_2,1.723600728,1.746851835,1.724587235,1.749098182,1.726500984,1.74839448,1.724896316,1.748114833,0.34264695,0.342638883,0.322785076,0.361776287,0.038991211,41,H,H3-18,1.014894433,0.008086042,d__Bacteria,p__Actinobacteriota,c__Actinobacteria,o__Propionibacteriales,f__Nocardioidaceae,g__,s__
H1-18-all-fractions_metab_8,H1-18-all-fractions_Bdellovibrioles_52_9,"Bdellovibrioles, Bdellovibrio, Bacteria",NA,4221683,51.71,0.5171,8.71,262,4167,80438,47,1,50,1,11,1,Uncurated genome,near complete,Bacteria,Bdellovibrio,Bdellovibriounknownles,unknown,unknown,unknown,unknown,1,1,16,16_1,1.708650753,1.732743921,1.712328222,1.734730034,1.713023655,1.735664744,1.71133421,1.734379566,0.34266682,0.342672827,0.332910283,0.358815902,0.025905619,220,H,H1-18,0.879078795,0.006402189,d__Bacteria,p__Bdellovibrionota,c__Bacteriovoracia,o__UBA1018,f__UBA1018,g__,s__
H2-16-all-fractions_metab_conc_39,H2-16-all-fractions_Burkholderiales_71_26,"Burkholderiales, Betaproteobacteria, Proteobacteria, Bacteria",NA,6324392,70.52,0.7052,25.57,165,5735,205285,29,3,28,3,11,0,Uncurated genome,partial,Bacteria,Proteobacteria,Betaproteobacteria,Burkholderiales,unknown,unknown,unknown,1,NA,246,246_1,1.733688099,1.758190799,1.735186254,1.758524144,1.736912553,1.760589003,1.735262302,1.759101315,0.349931004,0.349692069,0.342356141,0.359753992,0.017397851,1329,H,H2-16,1.466429137,0.008918877,d__Bacteria,p__Proteobacteria,c__Gammaproteobacteria,o__Burkholderiales,f__Burkholderiaceae,g__Vitreoscilla_A,s__
H3-16-all-fractions_metab_conc_13,H3-16-all-fractions_Lysobacter_68_0,"Lysobacter, Xanthomodales, Gammaproteobacteria, Proteobacteria, Bacteria",NA,2790682,68,0.68,0,212,2796,55500,28,8,29,7,10,2,Uncurated genome,partial,Bacteria,Proteobacteria,Gammaproteobacteria,Xanthomounknowndales,Lysobacter,unknown,unknown,1,1,35,35_0,1.720668522,1.744585875,1.722288026,1.746642605,1.723909614,1.746885311,1.722288721,1.74603793,0.350735328,0.350984691,0.339233835,0.359931473,0.020697638,263,H,H3-16,0.922918056,0.005830831,d__Bacteria,p__Proteobacteria,c__Gammaproteobacteria,o__Xanthomonadales,f__Xanthomonadaceae,g__Lysobacter_A,s__
H2-18-all-fractions_metab_conc_98,H2-18-all-fractions_Propionibacteriales_71_10,"Propionibacteriales, Actinobacteria, Actinobacteria, Bacteria",NA,5432254,70.51,0.7051,9.5,995,6341,25879,23,10,23,8,11,6,Uncurated genome,partial,Bacteria,Actinobacteria,Actinobacteria,Propionibacteriales,unknown,unknown,unknown,1,1,204,204_4,1.722940547,1.747119759,1.724137948,1.750041298,1.72580232,1.748197834,1.724293605,1.748452964,0.356280174,0.356645445,0.330318175,0.382425131,0.052106957,38,H,H2-18,0.884772369,0.005193459,d__Bacteria,p__Actinobacteriota,c__Actinobacteria,o__Propionibacteriales,f__Nocardioidaceae,g__,s__
H1-18-all-fractions_metab_conc_27,H1-18-all-fractions_Propionibacteriales_69_23,"Propionibacteriales, Actinobacteria, Actinobacteria, Bacteria",NA,3916357,69.34,0.6934,22.83,391,4302,136375,37,4,38,5,10,2,Uncurated genome,partial,Bacteria,Actinobacteria,Actinobacteria,Propionibacteriales,unknown,unknown,unknown,1,1,204,204_2,1.722222546,1.747029206,1.723538098,1.749614121,1.725284327,1.747935051,1.723681657,1.748192793,0.361986723,0.361960111,0.33417638,0.385101147,0.050924767,35,H,H1-18,2.077893873,0.015132966,d__Bacteria,p__Actinobacteriota,c__Actinobacteria,o__Propionibacteriales,f__Nocardioidaceae,g__,s__
H1-16-all-fractions_metab_conc_94,H1-16-all-fractions_Propionibacteriales_69_21,"Propionibacteriales, Actinobacteria, Actinobacteria, Bacteria",NA,4129197,69.27,0.6927,20.73,442,4552,108036,49,12,49,13,12,1,Uncurated genome,megabin,Bacteria,Actinobacteria,Actinobacteria,Propionibacteriales,unknown,unknown,unknown,1,1,204,204_1,1.722179339,1.746976296,1.723546409,1.749613189,1.725265789,1.747928721,1.723663846,1.748172735,0.362490298,0.361930294,0.334359723,0.384962366,0.050602643,36,H,H1-16,2.737930723,0.020379413,d__Bacteria,p__Actinobacteriota,c__Actinobacteria,o__Propionibacteriales,f__Nocardioidaceae,g__,s__
H3-16-all-fractions_metab_conc_40,H3-16-all-fractions_Bacteroidetes_44_0,"Bacteroidetes, Bacteria",NA,3427492,43.81,0.4381,0,325,2978,75062,46,0,48,0,14,1,Uncurated genome,near complete,Bacteria,Bacteroidetes,unknown,unknown,unknown,unknown,unknown,1,1,2,2_0,1.7063294,1.732079259,1.709016037,1.733784168,1.70854327,1.734328916,1.707962902,1.733397448,0.378954639,0.378897118,0.368742215,0.383996957,0.015254742,211,H,H3-16,0.326583546,0.002063296,d__Bacteria,p__Bacteroidota,c__Bacteroidia,o__AKYH767,f__b-17BO,g__,s__
H2-16-all-fractions_metab_conc_71,H2-16-all-fractions_Burkholderiales_69_31,"Burkholderiales, Betaproteobacteria, Proteobacteria, Bacteria",NA,5388556,69.2,0.692,30.64,528,5266,43467,23,1,22,6,10,1,Uncurated genome,partial,Bacteria,Proteobacteria,Betaproteobacteria,Burkholderiales,unknown,unknown,unknown,1,1,248,248_2,1.730758853,1.758919998,1.733360332,1.75965202,1.734938994,1.758552032,1.733019393,1.75904135,0.382591354,0.382199327,0.346434434,0.414159027,0.067724593,264,H,H2-16,2.032922893,0.012364313,d__Bacteria,p__Proteobacteria,c__Gammaproteobacteria,o__Burkholderiales,f__Burkholderiaceae,g__Vitreoscilla_A,s__
H2-16-all-fractions_metab_conc_62,H2-16-all-fractions_Propionibacteriales_70_25,"Propionibacteriales, Actinobacteria, Actinobacteria, Bacteria",NA,3468110,69.56,0.6956,24.6,400,3877,123541,27,2,25,4,8,2,Uncurated genome,partial,Bacteria,Actinobacteria,Actinobacteria,Propionibacteriales,unknown,unknown,unknown,1,1,204,204_3,1.731623913,1.762904819,1.736416954,1.764409542,1.736133675,1.763254967,1.734724848,1.763523109,0.423249587,0.422563105,0.397633628,0.459813429,0.062179801,37,H,H2-16,1.274962694,0.007754371,d__Bacteria,p__Actinobacteriota,c__Actinobacteria,o__Propionibacteriales,f__Nocardioidaceae,g__,s__
H2-16-all-fractions_metab_conc_100,H2-16-all-fractions_Burkholderia_graminis_63_15,"Burkholderia graminis, Burkholderia, Burkholderiales, Betaproteobacteria, Proteobacteria, Bacteria",NA,6191342,63.36,0.6336,15.01,771,6094,51067,21,0,23,1,12,0,Uncurated genome,partial,Bacteria,Proteobacteria,Betaproteobacteria,Burkholderiales,Burkholderia,Burkholderiagraminis,Bacteria,1,1,254,254_4,1.720543615,1.753617115,1.727230551,1.754518375,1.726951343,1.755814689,1.724908503,1.75465006,0.440055651,0.438843993,0.402097266,0.489245682,0.087148415,262,H,H2-16,1.141582301,0.006943146,d__Bacteria,p__Proteobacteria,c__Gammaproteobacteria,o__Burkholderiales,f__Burkholderiaceae,g__Paraburkholderia,s__Paraburkholderia graminis
H2-16-all-fractions_metab_conc_101,H2-16-all-fractions_Burkholderiales_63_22,"Burkholderiales, Betaproteobacteria, Proteobacteria, Bacteria",NA,5351632,63.13,0.6313,21.52,999,5640,46431,45,4,46,6,14,4,Uncurated genome,near complete,Bacteria,Proteobacteria,Betaproteobacteria,Burkholderiales,unknown,unknown,unknown,1,1,252,252_2,1.720965514,1.757053513,1.72610728,1.756587409,1.727084274,1.757117381,1.724719023,1.756919434,0.47634742,0.475175432,0.442585963,0.533705333,0.09111937,259,H,H2-16,1.829243999,0.01112553,d__Bacteria,p__Proteobacteria,c__Gammaproteobacteria,o__Burkholderiales,f__Burkholderiaceae,g__,s__
S3-16-all-fractions_maxb_36,S3-16-all-fractions_Nitrososphaera_34_10,"Nitrososphaera, Nitrososphaerales, Nitrososphaeria, Thaumarchaeota, Archaea",NA,2856003,34.18,0.3418,9.92,860,3253,40506,23,3,13,2,34,6,Uncurated genome,near complete,Archaea,Thaumarchaeota,Nitrososphaeria,Nitrososphaerales,Nitrososphaera,unknown,unknown,1,1,14,14_0,1.703485711,1.705231333,1.708834773,1.706897746,1.704747532,1.70877164,1.705689339,1.706966906,0.018960861,0.019054267,-0.028836601,0.06005068,0.088887281,360,S,S3-16,0.680037795,0.003652433,d__Archaea,p__Crenarchaeota,c__Nitrososphaeria,o__Nitrososphaerales,f__Nitrososphaeraceae,g__UBA10452,s__
S3-18-all-fractions_metab_maxb_77,S3-18-all-fractions_Nitrososphaera_30_7,"Nitrososphaera, Nitrososphaerales, Nitrososphaeria, Thaumarchaeota, Archaea",NA,1580782,30.18,0.3018,7.1,330,1799,22834,28,0,18,2,31,2,Uncurated genome,near complete,Archaea,Thaumarchaeota,Nitrososphaeria,Nitrososphaerales,Nitrososphaera,unknown,unknown,1,1,13,13_3,1.703713511,1.704854666,1.708552693,1.706695676,1.70411328,1.708740804,1.705459828,1.706763715,0.019665707,0.019448178,-0.027648275,0.069076543,0.096724817,361,S,S3-18,6.386632924,0.040972539,d__Archaea,p__Crenarchaeota,c__Nitrososphaeria,o__Nitrososphaerales,f__Nitrososphaeraceae,g__,s__
S3-16-all-fractions_metab_maxbC_5,S3-16-all-fractions_Nitrososphaera_29_13,"Nitrososphaera, Nitrososphaerales, Nitrososphaeria, Thaumarchaeota, Archaea",NA,2261236,29.23,0.2923,13.02,131,2463,99625,30,1,19,1,38,0,Uncurated genome,near complete,Archaea,Thaumarchaeota,Nitrososphaeria,Nitrososphaerales,Nitrososphaera,unknown,unknown,1,1,13,13_1,1.703756021,1.704898853,1.708733676,1.707034484,1.704173806,1.708905758,1.705554501,1.706946365,0.020662922,0.020758927,-0.025295409,0.070631773,0.095927181,363,S,S3-16,1.633553435,0.008773696,d__Archaea,p__Crenarchaeota,c__Nitrososphaeria,o__Nitrososphaerales,f__Nitrososphaeraceae,g__,s__
S2-18-all-fractions_metab_conc_49,S2-18-all-fractions_Nitrososphaera_30_0,"Nitrososphaera, Nitrososphaerales, Nitrososphaeria, Thaumarchaeota, Archaea",NA,1427101,30.07,0.3007,0,95,1546,69112,29,1,18,1,37,0,Uncurated genome,near complete,Archaea,Thaumarchaeota,Nitrososphaeria,Nitrososphaerales,Nitrososphaera,unknown,unknown,1,NA,13,13_1,1.703658394,1.704857263,1.708538357,1.707006141,1.704151675,1.708844867,1.705449475,1.706902757,0.021737015,0.021676566,-0.022812608,0.070055081,0.092867689,1693,S,S2-18,7.056099927,0.056336977,d__Archaea,p__Crenarchaeota,c__Nitrososphaeria,o__Nitrososphaerales,f__Nitrososphaeraceae,g__,s__
S1-18-all-fractions_metab_maxb_100,S1-18-all-fractions_Nitrososphaera_30_7,"Nitrososphaera, Nitrososphaerales, Nitrososphaeria, Thaumarchaeota, Archaea",NA,1648232,30.03,0.3003,6.69,352,1908,21789,30,0,19,1,31,0,Uncurated genome,near complete,Archaea,Thaumarchaeota,Nitrososphaeria,Nitrososphaerales,Nitrososphaera,unknown,unknown,1,1,13,13_2,1.703546206,1.704854267,1.708524926,1.70682406,1.704081854,1.708823948,1.705384329,1.706834092,0.021741962,0.021624899,-0.025323756,0.070787901,0.096111657,362,S,S1-18,5.489548292,0.038861591,d__Archaea,p__Crenarchaeota,c__Nitrososphaeria,o__Nitrososphaerales,f__Nitrososphaeraceae,g__,s__
S3-16-all-fractions_metab_conc_57,S3-16-all-fractions_Candidatus_Nitrososphaera_gargensis_43_16,"Candidatus Nitrososphaera gargensis, Nitrososphaera, Nitrososphaerales, Nitrososphaeria, Thaumarchaeota, Archaea",NA,2468357,42.79,0.4279,15.67,128,2631,105004,29,1,17,2,37,0,Uncurated genome,near complete,Archaea,Thaumarchaeota,Nitrososphaeria,Nitrososphaerales,Nitrososphaera,CandidatusNitrososphaeragargensis,Archaea,1,1,12,12_1,1.70458715,1.706997316,1.710451339,1.709876917,1.707840535,1.711036562,1.707626341,1.709303598,0.024927816,0.024990522,-0.008544543,0.047613668,0.056158211,359,S,S3-16,1.283356283,0.006892812,d__Archaea,p__Crenarchaeota,c__Nitrososphaeria,o__Nitrososphaerales,f__Nitrososphaeraceae,g__Nitrososphaera,s__
S3-18-all-fractions_metab_conc_67,S3-18-all-fractions_Candidatus_Nitrososphaera_gargensis_44_9,"Candidatus Nitrososphaera gargensis, Nitrososphaera, Nitrososphaerales, Nitrososphaeria, Thaumarchaeota, Archaea",NA,1479905,43.88,0.4388,9.2,187,1672,21626,28,3,18,0,34,2,Uncurated genome,near complete,Archaea,Thaumarchaeota,Nitrososphaeria,Nitrososphaerales,Nitrososphaera,CandidatusNitrososphaeragargensis,Archaea,1,1,12,12_2,1.704661021,1.707185226,1.710597524,1.709867849,1.708069405,1.711265621,1.707775983,1.709439565,0.025138795,0.024785034,-0.010853215,0.047610949,0.058464164,358,S,S3-18,3.605425838,0.023130099,d__Archaea,p__Crenarchaeota,c__Nitrososphaeria,o__Nitrososphaerales,f__Nitrososphaeraceae,g__Nitrososphaera,s__
S2-16-all-fractions_metab_80,S2-16-all-fractions_Pseudonocardiales_72_0,"Pseudonocardiales, Actinobacteria, Actinobacteria, Bacteria",NA,4676581,71.97,0.7197,0,997,5223,28928,18,1,21,2,11,2,Uncurated genome,partial,Bacteria,Actinobacteria,Actinobacteria,Pseudonocardiales,unknown,unknown,unknown,1,1,228,228_5,1.723920567,1.725486742,1.724985881,1.728000889,1.725711301,1.726497912,1.724872583,1.726661847,0.026141424,0.026405246,0.011602842,0.044491351,0.032888509,188,S,S2-16,1.122171064,0.010986179,d__Bacteria,p__Actinobacteriota,c__Actinobacteria,o__Mycobacteriales,f__Pseudonocardiaceae,g__Pseudonocardia,s__
S1-18-all-fractions_metab_conc_30,S1-18-all-fractions_Candidatus_Nitrososphaera_gargensis_44_9,"Candidatus Nitrososphaera gargensis, Nitrososphaera, Nitrososphaerales, Nitrososphaeria, Thaumarchaeota, Archaea",NA,1372914,44.21,0.4421,8.87,159,1544,28079,22,1,11,1,32,1,Uncurated genome,near complete,Archaea,Thaumarchaeota,Nitrososphaeria,Nitrososphaerales,Nitrososphaera,CandidatusNitrososphaeragargensis,Archaea,1,NA,12,12_1,1.704730871,1.707250606,1.710605057,1.710187179,1.708193198,1.711320055,1.707843042,1.709585947,0.026279414,0.025965951,-0.006215524,0.046574645,0.052790169,1690,S,S1-18,3.773399857,0.026712639,d__Archaea,p__Crenarchaeota,c__Nitrososphaeria,o__Nitrososphaerales,f__Nitrososphaeraceae,g__Nitrososphaera,s__
S1-16-all-fractions_metab_76,S1-16-all-fractions_Pseudonocardiales_72_21,"Pseudonocardiales, Actinobacteria, Actinobacteria, Bacteria",NA,5131591,71.96,0.7196,21.06,878,5583,37884,22,3,27,2,13,2,Uncurated genome,partial,Bacteria,Actinobacteria,Actinobacteria,Pseudonocardiales,unknown,unknown,unknown,1,1,228,228_4,1.723919258,1.725550657,1.724986691,1.727997839,1.725711778,1.726535552,1.724872576,1.726694683,0.026328264,0.026889917,0.012151008,0.044434365,0.032283357,187,S,S1-16,1.505269409,0.010775722,d__Bacteria,p__Actinobacteriota,c__Actinobacteria,o__Mycobacteriales,f__Pseudonocardiaceae,g__Pseudonocardia,s__
S2-18-all-fractions_metab_conc_1,S2-18-all-fractions_Candidatus_Nitrososphaera_gargensis_44_0,"Candidatus Nitrososphaera gargensis, Nitrososphaera, Nitrososphaerales, Nitrososphaeria, Thaumarchaeota, Archaea",NA,1721290,43.65,0.4365,0,171,1914,42678,29,2,17,4,37,1,Uncurated genome,near complete,Archaea,Thaumarchaeota,Nitrososphaeria,Nitrososphaerales,Nitrososphaera,CandidatusNitrososphaeragargensis,Archaea,1,NA,12,12_1,1.704607132,1.707092112,1.710475307,1.710015973,1.708049328,1.711294876,1.707710589,1.709467653,0.026372166,0.026178705,-0.006832614,0.0483462,0.055178813,1689,S,S2-18,2.250217218,0.017966077,d__Archaea,p__Crenarchaeota,c__Nitrososphaeria,o__Nitrososphaerales,f__Nitrososphaeraceae,g__Nitrososphaera,s__
S3-18-all-fractions_metab_63,S3-18-all-fractions_Pseudonocardiales_72_14,"Pseudonocardiales, Actinobacteria, Actinobacteria, Bacteria",NA,5167233,72.03,0.7203,14.09,770,5456,35900,24,6,28,7,13,3,Uncurated genome,partial,Bacteria,Actinobacteria,Actinobacteria,Pseudonocardiales,unknown,unknown,unknown,1,1,228,228_2,1.723961479,1.725625951,1.725030252,1.727971515,1.725738978,1.726574637,1.724910236,1.726724034,0.026655693,0.026766744,0.012326143,0.043402046,0.031075904,184,S,S3-18,1.697577979,0.010890571,d__Bacteria,p__Actinobacteriota,c__Actinobacteria,o__Mycobacteriales,f__Pseudonocardiaceae,g__Pseudonocardia,s__
S1-18-all-fractions_metab_21,S1-18-all-fractions_Pseudonocardiales_72_17,"Pseudonocardiales, Actinobacteria, Actinobacteria, Bacteria",NA,5337284,71.91,0.7191,17.01,785,5652,50989,24,2,26,1,12,1,Uncurated genome,partial,Bacteria,Actinobacteria,Actinobacteria,Pseudonocardiales,unknown,unknown,unknown,1,1,228,228_3,1.72389639,1.725522159,1.724969247,1.727996534,1.725707601,1.726520698,1.724857746,1.726679797,0.026784608,0.02688931,0.01199355,0.044672949,0.032679399,186,S,S1-18,1.632956046,0.011560017,d__Bacteria,p__Actinobacteriota,c__Actinobacteria,o__Mycobacteriales,f__Pseudonocardiaceae,g__Pseudonocardia,s__
S3-16-all-fractions_metab_28,S3-16-all-fractions_Pseudonocardiales_72_14,"Pseudonocardiales, Actinobacteria, Actinobacteria, Bacteria",NA,5626721,71.96,0.7196,13.72,774,5936,37943,29,7,33,8,15,6,Uncurated genome,partial,Bacteria,Actinobacteria,Actinobacteria,Pseudonocardiales,unknown,unknown,unknown,1,1,228,228_1,1.723931733,1.72563772,1.724995592,1.728041762,1.725738067,1.72658481,1.724888464,1.726754764,0.027581473,0.027541854,0.012489638,0.044950938,0.0324613,183,S,S3-16,1.217799877,0.006540714,d__Bacteria,p__Actinobacteriota,c__Actinobacteria,o__Mycobacteriales,f__Pseudonocardiaceae,g__Pseudonocardia,s__
S1-16-all-fractions_metab_72,S1-16-all-fractions_Actinobacteria_72_16,"Actinobacteria, Actinobacteria, Bacteria",NA,2696027,71.82,0.7182,15.73,230,2878,83781,17,2,20,3,10,3,Uncurated genome,partial,Bacteria,Actinobacteria,Actinobacteria,unknown,unknown,unknown,unknown,1,1,165,165_0,1.724433302,1.726558383,1.725462718,1.728950237,1.726301528,1.727520589,1.725399183,1.727676403,0.033020884,0.033595966,0.017975474,0.051449681,0.033474206,176,S,S1-16,1.013289588,0.007253802,d__Bacteria,p__Actinobacteriota,c__Thermoleophilia,o__Solirubrobacterales,f__70-9,g__,s__
S2-16-all-fractions_metab_5,S2-16-all-fractions_Actinobacteria_69_0,"Actinobacteria, Actinobacteria, Bacteria",NA,2930162,69.44,0.6944,0,153,3144,177523,44,0,50,1,14,0,Uncurated genome,near complete,Bacteria,Actinobacteria,Actinobacteria,unknown,unknown,unknown,unknown,1,NA,100,100_1,1.722350375,1.724746663,1.723535729,1.726854369,1.724294964,1.725564698,1.723393689,1.72572191,0.034132494,0.034387029,0.018743735,0.049011155,0.03026742,1006,S,S2-16,0.877034551,0.008586265,d__Bacteria,p__Actinobacteriota,c__UBA4738,o__UBA4738,f__HRBIN12,g__,s__
S1-16-all-fractions_metab_29,S1-16-all-fractions_Actinobacteria_69_31,"Actinobacteria, Actinobacteria, Bacteria",NA,3093622,69.32,0.6932,31.12,245,3399,89401,41,2,47,5,15,1,Uncurated genome,near complete,Bacteria,Actinobacteria,Actinobacteria,unknown,unknown,unknown,unknown,1,NA,100,100_1,1.722227787,1.72467282,1.723476707,1.726781734,1.724196134,1.725515966,1.723300209,1.72565684,0.034339227,0.03480846,0.019484362,0.048811683,0.029327322,1004,S,S1-16,2.429559645,0.017392407,d__Bacteria,p__Actinobacteriota,c__UBA4738,o__UBA4738,f__HRBIN12,g__,s__
S3-16-all-fractions_metab_52,S3-16-all-fractions_Actinobacteria_70_33,"Actinobacteria, Actinobacteria, Bacteria",NA,2699807,69.66,0.6966,32.9,271,2996,63534,45,5,50,7,14,0,Uncurated genome,near complete,Bacteria,Actinobacteria,Actinobacteria,unknown,unknown,unknown,unknown,1,NA,100,100_1,1.72250328,1.724872452,1.723646792,1.726977557,1.72442829,1.725698482,1.72352612,1.725849497,0.034348994,0.034312976,0.018749121,0.049187231,0.03043811,1009,S,S3-16,3.529455824,0.018956448,d__Bacteria,p__Actinobacteriota,c__UBA4738,o__UBA4738,f__HRBIN12,g__,s__
S1-18-all-fractions_metab_52,S1-18-all-fractions_Actinobacteria_69_28,"Actinobacteria, Actinobacteria, Bacteria",NA,3007472,69.25,0.6925,27.63,166,3238,100425,42,1,48,1,15,0,Uncurated genome,near complete,Bacteria,Actinobacteria,Actinobacteria,unknown,unknown,unknown,unknown,1,1,100,100_1,1.722221223,1.724625258,1.723461737,1.726758559,1.724182626,1.725478186,1.723288529,1.725620668,0.034424468,0.034446901,0.019126169,0.048690876,0.029564707,174,S,S1-18,1.645924205,0.011651821,d__Bacteria,p__Actinobacteriota,c__UBA4738,o__UBA4738,f__HRBIN12,g__,s__
S2-18-all-fractions_metab_7,S2-18-all-fractions_Actinobacteria_70_0,"Actinobacteria, Actinobacteria, Bacteria",NA,2839800,69.52,0.6952,0,160,3056,104739,43,2,49,5,14,1,Uncurated genome,near complete,Bacteria,Actinobacteria,Actinobacteria,unknown,unknown,unknown,unknown,1,NA,100,100_1,1.722426202,1.724831211,1.723596926,1.726938375,1.724355263,1.725647115,1.723459464,1.725805567,0.034631093,0.034649875,0.019069598,0.049346309,0.030276711,1007,S,S2-18,0.941998281,0.007521058,d__Bacteria,p__Actinobacteriota,c__UBA4738,o__UBA4738,f__HRBIN12,g__,s__
S3-16-all-fractions_metab_conc_65,S3-16-all-fractions_Rubrobacter_63_139,"Rubrobacter, Rubrobacterales, Rubrobacteria, Actinobacteria, Bacteria",NA,2673801,63.12,0.6312,139.33,594,3136,27641,39,4,43,14,10,4,Uncurated genome,megabin,Bacteria,Actinobacteria,Rubrobacteria,Rubrobacterales,Rubrobacter,unknown,unknown,1,1,300,300_0,1.716638234,1.719453415,1.719774356,1.722938819,1.719946606,1.721200183,1.718786398,1.721197472,0.035733985,0.035702567,0.018550134,0.046831649,0.028281515,139,S,S3-16,19.340636,0.103877138,d__Bacteria,p__Actinobacteriota,c__Rubrobacteria,o__Rubrobacterales,f__Rubrobacteraceae,g__,s__
S3-18-all-fractions_metab_conc_81,S3-18-all-fractions_Actinobacteria_69_14,"Actinobacteria, Actinobacteria, Bacteria",NA,2913329,69.31,0.6931,14.1,108,2998,83564,46,1,49,1,12,0,Uncurated genome,near complete,Bacteria,Actinobacteria,Actinobacteria,unknown,unknown,unknown,unknown,1,NA,213,213_1,1.721734366,1.724291837,1.723134213,1.726398698,1.72378767,1.725308774,1.722885416,1.725333103,0.036124006,0.0361621,0.022461014,0.048222502,0.025761488,987,S,S3-18,1.20140544,0.007707447,d__Bacteria,p__Actinobacteriota,c__Actinobacteria,o__Jiangellales,f__Jiangellaceae,g__,s__
S1-16-all-fractions_metab_18,S1-16-all-fractions_Bacteria_68_18,Bacteria,NA,8946413,67.67,0.6767,18.14,185,7080,210727,30,0,30,1,12,1,Uncurated genome,partial,Bacteria,unknown,unknown,unknown,unknown,unknown,unknown,1,1,56,56_0,1.720614514,1.72363232,1.722887175,1.725585749,1.723251225,1.725073852,1.722250971,1.724763974,0.037006124,0.037139762,0.026921047,0.04464269,0.017721643,424,S,S1-16,1.78779839,0.012798252,d__Bacteria,p__Acidobacteriota,c__Thermoanaerobaculia,o__UBA5704,f__UBA5704,g__,s__
S1-16-all-fractions_metab_14,S1-16-all-fractions_Solirubrobacterales_69_20,"Solirubrobacterales, Thermoleophilia, Actinobacteria, Bacteria",NA,2053224,68.87,0.6887,19.71,253,2342,45882,40,0,45,2,13,1,Uncurated genome,near complete,Bacteria,Actinobacteria,Thermoleophilia,Solirubrobacterales,unknown,unknown,unknown,1,1,131,131_0,1.721951783,1.7246517,1.723268543,1.726791504,1.723978116,1.725379413,1.723066147,1.725607539,0.037050779,0.037542285,0.020689468,0.052036245,0.031346777,168,S,S1-16,1.471705354,0.010535448,d__Bacteria,p__Actinobacteriota,c__Thermoleophilia,o__Solirubrobacterales,f__70-9,g__,s__
S3-18-all-fractions_metab_44,S3-18-all-fractions_Actinobacteria_69_226,"Actinobacteria, Actinobacteria, Bacteria",NA,3046394,68.89,0.6889,225.73,240,3448,89283,46,4,51,7,12,2,Uncurated genome,near complete,Bacteria,Actinobacteria,Actinobacteria,unknown,unknown,unknown,unknown,1,NA,110,110_1,1.721705763,1.724426131,1.723112691,1.72636479,1.723732338,1.725379681,1.722850264,1.725390201,0.03750876,0.037525503,0.024325702,0.048039801,0.023714099,971,S,S3-18,18.09997986,0.116117859,d__Bacteria,p__Actinobacteriota,c__Thermoleophilia,o__20CM-4-69-9,f__20CM-4-69-9,g__,s__
S3-16-all-fractions_metab_conc_4,S3-16-all-fractions_Actinobacteria_69_14,"Actinobacteria, Actinobacteria, Bacteria",NA,2844388,69.32,0.6932,13.71,89,2884,122051,47,1,48,1,11,0,Uncurated genome,near complete,Bacteria,Actinobacteria,Actinobacteria,unknown,unknown,unknown,unknown,1,NA,213,213_1,1.721749842,1.724270578,1.723137023,1.726709818,1.723783883,1.725301633,1.72289025,1.725427343,0.037519043,0.037482886,0.022411523,0.052776734,0.030365212,989,S,S3-16,1.593538425,0.008558778,d__Bacteria,p__Actinobacteriota,c__Actinobacteria,o__Jiangellales,f__Jiangellaceae,g__,s__
S2-18-all-fractions_metab_conc_19,S2-18-all-fractions_Actinobacteria_69_0,"Actinobacteria, Actinobacteria, Bacteria",NA,2624498,69.25,0.6925,0,134,2708,84426,28,0,29,1,10,0,Uncurated genome,partial,Bacteria,Actinobacteria,Actinobacteria,unknown,unknown,unknown,unknown,1,NA,213,213_1,1.72170541,1.724247676,1.723096416,1.726709556,1.723750659,1.725254734,1.722850829,1.725403988,0.037688903,0.037721074,0.022209999,0.0533739,0.0311639,984,S,S2-18,0.779090231,0.006220375,d__Bacteria,p__Actinobacteriota,c__Actinobacteria,o__Jiangellales,f__Jiangellaceae,g__,s__
S1-16-all-fractions_metab_35,S1-16-all-fractions_Actinobacteria_69_20,"Actinobacteria, Actinobacteria, Bacteria",NA,3153213,69.36,0.6936,19.91,205,3299,160314,42,1,44,3,11,2,Uncurated genome,near complete,Bacteria,Actinobacteria,Actinobacteria,unknown,unknown,unknown,unknown,1,NA,213,213_1,1.721779062,1.724388184,1.723163089,1.726795502,1.723806087,1.72540182,1.722916079,1.725528502,0.038098978,0.038595242,0.023562763,0.053656614,0.030093851,976,S,S1-16,1.695447505,0.012137143,d__Bacteria,p__Actinobacteriota,c__Actinobacteria,o__Jiangellales,f__Jiangellaceae,g__,s__
S1-18-all-fractions_metab_79,S1-18-all-fractions_Actinobacteria_69_18,"Actinobacteria, Actinobacteria, Bacteria",NA,3236043,69.24,0.6924,18.21,178,3311,167532,47,1,47,3,12,2,Uncurated genome,near complete,Bacteria,Actinobacteria,Actinobacteria,unknown,unknown,unknown,unknown,1,1,213,213_1,1.72168016,1.724277581,1.723091796,1.726719638,1.723741801,1.725282422,1.722837919,1.725426547,0.038202803,0.038245375,0.022749782,0.053591223,0.030841441,166,S,S1-18,1.546215131,0.010945961,d__Bacteria,p__Actinobacteriota,c__Actinobacteria,o__Jiangellales,f__Jiangellaceae,g__,s__
S3-18-all-fractions_conc_56,S3-18-all-fractions_Bacteria_68_11,Bacteria,NA,8793667,68.15,0.6815,11.13,586,6950,89207,50,2,49,3,11,0,Uncurated genome,near complete,Bacteria,unknown,unknown,unknown,unknown,unknown,unknown,1,1,57,57_0,1.721074701,1.724125977,1.722888934,1.726062835,1.723200518,1.724779743,1.722388051,1.724989519,0.038490175,0.038444431,0.023326755,0.046890208,0.023563453,421,S,S3-18,0.123983228,0.000795397,d__Bacteria,p__Acidobacteriota,c__Thermoanaerobaculia,o__UBA5704,f__UBA5704,g__UBA5704,s__
S2-18-all-fractions_metab_conc_40,S2-18-all-fractions_Acidobacteria_63_0,"Acidobacteria, Bacteria",NA,3818701,62.53,0.6253,0,194,3545,101095,28,2,27,3,11,0,Uncurated genome,partial,Bacteria,Acidobacteria,unknown,unknown,unknown,unknown,unknown,1,NA,166,166_1,1.714360052,1.717364135,1.71821355,1.721225501,1.718202218,1.719974906,1.716925273,1.719521514,0.038542033,0.038485785,0.026258201,0.044614657,0.018356456,482,S,S2-18,1.516833863,0.012110633,d__Bacteria,p__Acidobacteriota,c__Vicinamibacteria,o__Vicinamibacterales,f__UBA2999,g__,s__
S1-16-all-fractions_metab_22,S1-16-all-fractions_Actinobacteria_69_287,"Actinobacteria, Actinobacteria, Bacteria",NA,3102099,68.82,0.6882,287.34,269,3515,57618,44,4,50,5,12,1,Uncurated genome,near complete,Bacteria,Actinobacteria,Actinobacteria,unknown,unknown,unknown,unknown,1,NA,110,110_1,1.72164452,1.724371629,1.723075245,1.726640901,1.723687958,1.725332561,1.722802574,1.725448364,0.03863555,0.039090434,0.02428584,0.052672738,0.028386899,965,S,S1-16,26.432373,0.189220541,d__Bacteria,p__Actinobacteriota,c__Thermoleophilia,o__20CM-4-69-9,f__20CM-4-69-9,g__,s__
S1-18-all-fractions_metab_conc_26,S1-18-all-fractions_Acidobacteria_62_12,"Acidobacteria, Bacteria",NA,4384226,62.43,0.6243,11.66,224,4173,151729,48,1,49,3,11,0,Uncurated genome,near complete,Bacteria,Acidobacteria,unknown,unknown,unknown,unknown,unknown,1,1,166,166_1,1.714313379,1.717328192,1.718185439,1.721188856,1.718153811,1.719944924,1.71688421,1.719487324,0.038683211,0.038588536,0.026531828,0.044758573,0.018226745,14,S,S1-18,1.237171617,0.008758181,d__Bacteria,p__Acidobacteriota,c__Vicinamibacteria,o__Vicinamibacterales,f__UBA2999,g__,s__
S2-16-all-fractions_metab_58,S2-16-all-fractions_Actinobacteria_69_0,"Actinobacteria, Actinobacteria, Bacteria",NA,3023511,68.84,0.6884,0,300,3435,87042,46,2,51,2,12,0,Uncurated genome,near complete,Bacteria,Actinobacteria,Actinobacteria,unknown,unknown,unknown,unknown,1,NA,110,110_1,1.721682573,1.724405273,1.723099135,1.726672081,1.723715701,1.725360015,1.72283247,1.725479123,0.038862209,0.039102531,0.024281191,0.052779707,0.028498516,967,S,S2-16,12.15042444,0.118953997,d__Bacteria,p__Actinobacteriota,c__Thermoleophilia,o__20CM-4-69-9,f__20CM-4-69-9,g__,s__
S2-16-all-fractions_metab_77,S2-16-all-fractions_Actinobacteria_70_0,"Actinobacteria, Actinobacteria, Bacteria",NA,2966640,69.52,0.6952,0,334,3165,63170,30,3,33,5,12,3,Uncurated genome,partial,Bacteria,Actinobacteria,Actinobacteria,unknown,unknown,unknown,unknown,1,NA,213,213_1,1.721905402,1.724553592,1.72320504,1.726907477,1.723907691,1.725518719,1.723006044,1.725659929,0.038949127,0.039205851,0.023787277,0.054689793,0.030902515,973,S,S2-16,0.550227624,0.005386789,d__Bacteria,p__Actinobacteriota,c__Actinobacteria,o__Jiangellales,f__Jiangellaceae,g__,s__
S3-16-all-fractions_metab_conc_47,S3-16-all-fractions_Acidobacteria_63_9,"Acidobacteria, Bacteria",NA,3386981,62.54,0.6254,9.15,213,3244,53515,19,1,22,2,9,1,Uncurated genome,partial,Bacteria,Acidobacteria,unknown,unknown,unknown,unknown,unknown,1,NA,166,166_1,1.714370141,1.717422029,1.718226333,1.721258832,1.718216257,1.720024697,1.716937577,1.719568519,0.039019506,0.038999908,0.026787541,0.04530758,0.018520039,480,S,S3-16,1.209825485,0.006497884,d__Bacteria,p__Acidobacteriota,c__Vicinamibacteria,o__Vicinamibacterales,f__UBA2999,g__,s__
S2-18-all-fractions_metab_conc_56,S2-18-all-fractions_Actinobacteria_69_0,"Actinobacteria, Actinobacteria, Bacteria",NA,2901619,68.87,0.6887,0,258,3279,74151,44,2,49,2,12,1,Uncurated genome,near complete,Bacteria,Actinobacteria,Actinobacteria,unknown,unknown,unknown,unknown,1,NA,110,110_1,1.721698718,1.724417095,1.723110018,1.726678259,1.723728771,1.725372749,1.722845836,1.725489368,0.039041944,0.039056132,0.024276046,0.052709915,0.028433868,969,S,S2-18,12.01073879,0.095895568,d__Bacteria,p__Actinobacteriota,c__Thermoleophilia,o__20CM-4-69-9,f__20CM-4-69-9,g__,s__
S1-18-all-fractions_metab_63,S1-18-all-fractions_Actinobacteria_69_270,"Actinobacteria, Actinobacteria, Bacteria",NA,3061064,68.89,0.6889,269.87,261,3496,122861,46,15,51,15,12,3,Uncurated genome,megabin,Bacteria,Actinobacteria,Actinobacteria,unknown,unknown,unknown,unknown,1,NA,110,110_1,1.721698867,1.724420918,1.72311281,1.726684023,1.723728884,1.725372536,1.722846854,1.725492492,0.039067727,0.039087245,0.024271249,0.052753738,0.028482489,968,S,S1-18,15.72581464,0.111326131,d__Bacteria,p__Actinobacteriota,c__Thermoleophilia,o__20CM-4-69-9,f__20CM-4-69-9,g__,s__
S3-16-all-fractions_metab_31,S3-16-all-fractions_Actinobacteria_69_215,"Actinobacteria, Actinobacteria, Bacteria",NA,3022473,68.91,0.6891,214.8,271,3416,65781,45,4,51,4,12,1,Uncurated genome,near complete,Bacteria,Actinobacteria,Actinobacteria,unknown,unknown,unknown,unknown,1,NA,110,110_1,1.721700459,1.724413797,1.723110661,1.726679225,1.72372637,1.72537268,1.72284583,1.725488567,0.03907772,0.039044419,0.02431054,0.052714695,0.028404155,970,S,S3-16,27.00847084,0.145060516,d__Bacteria,p__Actinobacteriota,c__Thermoleophilia,o__20CM-4-69-9,f__20CM-4-69-9,g__,s__
S3-16-all-fractions_conc_54,S3-16-all-fractions_Actinobacteria_64_10,"Actinobacteria, Actinobacteria, Bacteria",NA,3286396,63.87,0.6387,10.46,717,3807,20447,38,2,43,6,14,1,Uncurated genome,near complete,Bacteria,Actinobacteria,Actinobacteria,unknown,unknown,unknown,unknown,1,1,172,172_2,1.716960352,1.720144891,1.720019387,1.723421893,1.720214474,1.721859307,1.719064737,1.721808697,0.040654352,0.040625759,0.024336342,0.050347924,0.026011582,133,S,S3-16,1.032128868,0.005543488,d__Bacteria,p__Actinobacteriota,c__Actinobacteria,o__Propionibacteriales,f__Propionibacteriaceae,g__,s__
S1-18-all-fractions_metab_conc_39,S1-18-all-fractions_Actinobacteria_64_16,"Actinobacteria, Actinobacteria, Bacteria",NA,3752907,63.77,0.6377,15.52,704,4285,28040,39,4,38,8,10,3,Uncurated genome,partial,Bacteria,Actinobacteria,Actinobacteria,unknown,unknown,unknown,unknown,1,1,172,172_1,1.716949477,1.720096172,1.719959482,1.723388343,1.720152843,1.721887144,1.719020601,1.721790553,0.041084961,0.041011595,0.02566096,0.050739605,0.025078645,132,S,S1-18,1.533813296,0.010858166,d__Bacteria,p__Actinobacteriota,c__Actinobacteria,o__Propionibacteriales,f__Propionibacteriaceae,g__,s__
S1-16-all-fractions_metab_27,S1-16-all-fractions_Bacteria_69_13,Bacteria,NA,9656354,69.17,0.6917,13,2604,10198,28180,23,6,26,7,8,2,Uncurated genome,partial,Bacteria,unknown,unknown,unknown,unknown,unknown,unknown,1,1,168,168_1,1.720066354,1.723277421,1.72199564,1.725552904,1.722426059,1.724085189,1.721496018,1.724305171,0.041136619,0.041535804,0.024518445,0.052582022,0.028063577,419,S,S1-16,0.812085168,0.005813447,d__Bacteria,p__Chloroflexota,c__UBA6077,o__UBA6077,f__,g__,s__
S1-16-all-fractions_metab_13,S1-16-all-fractions_Geodermatophilus_obscurus_74_106,"Geodermatophilus obscurus, Geodermatophilus, Geodermatophilales, Actinobacteria, Actinobacteria, Bacteria",NA,5808445,74.29,0.7429,105.66,1067,6434,32324,26,3,28,9,11,3,Uncurated genome,partial,Bacteria,Actinobacteria,Actinobacteria,Geodermatophilales,Geodermatophilus,Geodermatophilusobscurus,Bacteria,1,1,224,224_1,1.72559615,1.728837992,1.726625252,1.730543342,1.727446654,1.728839272,1.726556019,1.729406869,0.041479924,0.042032254,0.020521839,0.057765065,0.037243226,170,S,S1-16,6.281742555,0.044968899,d__Bacteria,p__Actinobacteriota,c__Actinobacteria,o__Mycobacteriales,f__Geodermatophilaceae,g__Geodermatophilus,s__
S2-16-all-fractions_metab_63,S2-16-all-fractions_Bacteria_69_0,Bacteria,NA,10257824,69.13,0.6913,0,2680,10935,26164,25,4,25,5,7,3,Uncurated genome,partial,Bacteria,unknown,unknown,unknown,unknown,unknown,unknown,1,1,168,168_2,1.720059247,1.723268549,1.721979784,1.725541292,1.722422966,1.724121678,1.721487333,1.724310506,0.04149761,0.041743292,0.025103415,0.052645196,0.027541781,417,S,S2-16,0.537812063,0.005265239,d__Bacteria,p__Chloroflexota,c__UBA6077,o__,f__,g__,s__
S2-16-all-fractions_metab_conc_34,S2-16-all-fractions_Geodermatophilus_obscurus_74_0,"Geodermatophilus obscurus, Geodermatophilus, Geodermatophilales, Actinobacteria, Actinobacteria, Bacteria",NA,4433346,74.12,0.7412,0,567,4677,39695,41,4,44,3,10,0,Uncurated genome,near complete,Bacteria,Actinobacteria,Actinobacteria,Geodermatophilales,Geodermatophilus,Geodermatophilusobscurus,Bacteria,1,1,224,224_2,1.725517652,1.728760316,1.726552435,1.730458963,1.727366347,1.728768657,1.726478811,1.729329312,0.041705094,0.042028866,0.020665576,0.057596884,0.036931307,171,S,S2-16,3.342221196,0.032720714,d__Bacteria,p__Actinobacteriota,c__Actinobacteria,o__Mycobacteriales,f__Geodermatophilaceae,g__Geodermatophilus,s__
S1-18-all-fractions_metab_99,S1-18-all-fractions_Bacteria_69_14,Bacteria,NA,10143409,69,0.69,13.68,2770,10853,27829,44,10,47,10,9,3,Uncurated genome,near complete,Bacteria,unknown,unknown,unknown,unknown,unknown,unknown,1,1,168,168_3,1.719953582,1.723204954,1.721945853,1.725465018,1.72235785,1.724059735,1.721419095,1.724243236,0.041843954,0.041759147,0.025151197,0.052020201,0.026869003,418,S,S1-18,0.818236038,0.005792454,d__Bacteria,p__Chloroflexota,c__UBA6077,o__UBA6077,f__,g__,s__
S2-18-all-fractions_metab_25,S2-18-all-fractions_Geodermatophilus_obscurus_74_0,"Geodermatophilus obscurus, Geodermatophilus, Geodermatophilales, Actinobacteria, Actinobacteria, Bacteria",NA,5770985,74.34,0.7434,0,891,6248,57944,48,8,50,14,12,1,Uncurated genome,megabin,Bacteria,Actinobacteria,Actinobacteria,Geodermatophilales,Geodermatophilus,Geodermatophilusobscurus,Bacteria,1,1,224,224_3,1.725593929,1.728824809,1.726629979,1.730536036,1.727444333,1.728831539,1.72655608,1.729397461,0.041926173,0.041892679,0.020442133,0.057587555,0.037145422,172,S,S2-18,5.640858584,0.045037474,d__Bacteria,p__Actinobacteriota,c__Actinobacteria,o__Mycobacteriales,f__Geodermatophilaceae,g__Geodermatophilus,s__
S3-16-all-fractions_metab_conc_49,S3-16-all-fractions_Geodermatophilus_obscurus_74_61,"Geodermatophilus obscurus, Geodermatophilus, Geodermatophilales, Actinobacteria, Actinobacteria, Bacteria",NA,4713523,74.17,0.7417,60.88,569,4948,29895,22,0,22,3,9,2,Uncurated genome,partial,Bacteria,Actinobacteria,Actinobacteria,Geodermatophilales,Geodermatophilus,Geodermatophilusobscurus,Bacteria,1,1,224,224_4,1.725544546,1.728785332,1.726573369,1.73048295,1.727398302,1.728788988,1.726505406,1.729352423,0.042018885,0.041976898,0.020493894,0.057641245,0.03714735,169,S,S3-16,4.94972558,0.026584613,d__Bacteria,p__Actinobacteriota,c__Actinobacteria,o__Mycobacteriales,f__Geodermatophilaceae,g__Geodermatophilus,s__
S3-18-all-fractions_metab_23,S3-18-all-fractions_Bacteria_60_8,Bacteria,NA,4480617,60.03,0.6003,8.25,1025,4875,47523,39,1,42,3,11,1,Uncurated genome,near complete,Bacteria,unknown,unknown,unknown,unknown,unknown,unknown,1,1,40,40_4,1.712948372,1.716643994,1.717090711,1.71973484,1.716888875,1.719204658,1.715642653,1.718527831,0.042977539,0.042799139,0.034327712,0.0549076,0.020579888,404,S,S3-18,1.157135145,0.007423437,d__Bacteria,p__Chloroflexota,c__UBA6077,o__UBA6077,f__,g__,s__
S3-18-all-fractions_metab_conc_79,S3-18-all-fractions_Geodermatophilus_obscurus_74_60,"Geodermatophilus obscurus, Geodermatophilus, Geodermatophilales, Actinobacteria, Actinobacteria, Bacteria",NA,4648552,74.18,0.7418,60.1,536,4811,38289,44,4,48,4,9,0,Uncurated genome,near complete,Bacteria,Actinobacteria,Actinobacteria,Geodermatophilales,Geodermatophilus,Geodermatophilusobscurus,Bacteria,1,1,224,224_5,1.725550211,1.728785017,1.726574412,1.730743948,1.727389108,1.728776586,1.726504577,1.729435184,0.043178288,0.043209382,0.02044675,0.061473878,0.041027128,165,S,S3-18,7.260446312,0.046578366,d__Bacteria,p__Actinobacteriota,c__Actinobacteria,o__Mycobacteriales,f__Geodermatophilaceae,g__Geodermatophilus,s__
S1-16-all-fractions_metab_16,S1-16-all-fractions_Actinoplanes_72_41,"Actinoplanes, Micromonosporales, Actinobacteria, Actinobacteria, Bacteria",NA,6790963,72.36,0.7236,40.81,1426,7659,28754,32,10,34,18,14,5,Uncurated genome,partial,Bacteria,Actinobacteria,Actinobacteria,Micromonosporales,Actinoplanes,unknown,unknown,1,1,195,195_6,1.724044436,1.727145697,1.72509421,1.729154164,1.725859482,1.727797417,1.724999376,1.728032426,0.044252285,0.044757532,0.028583102,0.05990785,0.031324747,159,S,S1-16,3.002780119,0.021495901,d__Bacteria,p__Actinobacteriota,c__Actinobacteria,o__Mycobacteriales,f__Micromonosporaceae,g__Actinoplanes,s__
S2-16-all-fractions_metab_conc_61,S2-16-all-fractions_Bacteria_66_0,Bacteria,NA,6440242,65.61,0.6561,0,547,6461,106387,47,23,49,25,11,4,Uncurated genome,megabin,Bacteria,unknown,unknown,unknown,unknown,unknown,unknown,1,1,39,39_0,1.718536743,1.72184439,1.721103117,1.724872957,1.721162323,1.723167912,1.720267394,1.723295086,0.044567114,0.04479649,0.029658444,0.055749918,0.026091474,409,S,S2-16,0.826518553,0.008091708,d__Bacteria,p__Chloroflexota,c__Chloroflexia,o__Thermomicrobiales,f__UBA6265,g__,s__
S2-16-all-fractions_metab_30,S2-16-all-fractions_Actinoplanes_72_0,"Actinoplanes, Micromonosporales, Actinobacteria, Actinobacteria, Bacteria",NA,6362341,72.36,0.7236,0,1245,7112,30797,30,3,33,8,14,6,Uncurated genome,partial,Bacteria,Actinobacteria,Actinobacteria,Micromonosporales,Actinoplanes,unknown,unknown,1,1,195,195_4,1.724065675,1.727151885,1.725104117,1.729177489,1.725863742,1.727824124,1.725011178,1.728051166,0.044598324,0.044859609,0.028914101,0.060105511,0.03119141,161,S,S2-16,1.416334881,0.013866075,d__Bacteria,p__Actinobacteriota,c__Actinobacteria,o__Mycobacteriales,f__Micromonosporaceae,g__Actinoplanes,s__
S3-16-all-fractions_metab_12,S3-16-all-fractions_Actinoplanes_72_26,"Actinoplanes, Micromonosporales, Actinobacteria, Actinobacteria, Bacteria",NA,6401121,72.41,0.7241,26.23,1138,7079,44619,32,3,32,6,13,5,Uncurated genome,partial,Bacteria,Actinobacteria,Actinobacteria,Micromonosporales,Actinoplanes,unknown,unknown,1,1,195,195_3,1.724095831,1.727182192,1.725150081,1.729198251,1.725910799,1.727861086,1.725052237,1.728080509,0.044722245,0.044685696,0.028764455,0.059732076,0.030967621,162,S,S3-16,2.447088733,0.013143134,d__Bacteria,p__Actinobacteriota,c__Actinobacteria,o__Mycobacteriales,f__Micromonosporaceae,g__Actinoplanes,s__
S1-18-all-fractions_metab_conc_5,S1-18-all-fractions_Bacteria_60_12,Bacteria,NA,3407078,59.97,0.5997,11.83,401,3419,51064,40,0,43,1,11,1,Uncurated genome,near complete,Bacteria,unknown,unknown,unknown,unknown,unknown,unknown,1,1,40,40_2,1.712845445,1.716417454,1.716961459,1.720170646,1.716751921,1.718985574,1.715519608,1.718524558,0.044724758,0.044578995,0.033112885,0.053074157,0.019961273,403,S,S1-18,1.057754563,0.007488052,d__Bacteria,p__Chloroflexota,c__UBA6077,o__UBA6077,f__,g__,s__
S1-18-all-fractions_metab_101,S1-18-all-fractions_Actinoplanes_72_34,"Actinoplanes, Micromonosporales, Actinobacteria, Actinobacteria, Bacteria",NA,6859037,72.43,0.7243,34.2,1399,7686,31303,47,3,47,6,14,7,Uncurated genome,near complete,Bacteria,Actinobacteria,Actinobacteria,Micromonosporales,Actinoplanes,unknown,unknown,1,1,195,195_5,1.724100094,1.727188167,1.72514317,1.729221087,1.72591331,1.727860392,1.725052192,1.728089882,0.044793328,0.044824685,0.028717136,0.06017127,0.031454134,160,S,S1-18,3.1294136,0.022153734,d__Bacteria,p__Actinobacteriota,c__Actinobacteria,o__Mycobacteriales,f__Micromonosporaceae,g__Actinoplanes,s__
S2-18-all-fractions_metab_11,S2-18-all-fractions_Bacteria_60_0,Bacteria,NA,5114832,60.12,0.6012,0,1093,5542,38372,22,2,25,2,10,2,Uncurated genome,partial,Bacteria,unknown,unknown,unknown,unknown,unknown,unknown,1,1,40,40_3,1.713003943,1.716606786,1.717074609,1.720300674,1.716888749,1.719107154,1.715655767,1.718671538,0.044828465,0.04473609,0.03288429,0.053527481,0.02064319,402,S,S2-18,1.13369231,0.009051572,d__Bacteria,p__Chloroflexota,c__UBA6077,o__UBA6077,f__,g__,s__
S2-18-all-fractions_metab_3,S2-18-all-fractions_Actinoplanes_72_0,"Actinoplanes, Micromonosporales, Actinobacteria, Actinobacteria, Bacteria",NA,7110422,72.32,0.7232,0,1306,7830,38925,27,2,29,6,13,8,Uncurated genome,partial,Bacteria,Actinobacteria,Actinobacteria,Micromonosporales,Actinoplanes,unknown,unknown,1,1,195,195_1,1.724022833,1.727137294,1.725084098,1.729152783,1.725842038,1.727798472,1.72498299,1.728029516,0.044938772,0.04495679,0.028856213,0.060036996,0.031180782,158,S,S2-18,2.891367477,0.023085118,d__Bacteria,p__Actinobacteriota,c__Actinobacteria,o__Mycobacteriales,f__Micromonosporaceae,g__Actinoplanes,s__
S3-16-all-fractions_metab_conc_21,S3-16-all-fractions_Rhizobiales_66_23,"Rhizobiales, Alphaproteobacteria, Proteobacteria, Bacteria",NA,6117795,65.63,0.6563,22.78,549,6538,55116,37,4,37,6,12,2,Uncurated genome,partial,Bacteria,Proteobacteria,Alphaproteobacteria,Rhizobiales,unknown,unknown,unknown,1,1,45,45_3,1.718458607,1.722254438,1.721029233,1.72439591,1.721244309,1.723199845,1.72024405,1.723283398,0.044990437,0.044969571,0.028916902,0.05622068,0.027303778,325,S,S3-16,2.753353259,0.014788058,d__Bacteria,p__Proteobacteria,c__Alphaproteobacteria,o__Rhizobiales,f__Beijerinckiaceae,g__Microvirga,s__
S3-18-all-fractions_metab_2,S3-18-all-fractions_Actinoplanes_72_26,"Actinoplanes, Micromonosporales, Actinobacteria, Actinobacteria, Bacteria",NA,6621752,72.34,0.7234,26.39,1293,7363,32542,26,5,29,9,11,5,Uncurated genome,partial,Bacteria,Actinobacteria,Actinobacteria,Micromonosporales,Actinoplanes,unknown,unknown,1,1,195,195_2,1.724058309,1.727150729,1.725112185,1.729263599,1.725867772,1.727816851,1.725012756,1.72807706,0.045144811,0.045218367,0.028747309,0.061256751,0.032509442,156,S,S3-18,3.446820484,0.022112589,d__Bacteria,p__Actinobacteriota,c__Actinobacteria,o__Mycobacteriales,f__Micromonosporaceae,g__Actinoplanes,s__
S3-18-all-fractions_metab_conc_46,S3-18-all-fractions_Acidobacteria_67_33,"Acidobacteria, Bacteria",NA,4428850,67.08,0.6708,32.99,343,3939,81971,51,2,47,2,11,0,Uncurated genome,near complete,Bacteria,Acidobacteria,unknown,unknown,unknown,unknown,unknown,1,NA,277,277_1,1.718503806,1.722151041,1.720992141,1.724143485,1.721335018,1.723710423,1.720276988,1.723334983,0.045354502,0.045245658,0.035124558,0.054019656,0.018895098,485,S,S3-18,5.898424717,0.037840509,d__Bacteria,p__Acidobacteriota,c__Vicinamibacteria,o__Vicinamibacterales,f__UBA2999,g__,s__
S1-18-all-fractions_metab_conc_67,S1-18-all-fractions_Actinobacteria_69_13,"Actinobacteria, Actinobacteria, Bacteria",NA,1952252,68.68,0.6868,13.03,67,2071,136068,43,0,44,0,12,0,Uncurated genome,near complete,Bacteria,Actinobacteria,Actinobacteria,unknown,unknown,unknown,unknown,1,1,115,115_0,1.721637068,1.724965874,1.72301479,1.726950615,1.72358783,1.725625666,1.722746563,1.725847385,0.045839803,0.045814746,0.030094392,0.058142887,0.028048496,146,S,S1-18,0.864234304,0.006118084,d__Bacteria,p__Actinobacteriota,c__Thermoleophilia,o__20CM-4-69-9,f__20CM-4-69-9,g__,s__
S1-16-all-fractions_metab_65,S1-16-all-fractions_Bacteria_60_9,Bacteria,NA,6264563,60.45,0.6045,9.36,1389,6948,46069,47,3,48,6,13,3,Uncurated genome,near complete,Bacteria,unknown,unknown,unknown,unknown,unknown,unknown,1,1,40,40_1,1.713326017,1.717079509,1.717385534,1.720652508,1.717170465,1.719494212,1.715960672,1.71907541,0.046068107,0.0461962,0.034440349,0.05575548,0.021315131,401,S,S1-16,0.799827909,0.005725701,d__Bacteria,p__Chloroflexota,c__UBA6077,o__UBA6077,f__,g__,s__
S2-18-all-fractions_metab_65,S2-18-all-fractions_Proteobacteria_64_0,"Proteobacteria, Bacteria",NA,3658151,63.91,0.6391,0,1131,4197,20808,22,4,28,8,8,4,Uncurated genome,partial,Bacteria,Proteobacteria,unknown,unknown,unknown,unknown,unknown,1,1,253,253_0,1.716614539,1.72023098,1.719725307,1.723358745,1.719927103,1.721996885,1.71875565,1.721862203,0.046072195,0.046002469,0.030628878,0.053774331,0.023145452,321,S,S2-18,0.594425443,0.004745983,d__Bacteria,p__Proteobacteria,c__Gammaproteobacteria,o__Steroidobacterales,f__Steroidobacteraceae,g__,s__
S3-18-all-fractions_metab_maxb_61,S3-18-all-fractions_Actinobacteria_71_19,"Actinobacteria, Actinobacteria, Bacteria",NA,3084950,70.54,0.7054,18.96,305,3292,74560,23,2,28,4,13,1,Uncurated genome,partial,Bacteria,Actinobacteria,Actinobacteria,unknown,unknown,unknown,unknown,1,1,101,101_1,1.722603893,1.726071454,1.723818506,1.727624888,1.724463908,1.72662229,1.723628769,1.726772877,0.046446547,0.046431901,0.031859348,0.056206113,0.024346765,149,S,S3-18,1.870851234,0.012002181,d__Bacteria,p__Actinobacteriota,c__UBA4738,o__UBA4738,f__HRBIN12,g__,s__
S2-18-all-fractions_metab_maxb_75,S2-18-all-fractions_Actinobacteria_71_0,"Actinobacteria, Actinobacteria, Bacteria",NA,2955749,70.57,0.7057,0,335,3191,50811,23,1,28,3,12,2,Uncurated genome,partial,Bacteria,Actinobacteria,Actinobacteria,unknown,unknown,unknown,unknown,1,NA,101,101_1,1.722657929,1.726106638,1.723843642,1.727777756,1.724489633,1.726627221,1.723663735,1.726837205,0.046888065,0.046864597,0.031551963,0.058091428,0.026539464,943,S,S2-18,1.464433859,0.011692263,d__Bacteria,p__Actinobacteriota,c__UBA4738,o__UBA4738,f__HRBIN12,g__,s__
S3-16-all-fractions_metab_maxb_83,S3-16-all-fractions_Actinobacteria_71_19,"Actinobacteria, Actinobacteria, Bacteria",NA,3174761,70.62,0.7062,18.54,334,3394,71584,24,3,28,3,14,2,Uncurated genome,partial,Bacteria,Actinobacteria,Actinobacteria,unknown,unknown,unknown,unknown,1,NA,101,101_1,1.722636166,1.726098357,1.723833588,1.72775625,1.724475893,1.726614871,1.723648549,1.726823159,0.046911475,0.046881885,0.031572765,0.057922711,0.026349946,945,S,S3-16,1.908591814,0.010250907,d__Bacteria,p__Actinobacteriota,c__UBA4738,o__UBA4738,f__HRBIN12,g__,s__
S3-18-all-fractions_metab_conc_12,S3-18-all-fractions_Gemmatimonadetes_66_30,"Gemmatimonadetes, Bacteria",NA,7267949,66.36,0.6636,30.28,428,6510,155988,48,3,50,2,14,2,Uncurated genome,near complete,Bacteria,Gemmatimonadetes,unknown,unknown,unknown,unknown,unknown,1,1,276,276_1,1.71828419,1.722017651,1.720856715,1.724264253,1.721181364,1.723616573,1.720107423,1.723299492,0.04732413,0.047233505,0.036011646,0.055303178,0.019291532,252,S,S3-18,3.907228046,0.025066268,d__Bacteria,p__Gemmatimonadota,c__Gemmatimonadetes,o__Gemmatimonadales,f__Gemmatimonadaceae,g__,s__
S2-16-all-fractions_metab_conc_50,S2-16-all-fractions_Acidobacteria_67_0,"Acidobacteria, Bacteria",NA,4475179,67.19,0.6719,0,449,4048,69801,52,1,50,2,9,0,Uncurated genome,near complete,Bacteria,Acidobacteria,unknown,unknown,unknown,unknown,unknown,1,1,277,277_1,1.718592005,1.722223969,1.721045806,1.72475194,1.721408733,1.723751206,1.720348848,1.723575705,0.0475571,0.047742209,0.034636161,0.05481104,0.020174879,16,S,S2-16,2.390937215,0.023407539,d__Bacteria,p__Acidobacteriota,c__Vicinamibacteria,o__Vicinamibacterales,f__UBA2999,g__,s__
S1-16-all-fractions_metab_maxb_45,S1-16-all-fractions_Bacteria_67_12,Bacteria,NA,6144084,66.7,0.667,12.28,588,5945,60407,21,2,25,5,11,1,Uncurated genome,partial,Bacteria,unknown,unknown,unknown,unknown,unknown,unknown,1,1,38,38_1,1.719492488,1.723146219,1.721614349,1.725609676,1.722026452,1.724150881,1.72104443,1.724302259,0.047787146,0.048180588,0.031400633,0.059067999,0.027667366,412,S,S1-16,0.97306667,0.00696586,d__Bacteria,p__Chloroflexota,c__Chloroflexia,o__Thermomicrobiales,f__UBA6265,g__,s__
S1-16-all-fractions_metab_75,S1-16-all-fractions_Acidobacteria_67_37,"Acidobacteria, Bacteria",NA,4868231,67.39,0.6739,36.71,755,4704,62691,46,1,46,5,12,0,Uncurated genome,near complete,Bacteria,Acidobacteria,unknown,unknown,unknown,unknown,unknown,1,1,277,277_2,1.718731633,1.722387035,1.721131311,1.724863708,1.721514969,1.723879811,1.720459304,1.723710185,0.047825387,0.048094708,0.034964881,0.05519689,0.020232009,17,S,S1-16,3.298330794,0.02361165,d__Bacteria,p__Acidobacteriota,c__Vicinamibacteria,o__Vicinamibacterales,f__UBA2999,g__,s__
S3-16-all-fractions_metab_conc_68,S3-16-all-fractions_Acidobacteria_67_39,"Acidobacteria, Bacteria",NA,4282192,67.28,0.6728,38.51,383,3890,83833,48,2,47,4,12,0,Uncurated genome,near complete,Bacteria,Acidobacteria,unknown,unknown,unknown,unknown,unknown,1,NA,277,277_1,1.718664803,1.722299186,1.7210856,1.724810635,1.721460971,1.723817406,1.720403791,1.723642409,0.047936689,0.047914753,0.034841612,0.05508938,0.020247769,484,S,S3-16,5.039889917,0.027068879,d__Bacteria,p__Acidobacteriota,c__Vicinamibacteria,o__Vicinamibacterales,f__UBA2999,g__,s__
S3-16-all-fractions_metab_maxb_14,S3-16-all-fractions_Bacteria_67_9,Bacteria,NA,5972272,66.85,0.6685,8.7,1123,6054,30031,25,1,30,5,9,1,Uncurated genome,partial,Bacteria,unknown,unknown,unknown,unknown,unknown,unknown,1,1,38,38_3,1.719605246,1.723267179,1.721686544,1.72567077,1.722078801,1.724195529,1.72112353,1.724377826,0.048156688,0.048126238,0.031285929,0.058901563,0.027615634,413,S,S3-16,0.925092421,0.004968604,d__Bacteria,p__Chloroflexota,c__Chloroflexia,o__Thermomicrobiales,f__UBA6265,g__,s__
S1-18-all-fractions_metab_42,S1-18-all-fractions_Acidobacteria_67_38,"Acidobacteria, Bacteria",NA,5076810,67.22,0.6722,38.11,752,4826,63052,46,4,46,5,12,2,Uncurated genome,near complete,Bacteria,Acidobacteria,unknown,unknown,unknown,unknown,unknown,1,1,277,277_3,1.718616555,1.722267305,1.721053508,1.72478716,1.721427492,1.723796522,1.720365852,1.723616996,0.048188272,0.04810109,0.035028485,0.055217784,0.020189298,15,S,S1-18,3.568090858,0.025259216,d__Bacteria,p__Acidobacteriota,c__Vicinamibacteria,o__Vicinamibacterales,f__UBA2999,g__,s__
S2-16-all-fractions_metab_conc_92,S2-16-all-fractions_Microvirga_67_0,"Microvirga, Rhizobiales, Alphaproteobacteria, Proteobacteria, Bacteria",NA,3132837,66.94,0.6694,0,221,3070,50020,29,1,28,2,8,0,Uncurated genome,partial,Bacteria,Proteobacteria,Alphaproteobacteria,Rhizobiales,Microvirga,unknown,unknown,1,1,45,45_1,1.71960238,1.723849578,1.721753473,1.72535331,1.722147783,1.7241305,1.721167879,1.724444463,0.048214519,0.048454666,0.029304057,0.062865445,0.033561388,326,S,S2-16,1.234631234,0.012087176,d__Bacteria,p__Proteobacteria,c__Alphaproteobacteria,o__Rhizobiales,f__Beijerinckiaceae,g__Microvirga,s__
S2-18-all-fractions_metab_42,S2-18-all-fractions_Microvirga_67_0,"Microvirga, Rhizobiales, Alphaproteobacteria, Proteobacteria, Bacteria",NA,3451318,67.28,0.6728,0,443,3524,57555,39,12,40,13,10,0,Uncurated genome,partial,Bacteria,Proteobacteria,Alphaproteobacteria,Rhizobiales,Microvirga,unknown,unknown,1,1,45,45_2,1.719839146,1.724050576,1.721901875,1.725532466,1.72231341,1.724318977,1.721351477,1.724634006,0.048681147,0.048537682,0.029639102,0.062327796,0.032688694,327,S,S2-18,1.83407571,0.01464354,d__Bacteria,p__Proteobacteria,c__Alphaproteobacteria,o__Rhizobiales,f__Beijerinckiaceae,g__Microvirga,s__
S1-18-all-fractions_metab_49,S1-18-all-fractions_Actinobacteria_71_42,"Actinobacteria, Actinobacteria, Bacteria",NA,2709845,71.43,0.7143,42.37,351,3147,32324,15,2,18,3,11,2,Uncurated genome,partial,Bacteria,Actinobacteria,Actinobacteria,unknown,unknown,unknown,unknown,1,1,126,126_0,1.723632158,1.727144991,1.724712884,1.728769941,1.725387682,1.727715156,1.724577575,1.727876696,0.048719567,0.048695011,0.034337364,0.059877447,0.025540083,151,S,S1-18,2.573367572,0.018217375,d__Bacteria,p__Actinobacteriota,c__Thermoleophilia,o__20CM-4-69-9,f__20CM-4-69-9,g__PALSA-600,s__
S2-16-all-fractions_metab_conc_33,S2-16-all-fractions_Gemmatimonadetes_66_0,"Gemmatimonadetes, Bacteria",NA,7651026,66.38,0.6638,0,458,6937,170703,48,0,50,2,13,2,Uncurated genome,near complete,Bacteria,Gemmatimonadetes,unknown,unknown,unknown,unknown,unknown,1,NA,276,276_1,1.718320397,1.721939468,1.720879637,1.724801264,1.721211957,1.723595707,1.72013733,1.72344548,0.048747698,0.048950329,0.035250075,0.058002859,0.022752784,1272,S,S2-16,2.132578648,0.02087818,d__Bacteria,p__Gemmatimonadota,c__Gemmatimonadetes,o__Gemmatimonadales,f__Gemmatimonadaceae,g__,s__
S2-18-all-fractions_maxb_32,S2-18-all-fractions_Bacteria_67_0,Bacteria,NA,6142694,66.55,0.6655,0,957,6102,34174,15,0,18,3,10,2,Uncurated genome,partial,Bacteria,unknown,unknown,unknown,unknown,unknown,unknown,1,1,38,38_2,1.71939789,1.723103556,1.721548915,1.725564997,1.721929565,1.724103246,1.72095879,1.724257266,0.048830741,0.048784035,0.032130334,0.059376968,0.027246633,411,S,S2-18,0.655043294,0.005229965,d__Bacteria,p__Chloroflexota,c__Chloroflexia,o__Thermomicrobiales,f__UBA6265,g__,s__
S1-18-all-fractions_metab_conc_27,S1-18-all-fractions_Gemmatimonadetes_66_28,"Gemmatimonadetes, Bacteria",NA,7440943,66.33,0.6633,28.45,416,6640,146933,49,3,50,6,13,3,Uncurated genome,near complete,Bacteria,Gemmatimonadetes,unknown,unknown,unknown,unknown,unknown,1,NA,276,276_1,1.718254145,1.721958271,1.720842074,1.724774155,1.721175291,1.723573491,1.720090503,1.723435306,0.049565829,0.04949399,0.035464479,0.058158709,0.022694231,1270,S,S1-18,2.146554778,0.015195883,d__Bacteria,p__Gemmatimonadota,c__Gemmatimonadetes,o__Gemmatimonadales,f__Gemmatimonadaceae,g__,s__
S2-18-all-fractions_metab_conc_59,S2-18-all-fractions_Gemmatimonadetes_66_0,"Gemmatimonadetes, Bacteria",NA,7445338,66.37,0.6637,0,441,6639,134687,49,2,50,4,13,3,Uncurated genome,near complete,Bacteria,Gemmatimonadetes,unknown,unknown,unknown,unknown,unknown,1,NA,276,276_1,1.718294989,1.722027781,1.720866071,1.724811532,1.721189289,1.723623693,1.720116783,1.723487669,0.049922851,0.049879224,0.035999594,0.058355838,0.022356244,1269,S,S2-18,3.280822515,0.026194587,d__Bacteria,p__Gemmatimonadota,c__Gemmatimonadetes,o__Gemmatimonadales,f__Gemmatimonadaceae,g__,s__
S3-18-all-fractions_metab_69,S3-18-all-fractions_Actinobacteria_68_17,"Actinobacteria, Actinobacteria, Bacteria",NA,2567610,67.68,0.6768,17.13,385,3088,45070,39,8,43,8,11,0,Uncurated genome,near complete,Bacteria,Actinobacteria,Actinobacteria,unknown,unknown,unknown,unknown,1,1,114,114_2,1.720649681,1.724575506,1.722307089,1.725952005,1.722870671,1.725414914,1.72194248,1.725314142,0.049927093,0.049838854,0.037587947,0.058073931,0.020485984,141,S,S3-18,1.373127186,0.008809103,d__Bacteria,p__Actinobacteriota,c__Thermoleophilia,o__20CM-4-69-9,f__20CM-4-69-9,g__,s__
S3-18-all-fractions_metab_maxb_34,S3-18-all-fractions_Bacteria_69_11,Bacteria,NA,4642511,69.15,0.6915,11.36,1117,4657,19477,43,9,41,10,12,1,Uncurated genome,near complete,Bacteria,unknown,unknown,unknown,unknown,unknown,unknown,1,1,47,47_0,1.720659669,1.724123347,1.722383619,1.726458883,1.722882683,1.725530255,1.721975324,1.725370828,0.050155509,0.050191531,0.039115156,0.060225283,0.021110127,414,S,S3-18,0.767294793,0.004922471,d__Bacteria,p__Planctomycetota,c__Planctomycetes,o__Gemmatales,f__Gemmataceae,g__Zavarzinella,s__
S1-16-all-fractions_metab_49,S1-16-all-fractions_Actinobacteria_68_19,"Actinobacteria, Actinobacteria, Bacteria",NA,2248061,67.98,0.6798,18.81,277,2671,55852,16,2,22,6,7,1,Uncurated genome,partial,Bacteria,Actinobacteria,Actinobacteria,unknown,unknown,unknown,unknown,1,1,114,114_1,1.720879727,1.724770649,1.722471447,1.726462854,1.723047,1.725544962,1.722132725,1.725592822,0.05084469,0.051140678,0.036900623,0.058981899,0.022081276,142,S,S1-16,1.444884379,0.010343445,d__Bacteria,p__Actinobacteriota,c__Thermoleophilia,o__20CM-4-69-9,f__,g__,s__
S3-16-all-fractions_metab_50,S3-16-all-fractions_Actinobacteria_68_18,"Actinobacteria, Actinobacteria, Bacteria",NA,1979026,68.05,0.6805,18.16,304,2408,48521,20,4,22,1,10,0,Uncurated genome,partial,Bacteria,Actinobacteria,Actinobacteria,unknown,unknown,unknown,unknown,1,1,114,114_3,1.720906272,1.724800194,1.722492494,1.726474937,1.723108982,1.725572643,1.722169249,1.725615925,0.050965438,0.050941276,0.036392636,0.058848781,0.022456146,143,S,S3-16,2.004779407,0.010767523,d__Bacteria,p__Actinobacteriota,c__Thermoleophilia,o__20CM-4-69-9,f__,g__,s__
S1-18-all-fractions_metab_89,S1-18-all-fractions_Actinobacteria_70_10,"Actinobacteria, Actinobacteria, Bacteria",NA,3886582,70.49,0.7049,9.77,500,4228,85011,25,0,27,4,12,2,Uncurated genome,partial,Bacteria,Actinobacteria,Actinobacteria,unknown,unknown,unknown,unknown,1,1,177,177_0,1.720779651,1.724547082,1.722447684,1.726544058,1.723042083,1.725534243,1.722089806,1.725541794,0.051081288,0.051024159,0.036816489,0.060536302,0.023719813,127,S,S1-18,0.6071926,0.004298436,d__Bacteria,p__Actinobacteriota,c__Acidimicrobiia,o__IMCC26256,f__PALSA-555,g__,s__
S1-16-all-fractions_metab_28,S1-16-all-fractions_Actinobacteria_69_12,"Actinobacteria, Actinobacteria, Bacteria",NA,4830343,69.23,0.6923,11.98,637,5386,55504,44,26,47,31,15,5,Uncurated genome,megabin,Bacteria,Actinobacteria,Actinobacteria,unknown,unknown,unknown,unknown,1,NA,176,176_1,1.72009636,1.724218918,1.722033456,1.726071212,1.722527186,1.72496023,1.721552334,1.725083453,0.051911294,0.052209044,0.035953197,0.061005298,0.025052101,853,S,S1-16,0.896399662,0.006417026,d__Bacteria,p__Actinobacteriota,c__Acidimicrobiia,o__IMCC26256,f__PALSA-555,g__,s__
S1-18-all-fractions_conc_37,S1-18-all-fractions_Bacteria_55_13,Bacteria,NA,7051422,54.87,0.5487,12.97,467,6118,90432,33,1,37,3,13,1,Uncurated genome,partial,Bacteria,unknown,unknown,unknown,unknown,unknown,unknown,1,1,30,30_1,1.710022651,1.712982971,1.714583621,1.717904043,1.714093874,1.718344392,1.712900049,1.716410469,0.052014198,0.052153109,0.044054467,0.063104509,0.019050043,400,S,S1-18,0.337149351,0.002386746,d__Bacteria,p__Acidobacteriota,c__Blastocatellia,o__Pyrinomonadales,f__Pyrinomonadaceae,g__PSRF01,s__
S1-18-all-fractions_metab_55,S1-18-all-fractions_Actinobacteria_69_12,"Actinobacteria, Actinobacteria, Bacteria",NA,4864178,69.12,0.6912,12.41,529,5332,77155,44,6,48,3,15,1,Uncurated genome,near complete,Bacteria,Actinobacteria,Actinobacteria,unknown,unknown,unknown,unknown,1,1,176,176_1,1.720046376,1.724199224,1.721999041,1.726023751,1.722476712,1.72490553,1.721507376,1.725042835,0.052419575,0.052274477,0.035891738,0.061455204,0.025563466,124,S,S1-18,0.663824084,0.004699341,d__Bacteria,p__Actinobacteriota,c__Acidimicrobiia,o__IMCC26256,f__PALSA-555,g__,s__
S3-18-all-fractions_metab_conc_60,S3-18-all-fractions_Conexibacter_woesei_73_22,"Conexibacter woesei, Conexibacter, Solirubrobacterales, Thermoleophilia, Actinobacteria, Bacteria",NA,2958493,72.66,0.7266,21.58,407,3272,34427,48,3,47,8,11,1,Uncurated genome,near complete,Bacteria,Actinobacteria,Thermoleophilia,Solirubrobacterales,Conexibacter,Conexibacterwoesei,Bacteria,1,NA,155,155_1,1.724923816,1.729900212,1.720484199,1.723168597,1.726634355,1.729669874,1.724014124,1.727579561,0.052976651,0.05264408,0.03971675,0.073438291,0.033721541,766,S,S3-18,2.143474305,0.013751156,d__Bacteria,p__Actinobacteriota,c__Thermoleophilia,o__Solirubrobacterales,f__Solirubrobacteraceae,g__Conexibacter,s__
S1-16-all-fractions_metab_23,S1-16-all-fractions_Bacteria_55_11,Bacteria,NA,8223615,54.95,0.5495,10.71,1119,7573,73856,27,8,32,11,11,3,Uncurated genome,partial,Bacteria,unknown,unknown,unknown,unknown,unknown,unknown,1,NA,30,30_1,1.709988563,1.71346781,1.714531732,1.717546559,1.714016872,1.718376668,1.712845722,1.716463679,0.054061456,0.053752521,0.044747679,0.064729888,0.019982209,1807,S,S1-16,1.094057589,0.007831993,d__Bacteria,p__Acidobacteriota,c__Blastocatellia,o__Pyrinomonadales,f__Pyrinomonadaceae,g__PSRF01,s__
S1-16-all-fractions_metab_20,S1-16-all-fractions_RIF_CHLX_69_17,"RIF-CHLX, Bacteria",NA,3604311,69.32,0.6932,17.25,347,3831,98467,41,1,44,3,14,1,Uncurated genome,near complete,Bacteria,RIF-CHLX,unknown,unknown,unknown,unknown,unknown,1,1,197,197_0,1.721834,1.72593485,1.723234527,1.727574862,1.723821394,1.726605551,1.722963307,1.726705087,0.054956047,0.055278533,0.041110774,0.064111078,0.023000304,356,S,S1-16,1.379724847,0.00987699,d__Bacteria,p__Chloroflexota_A,c__Ellin6529,o__CSP1-4,f__CSP1-4,g__,s__
S2-16-all-fractions_metab_conc_60,S2-16-all-fractions_Actinobacteria_67_0,"Actinobacteria, Actinobacteria, Bacteria",NA,3876913,67.47,0.6747,0,248,3875,89662,40,0,39,3,14,1,Uncurated genome,partial,Bacteria,Actinobacteria,Actinobacteria,unknown,unknown,unknown,unknown,1,1,174,174_2,1.718801097,1.723385072,1.721174963,1.725210138,1.721551405,1.72417964,1.720509155,1.724258283,0.05525591,0.055464435,0.038858439,0.067882513,0.029024074,118,S,S2-16,1.323707114,0.012959239,d__Bacteria,p__Actinobacteriota,c__Acidimicrobiia,o__Microtrichales,f__Ilumatobacteraceae,g__,s__
S1-16-all-fractions_metab_63,S1-16-all-fractions_Actinobacteria_67_30,"Actinobacteria, Actinobacteria, Bacteria",NA,5214555,67.26,0.6726,29.57,815,5600,53302,50,15,49,15,14,2,Uncurated genome,megabin,Bacteria,Actinobacteria,Actinobacteria,unknown,unknown,unknown,unknown,1,1,174,174_1,1.718777146,1.723391531,1.721164308,1.725231337,1.721540855,1.724221568,1.720494103,1.724281479,0.055823386,0.05603056,0.039634447,0.068333556,0.028699109,116,S,S1-16,2.64829297,0.018958246,d__Bacteria,p__Actinobacteriota,c__Acidimicrobiia,o__Microtrichales,f__Ilumatobacteraceae,g__,s__
S3-16-all-fractions_conc_3,S3-16-all-fractions_Conexibacter_woesei_72_26,"Conexibacter woesei, Conexibacter, Solirubrobacterales, Thermoleophilia, Actinobacteria, Bacteria",NA,3208688,72.49,0.7249,25.82,251,3350,58028,48,0,49,4,11,1,Uncurated genome,near complete,Bacteria,Actinobacteria,Thermoleophilia,Solirubrobacterales,Conexibacter,Conexibacterwoesei,Bacteria,1,1,155,155_1,1.724898405,1.729836763,1.720398703,1.723798894,1.726533562,1.729609414,1.723943557,1.727748357,0.056177301,0.05618045,0.0453489,0.072877831,0.027528932,104,S,S3-16,2.285119196,0.012273208,d__Bacteria,p__Actinobacteriota,c__Thermoleophilia,o__Solirubrobacterales,f__Solirubrobacteraceae,g__Conexibacter,s__
S1-18-all-fractions_metab_28,S1-18-all-fractions_Microvirga_lotononidis_64_24,"Microvirga lotononidis, Microvirga, Rhizobiales, Alphaproteobacteria, Proteobacteria, Bacteria",NA,4117011,63.52,0.6352,23.87,1046,4782,22055,26,3,25,6,9,0,Uncurated genome,partial,Bacteria,Proteobacteria,Alphaproteobacteria,Rhizobiales,Microvirga,Microvirgalotononidis,Bacteria,1,1,46,46_0,1.716253062,1.721592974,1.719556621,1.723257407,1.719697283,1.721955113,1.718502322,1.722268498,0.056207111,0.055778152,0.033415865,0.079189288,0.045773423,318,S,S1-18,2.465358683,0.017452758,d__Bacteria,p__Proteobacteria,c__Alphaproteobacteria,o__Rhizobiales,f__Beijerinckiaceae,g__Microvirga,s__
S1-18-all-fractions_metab_conc_1,S1-18-all-fractions_Actinobacteria_71_11,"Actinobacteria, Actinobacteria, Bacteria",NA,4040943,71.24,0.7124,10.5,276,3831,71458,32,0,38,4,13,4,Uncurated genome,partial,Bacteria,Actinobacteria,Actinobacteria,unknown,unknown,unknown,unknown,1,1,199,199_0,1.723533725,1.727785339,1.72207485,1.722714706,1.721271562,1.728003682,1.722293379,1.726167909,0.057508393,0.05726371,0.009457965,0.099556606,0.090098641,140,S,S1-18,0.12828834,0.000908178,d__Bacteria,p__Actinobacteriota,c__Actinobacteria,o__Mycobacteriales,f__Jatrophihabitantaceae,g__Iso899,s__
S2-16-all-fractions_metab_conc_28,S2-16-all-fractions_Actinobacteria_70_0,"Actinobacteria, Actinobacteria, Bacteria",NA,2748795,70.37,0.7037,0,22,2894,351922,42,0,43,1,14,0,Uncurated genome,near complete,Bacteria,Actinobacteria,Actinobacteria,unknown,unknown,unknown,unknown,1,NA,97,97_1,1.722675482,1.727414386,1.723939951,1.728346533,1.724615464,1.72740872,1.723743632,1.727723213,0.058535189,0.058766008,0.041226838,0.070022231,0.028795392,872,S,S2-16,0.990136448,0.009693545,d__Bacteria,p__Actinobacteriota,c__UBA4738,o__UBA4738,f__HRBIN12,g__,s__
S1-16-all-fractions_metab_48,S1-16-all-fractions_Actinobacteria_70_37,"Actinobacteria, Actinobacteria, Bacteria",NA,2802779,70.28,0.7028,36.92,23,2943,428308,51,0,51,2,15,0,Uncurated genome,near complete,Bacteria,Actinobacteria,Actinobacteria,unknown,unknown,unknown,unknown,1,1,97,97_1,1.722629606,1.727382902,1.723913011,1.728319873,1.724568553,1.727385852,1.723703723,1.727696209,0.05869027,0.058957864,0.041582778,0.070236676,0.028653898,128,S,S1-16,3.133629958,0.022432612,d__Bacteria,p__Actinobacteriota,c__UBA4738,o__UBA4738,f__HRBIN12,g__,s__
S2-18-all-fractions_metab_6,S2-18-all-fractions_Actinobacteria_69_0,"Actinobacteria, Actinobacteria, Bacteria",NA,3596077,68.58,0.6858,0,570,4088,91919,46,15,48,16,15,4,Uncurated genome,megabin,Bacteria,Actinobacteria,Actinobacteria,unknown,unknown,unknown,unknown,1,1,113,113_0,1.720920713,1.725474333,1.722570647,1.727012717,1.72310718,1.726059879,1.722199513,1.72618231,0.058945605,0.058864531,0.043617018,0.067351149,0.023734131,123,S,S2-18,1.57216372,0.012552395,d__Bacteria,p__Actinobacteriota,c__UBA4738,o__UBA4738,f__HRBIN12,g__,s__
S3-16-all-fractions_metab_9,S3-16-all-fractions_Actinobacteria_71_10,"Actinobacteria, Actinobacteria, Bacteria",NA,2566186,70.63,0.7063,9.88,211,2845,61592,28,0,32,1,13,1,Uncurated genome,partial,Bacteria,Actinobacteria,Actinobacteria,unknown,unknown,unknown,unknown,1,NA,97,97_1,1.722880238,1.727590717,1.724077772,1.728535794,1.72475924,1.727577186,1.72390575,1.727901233,0.059020113,0.058995521,0.041587953,0.069594238,0.028006284,868,S,S3-16,1.003370984,0.005389032,d__Bacteria,p__Actinobacteriota,c__UBA4738,o__UBA4738,f__HRBIN12,g__,s__
S2-18-all-fractions_metab_conc_10,S2-18-all-fractions_Actinobacteria_70_0,"Actinobacteria, Actinobacteria, Bacteria",NA,2703935,70.24,0.7024,0,67,2872,166067,45,0,45,1,15,0,Uncurated genome,near complete,Bacteria,Actinobacteria,Actinobacteria,unknown,unknown,unknown,unknown,1,NA,97,97_1,1.72258389,1.727334823,1.723860111,1.728286218,1.724506982,1.727319324,1.723650328,1.727646788,0.05913018,0.059018341,0.041511058,0.070203554,0.028692496,862,S,S2-18,1.135739471,0.009067917,d__Bacteria,p__Actinobacteriota,c__UBA4738,o__UBA4738,f__HRBIN12,g__,s__
S1-18-all-fractions_metab_4,S1-18-all-fractions_Actinobacteria_70_37,"Actinobacteria, Actinobacteria, Bacteria",NA,2762821,70.28,0.7028,36.96,21,2904,362285,51,1,51,2,15,0,Uncurated genome,near complete,Bacteria,Actinobacteria,Actinobacteria,unknown,unknown,unknown,unknown,1,NA,97,97_1,1.722642616,1.727397439,1.72392286,1.728333422,1.724581966,1.727409348,1.723715814,1.727713403,0.05921812,0.059032809,0.041731281,0.070258702,0.028527421,867,S,S1-18,1.971991822,0.013960118,d__Bacteria,p__Actinobacteriota,c__UBA4738,o__UBA4738,f__HRBIN12,g__,s__
S3-18-all-fractions_metab_50,S3-18-all-fractions_Actinobacteria_71_10,"Actinobacteria, Actinobacteria, Bacteria",NA,2404063,70.71,0.7071,9.98,269,2741,40811,25,0,28,3,12,1,Uncurated genome,partial,Bacteria,Actinobacteria,Actinobacteria,unknown,unknown,unknown,unknown,1,NA,97,97_1,1.722927156,1.727637866,1.724092399,1.728588476,1.724815376,1.727624524,1.723944977,1.727950289,0.059240751,0.059139394,0.041456818,0.069595852,0.028139034,859,S,S3-18,0.782465196,0.005019795,d__Bacteria,p__Actinobacteriota,c__UBA4738,o__UBA4738,f__HRBIN12,g__,s__
S1-16-all-fractions_metab_10,S1-16-all-fractions_Gemmatimonadetes_74_51,"Gemmatimonadetes, Bacteria",NA,5042567,73.59,0.7359,51.29,870,5101,35622,21,4,26,4,11,3,Uncurated genome,partial,Bacteria,Gemmatimonadetes,unknown,unknown,unknown,unknown,unknown,1,1,295,295_1,1.725069636,1.729930597,1.726111606,1.73110856,1.726865592,1.729631341,1.726015611,1.730223499,0.06161867,0.062058822,0.040769777,0.07369203,0.032922254,253,S,S1-16,3.430252982,0.024556037,d__Bacteria,p__Gemmatimonadota,c__Gemmatimonadetes,o__Gemmatimonadales,f__Gemmatimonadaceae,g__,s__
S3-18-all-fractions_metab_conc_57,S3-18-all-fractions_Bacteria_61_20,Bacteria,NA,2400699,61.14,0.6114,19.62,176,2432,45614,45,0,47,0,12,1,Uncurated genome,near complete,Bacteria,unknown,unknown,unknown,unknown,unknown,unknown,1,1,288,288_1,1.714801758,1.720435745,1.718550847,1.722105274,1.71848389,1.721846214,1.717278832,1.721462411,0.062334454,0.06200178,0.049795617,0.083617826,0.033822209,398,S,S3-18,3.660687345,0.023484621,d__Bacteria,p__Gemmatimonadota,c__Gemmatimonadetes,o__Gemmatimonadales,f__GWC2-71-9,g__,s__
S3-16-all-fractions_metab_conc_61,S3-16-all-fractions_Gemmatimonadetes_73_31,"Gemmatimonadetes, Bacteria",NA,3586946,73.3,0.733,30.63,315,3421,42833,44,8,46,9,12,0,Uncurated genome,near complete,Bacteria,Gemmatimonadetes,unknown,unknown,unknown,unknown,unknown,1,1,295,295_3,1.724881846,1.729752401,1.725921612,1.730931883,1.726652226,1.729492706,1.725818561,1.730058997,0.062580008,0.062545681,0.041876352,0.073896211,0.032019858,251,S,S3-16,2.892192127,0.015533752,d__Bacteria,p__Gemmatimonadota,c__Gemmatimonadetes,o__Gemmatimonadales,f__Gemmatimonadaceae,g__,s__
S3-18-all-fractions_metab_68,S3-18-all-fractions_Gemmatimonadetes_73_28,"Gemmatimonadetes, Bacteria",NA,5125735,73.46,0.7346,28.25,867,5215,35547,42,15,42,17,11,1,Uncurated genome,megabin,Bacteria,Gemmatimonadetes,unknown,unknown,unknown,unknown,unknown,1,1,295,295_2,1.72500799,1.729846169,1.726060146,1.731368987,1.726797824,1.729572346,1.72595532,1.730262501,0.063555447,0.063525301,0.04090061,0.07829373,0.03739312,250,S,S3-18,3.261048724,0.020920796,d__Bacteria,p__Gemmatimonadota,c__Gemmatimonadetes,o__Gemmatimonadales,f__Gemmatimonadaceae,g__,s__
S1-16-all-fractions_metab_69,S1-16-all-fractions_Gemmatimonadetes_73_57,"Gemmatimonadetes, Bacteria",NA,5661677,73.08,0.7308,57.37,1065,5908,35250,47,24,47,27,12,5,Uncurated genome,megabin,Bacteria,Gemmatimonadetes,unknown,unknown,unknown,unknown,unknown,1,1,294,294_3,1.724763589,1.730005108,1.725832372,1.730500214,1.726496627,1.729574019,1.725697529,1.730026447,0.063611029,0.06385504,0.045373015,0.077358508,0.031985493,256,S,S1-16,3.925330212,0.02810013,d__Bacteria,p__Gemmatimonadota,c__Gemmatimonadetes,o__Gemmatimonadales,f__Gemmatimonadaceae,g__,s__
S2-16-all-fractions_metab_conc_57,S2-16-all-fractions_Actinobacteria_70_0,"Actinobacteria, Actinobacteria, Bacteria",NA,2825169,70.23,0.7023,0,201,3101,75300,43,3,43,2,11,0,Uncurated genome,near complete,Bacteria,Actinobacteria,Actinobacteria,unknown,unknown,unknown,unknown,1,NA,148,148_1,1.722915349,1.727903465,1.724069899,1.728924645,1.724768527,1.728015657,1.723917925,1.728281255,0.064201732,0.064426133,0.047921387,0.073694174,0.025772788,835,S,S2-16,2.007661376,0.019655226,d__Bacteria,p__Actinobacteriota,c__Thermoleophilia,o__Solirubrobacterales,f__Thermoleophilaceae,g__,s__
S1-16-all-fractions_metab_74,S1-16-all-fractions_Bacteria_61_25,Bacteria,NA,3394224,61.1,0.611,25.04,516,3652,59266,47,0,49,1,13,1,Uncurated genome,near complete,Bacteria,unknown,unknown,unknown,unknown,unknown,unknown,1,NA,288,288_1,1.71477826,1.720373142,1.718531403,1.722619116,1.718481408,1.721804895,1.71726369,1.721599051,0.06426644,0.064251756,0.049220481,0.083038548,0.033818067,1790,S,S1-16,2.633122384,0.018849645,d__Bacteria,p__Gemmatimonadota,c__Gemmatimonadetes,o__Gemmatimonadales,f__GWC2-71-9,g__,s__
S1-16-all-fractions_metab_71,S1-16-all-fractions_Acidobacteria_67_18,"Acidobacteria, Bacteria",NA,7076528,66.71,0.6671,18.11,717,6379,129752,36,4,35,4,13,4,Uncurated genome,partial,Bacteria,Acidobacteria,unknown,unknown,unknown,unknown,unknown,1,NA,273,273_1,1.718267469,1.723542871,1.720962964,1.725401553,1.721260117,1.724619472,1.720163517,1.724521299,0.064363367,0.064480997,0.049675858,0.078144916,0.028469058,474,S,S1-16,1.643098398,0.011762393,d__Bacteria,p__Acidobacteriota,c__Vicinamibacteria,o__Vicinamibacterales,f__2-12-FULL-66-21,g__2-12-FULL-66-21,s__
S2-18-all-fractions_metab_conc_43,S2-18-all-fractions_Gemmatimonadetes_73_0,"Gemmatimonadetes, Bacteria",NA,3884984,72.91,0.7291,0,313,3638,58615,48,0,48,1,11,0,Uncurated genome,near complete,Bacteria,Gemmatimonadetes,unknown,unknown,unknown,unknown,unknown,1,1,294,294_1,1.724695564,1.729994258,1.725766143,1.730436379,1.726417582,1.729522477,1.72562643,1.729984372,0.064431097,0.064285636,0.045780488,0.078205213,0.032424724,254,S,S2-18,2.910239549,0.023235796,d__Bacteria,p__Gemmatimonadota,c__Gemmatimonadetes,o__Gemmatimonadales,f__Gemmatimonadaceae,g__,s__
S3-16-all-fractions_metab_conc_30,S3-16-all-fractions_Gemmatimonadetes_73_31,"Gemmatimonadetes, Bacteria",NA,3857921,72.79,0.7279,30.69,310,3604,45822,22,0,27,0,11,0,Uncurated genome,partial,Bacteria,Gemmatimonadetes,unknown,unknown,unknown,unknown,unknown,1,1,294,294_2,1.724628226,1.729952155,1.725702578,1.730366727,1.72638786,1.729513461,1.725572888,1.729944114,0.064504763,0.064483481,0.046086498,0.078580586,0.032494088,255,S,S3-16,2.767146264,0.01486214,d__Bacteria,p__Gemmatimonadota,c__Gemmatimonadetes,o__Gemmatimonadales,f__Gemmatimonadaceae,g__,s__
S3-18-all-fractions_metab_conc_6,S3-18-all-fractions_Actinobacteria_70_43,"Actinobacteria, Actinobacteria, Bacteria",NA,2733258,70.17,0.7017,42.59,194,2997,63403,44,3,45,2,10,2,Uncurated genome,near complete,Bacteria,Actinobacteria,Actinobacteria,unknown,unknown,unknown,unknown,1,NA,148,148_1,1.722880169,1.727864688,1.724056394,1.728966635,1.724742585,1.727987924,1.723893049,1.728273082,0.064752553,0.064673623,0.047895621,0.073642468,0.025746847,826,S,S3-18,3.422108443,0.021954052,d__Bacteria,p__Actinobacteriota,c__Thermoleophilia,o__Solirubrobacterales,f__Thermoleophilaceae,g__,s__
S2-16-all-fractions_metab_conc_10,S2-16-all-fractions_Gemmatimonadetes_61_0,"Gemmatimonadetes, Bacteria",NA,2333915,61.11,0.6111,0,196,2363,55603,34,1,38,2,12,0,Uncurated genome,partial,Bacteria,Gemmatimonadetes,unknown,unknown,unknown,unknown,unknown,1,NA,288,288_1,1.714761632,1.720427969,1.718529288,1.722655034,1.718483684,1.721837809,1.717258202,1.721640271,0.064796024,0.064944208,0.049674166,0.084099899,0.034425733,1263,S,S2-16,1.866003909,0.018268384,d__Bacteria,p__Gemmatimonadota,c__Gemmatimonadetes,o__Gemmatimonadales,f__GWC2-71-9,g__,s__
S1-18-all-fractions_metab_conc_64,S1-18-all-fractions_Actinobacteria_70_49,"Actinobacteria, Actinobacteria, Bacteria",NA,2741327,70.19,0.7019,48.72,199,2999,43688,35,2,36,1,10,0,Uncurated genome,partial,Bacteria,Actinobacteria,Actinobacteria,unknown,unknown,unknown,unknown,1,NA,148,148_1,1.722889516,1.72790001,1.724052125,1.728910596,1.72476398,1.728037526,1.723901874,1.728282711,0.064833522,0.06468519,0.048311343,0.074025848,0.025714505,831,S,S1-18,2.375482461,0.016816507,d__Bacteria,p__Actinobacteriota,c__Thermoleophilia,o__Solirubrobacterales,f__Thermoleophilaceae,g__,s__
S2-18-all-fractions_metab_conc_30,S2-18-all-fractions_Actinobacteria_70_0,"Actinobacteria, Actinobacteria, Bacteria",NA,2859566,70.22,0.7022,0,175,3129,68622,44,12,40,12,10,1,Uncurated genome,partial,Bacteria,Actinobacteria,Actinobacteria,unknown,unknown,unknown,unknown,1,NA,148,148_1,1.722907823,1.727926905,1.724076979,1.728941562,1.724775731,1.728048285,1.723920178,1.728305584,0.064842568,0.064751997,0.048296388,0.074151979,0.025855591,832,S,S2-18,2.133992372,0.01703812,d__Bacteria,p__Actinobacteriota,c__Thermoleophilia,o__Solirubrobacterales,f__Thermoleophilaceae,g__,s__
S3-16-all-fractions_metab_25,S3-16-all-fractions_Actinobacteria_70_44,"Actinobacteria, Actinobacteria, Bacteria",NA,2955615,70.32,0.7032,43.6,292,3324,56302,38,2,37,3,10,1,Uncurated genome,partial,Bacteria,Actinobacteria,Actinobacteria,unknown,unknown,unknown,unknown,1,1,148,148_1,1.722983835,1.727993152,1.724136556,1.729015848,1.724830702,1.728121733,1.723983697,1.728376911,0.064889234,0.064864982,0.048567598,0.074004561,0.025436963,119,S,S3-16,4.270885896,0.022938615,d__Bacteria,p__Actinobacteriota,c__Thermoleophilia,o__Solirubrobacterales,f__Thermoleophilaceae,g__,s__
S2-16-all-fractions_metab_conc_7,S2-16-all-fractions_Acidobacteria_67_0,"Acidobacteria, Bacteria",NA,5354984,66.75,0.6675,0,247,4556,124600,41,5,43,4,11,0,Uncurated genome,near complete,Bacteria,Acidobacteria,unknown,unknown,unknown,unknown,unknown,1,1,273,273_1,1.718304483,1.723663469,1.72099109,1.72546552,1.721280954,1.724701052,1.720192176,1.724610014,0.065199131,0.065368587,0.050573507,0.079381408,0.028807901,13,S,S2-16,1.20672716,0.011813992,d__Bacteria,p__Acidobacteriota,c__Vicinamibacteria,o__Vicinamibacterales,f__2-12-FULL-66-21,g__2-12-FULL-66-21,s__
S2-18-all-fractions_metab_conc_13,S2-18-all-fractions_Bacteria_55_0,Bacteria,NA,6690428,55.31,0.5531,0,1020,6078,30346,23,2,27,6,12,2,Uncurated genome,partial,Bacteria,unknown,unknown,unknown,unknown,unknown,unknown,1,1,31,31_2,1.710244056,1.715357622,1.714772765,1.717725964,1.714134509,1.719207636,1.713050443,1.717430407,0.065233412,0.06506637,0.043827059,0.076089014,0.032261956,396,S,S2-18,1.065585609,0.008507798,d__Bacteria,p__Acidobacteriota,c__Blastocatellia,o__Pyrinomonadales,f__Pyrinomonadaceae,g__PSRF01,s__
S1-16-all-fractions_metab_44,S1-16-all-fractions_Actinobacteria_70_49,"Actinobacteria, Actinobacteria, Bacteria",NA,3075859,70.2,0.702,48.87,320,3468,60730,23,2,24,0,11,4,Uncurated genome,partial,Bacteria,Actinobacteria,Actinobacteria,unknown,unknown,unknown,unknown,1,NA,148,148_1,1.722911852,1.727993039,1.724071215,1.728998619,1.724775011,1.728095868,1.72391936,1.728362509,0.065313602,0.0656046,0.049009253,0.075069313,0.02606006,823,S,S1-16,3.612915247,0.025863655,d__Bacteria,p__Actinobacteriota,c__Thermoleophilia,o__Solirubrobacterales,f__Thermoleophilaceae,g__,s__
S1-16-all-fractions_metab_19,S1-16-all-fractions_Micrococcales_70_21,"Micrococcales, Actinobacteria, Actinobacteria, Bacteria",NA,5515310,70.37,0.7037,20.68,1793,6641,32503,27,5,28,12,11,8,Uncurated genome,partial,Bacteria,Actinobacteria,Actinobacteria,Micrococcales,unknown,unknown,unknown,1,1,191,191_0,1.722841276,1.727379981,1.724018915,1.729162622,1.724698025,1.728428295,1.723852739,1.728323633,0.065683726,0.066016998,0.055053979,0.075944406,0.020890427,95,S,S1-16,1.425217545,0.010202657,d__Bacteria,p__Actinobacteriota,c__Actinobacteria,o__Actinomycetales,f__Microbacteriaceae,g__Agromyces,s__
S1-18-all-fractions_conc_82,S1-18-all-fractions_Bacteria_55_14,Bacteria,NA,7073923,55.42,0.5542,13.64,928,6370,47129,34,5,39,7,13,2,Uncurated genome,partial,Bacteria,unknown,unknown,unknown,unknown,unknown,unknown,1,1,31,31_1,1.710289859,1.715403056,1.714862445,1.717951889,1.714212698,1.71932201,1.713121667,1.717558985,0.066162079,0.065915766,0.045846693,0.076081636,0.030234942,395,S,S1-18,1.39207402,0.009854765,d__Bacteria,p__Acidobacteriota,c__Blastocatellia,o__Pyrinomonadales,f__Pyrinomonadaceae,g__PSRF01,s__
S3-16-all-fractions_conc_66,S3-16-all-fractions_Bacteria_58_10,Bacteria,NA,4807550,58.38,0.5838,9.83,407,4179,63131,37,2,40,3,10,0,Uncurated genome,partial,Bacteria,unknown,unknown,unknown,unknown,unknown,unknown,1,1,70,70_0,1.712012128,1.717545879,1.716565172,1.720561795,1.715917319,1.719814925,1.71483154,1.719307533,0.066425352,0.06642716,0.057806844,0.082260335,0.02445349,394,S,S3-16,1.084412879,0.005824302,d__Bacteria,p__Acidobacteriota,c__Blastocatellia,o__Pyrinomonadales,f__Pyrinomonadaceae,g__PSRF01,s__
S2-16-all-fractions_metab_38,S2-16-all-fractions_Actinobacteria_71_0,"Actinobacteria, Actinobacteria, Bacteria",NA,4072723,71.45,0.7145,0,762,4699,39404,26,3,27,6,13,3,Uncurated genome,partial,Bacteria,Actinobacteria,Actinobacteria,unknown,unknown,unknown,unknown,1,1,178,178_0,1.722237968,1.727376149,1.723501318,1.728397447,1.724235256,1.727759178,1.723324847,1.727844258,0.066559729,0.066754993,0.052023416,0.075942573,0.023919157,106,S,S2-16,0.579219432,0.005670622,d__Bacteria,p__Actinobacteriota,c__Acidimicrobiia,o__IMCC26256,f__IMCC26256,g__,s__
S3-16-all-fractions_metab_conc_43,S3-16-all-fractions_Bacteria_63_9,Bacteria,NA,3234884,63.4,0.634,9.3,355,3321,43053,41,1,42,2,13,3,Uncurated genome,near complete,Bacteria,unknown,unknown,unknown,unknown,unknown,unknown,1,1,286,286_0,1.71672602,1.722266625,1.719855175,1.724495665,1.72000113,1.723484859,1.718860775,1.723415717,0.067461625,0.067445798,0.051549975,0.082142705,0.03059273,399,S,S3-16,1.09059617,0.005857512,d__Bacteria,p__Gemmatimonadota,c__Gemmatimonadetes,o__Gemmatimonadales,f__GWC2-71-9,g__,s__
S1-16-all-fractions_metab_12,S1-16-all-fractions_Actinobacteria_68_18,"Actinobacteria, Actinobacteria, Bacteria",NA,4742721,67.68,0.6768,17.82,421,4740,144250,42,2,44,4,13,1,Uncurated genome,near complete,Bacteria,Actinobacteria,Actinobacteria,unknown,unknown,unknown,unknown,1,1,175,175_0,1.71912391,1.72491264,1.721399381,1.72630358,1.721829367,1.725489777,1.720784219,1.725568666,0.070625377,0.070769804,0.054110599,0.085707506,0.031596907,98,S,S1-16,1.523082175,0.010903237,d__Bacteria,p__Actinobacteriota,c__Acidimicrobiia,o__Microtrichales,f__Ilumatobacteraceae,g__,s__
S1-16-all-fractions_metab_50,S1-16-all-fractions_Acidobacteria_64_30,"Acidobacteria, Bacteria",NA,8253553,64.48,0.6448,29.93,827,7763,94523,49,5,46,5,15,0,Uncurated genome,near complete,Bacteria,Acidobacteria,unknown,unknown,unknown,unknown,unknown,1,NA,274,274_1,1.716159254,1.722217321,1.719493779,1.723985915,1.719645593,1.72363413,1.718432876,1.723279122,0.071848649,0.071778318,0.05903303,0.089845603,0.030812574,459,S,S1-16,2.931440631,0.020985206,d__Bacteria,p__Acidobacteriota,c__Vicinamibacteria,o__Vicinamibacterales,f__2-12-FULL-66-21,g__2-12-FULL-66-21,s__
S3-16-all-fractions_metab_conc_62,S3-16-all-fractions_Acidobacteria_64_24,"Acidobacteria, Bacteria",NA,6694021,64.48,0.6448,24.45,366,5979,87122,50,2,47,3,14,0,Uncurated genome,near complete,Bacteria,Acidobacteria,unknown,unknown,unknown,unknown,unknown,1,NA,274,274_1,1.716134475,1.722324792,1.719448913,1.724015623,1.719615438,1.723720282,1.718399608,1.723353566,0.07337801,0.073375053,0.060755516,0.091808294,0.031052778,458,S,S3-16,3.347987978,0.017981798,d__Bacteria,p__Acidobacteriota,c__Vicinamibacteria,o__Vicinamibacterales,f__2-12-FULL-66-21,g__2-12-FULL-66-21,s__
S2-18-all-fractions_metab_conc_66,S2-18-all-fractions_Acidobacteria_65_0,"Acidobacteria, Bacteria",NA,6489105,64.5,0.645,0,382,5857,88344,49,7,47,5,14,0,Uncurated genome,near complete,Bacteria,Acidobacteria,unknown,unknown,unknown,unknown,unknown,1,NA,274,274_1,1.716152331,1.722344359,1.719466743,1.724027204,1.719639173,1.723747291,1.718419416,1.723372951,0.073586337,0.073367982,0.060803142,0.091832744,0.031029602,457,S,S2-18,3.290413131,0.02627116,d__Bacteria,p__Acidobacteriota,c__Vicinamibacteria,o__Vicinamibacterales,f__2-12-FULL-66-21,g__2-12-FULL-66-21,s__
S3-18-all-fractions_metab_conc_13,S3-18-all-fractions_Acidobacteria_65_24,"Acidobacteria, Bacteria",NA,5761866,64.51,0.6451,24.45,292,5079,103802,44,2,44,3,15,0,Uncurated genome,near complete,Bacteria,Acidobacteria,unknown,unknown,unknown,unknown,unknown,1,NA,274,274_1,1.716137895,1.722532614,1.719461711,1.7236546,1.719620285,1.723902032,1.71840663,1.723363082,0.073751429,0.073411741,0.062064238,0.094839632,0.032775394,455,S,S3-18,4.039056262,0.025911994,d__Bacteria,p__Acidobacteriota,c__Vicinamibacteria,o__Vicinamibacterales,f__2-12-FULL-66-21,g__2-12-FULL-66-21,s__
S1-18-all-fractions_metab_conc_44,S1-18-all-fractions_Acidobacteria_64_35,"Acidobacteria, Bacteria",NA,6274293,64.48,0.6448,35.33,404,5620,77079,45,3,43,1,13,1,Uncurated genome,near complete,Bacteria,Acidobacteria,unknown,unknown,unknown,unknown,unknown,1,NA,274,274_1,1.716124606,1.722401619,1.719454703,1.724051765,1.719628534,1.72379988,1.718402614,1.723417755,0.074642148,0.074281136,0.061739338,0.09309461,0.031355271,456,S,S1-18,3.333234929,0.023596625,d__Bacteria,p__Acidobacteriota,c__Vicinamibacteria,o__Vicinamibacterales,f__2-12-FULL-66-21,g__2-12-FULL-66-21,s__
S1-16-all-fractions_metab_31,S1-16-all-fractions_Micrococcales_71_33,"Micrococcales, Actinobacteria, Actinobacteria, Bacteria",NA,4010529,71.47,0.7147,33,447,4257,81100,52,20,50,23,14,3,Uncurated genome,megabin,Bacteria,Actinobacteria,Actinobacteria,Micrococcales,unknown,unknown,unknown,1,NA,206,206_1,1.723530877,1.729639276,1.724593753,1.730008361,1.725315155,1.729176177,1.724479928,1.729607938,0.075469148,0.075693736,0.056964342,0.090214752,0.033250409,786,S,S1-16,2.602008007,0.018626907,d__Bacteria,p__Actinobacteriota,c__Actinobacteria,o__Actinomycetales,f__Dermatophilaceae,g__GCA-2748155,s__
S2-18-all-fractions_metab_conc_62,S2-18-all-fractions_Micrococcales_72_0,"Micrococcales, Actinobacteria, Actinobacteria, Bacteria",NA,3099674,71.57,0.7157,0,184,3146,62576,35,0,39,1,11,0,Uncurated genome,partial,Bacteria,Actinobacteria,Actinobacteria,Micrococcales,unknown,unknown,unknown,1,NA,206,206_1,1.723624909,1.729755104,1.724657302,1.730094223,1.725400242,1.729288761,1.724560818,1.729712696,0.076195248,0.07604261,0.057367292,0.090531857,0.033164565,785,S,S2-18,2.037697972,0.016269291,d__Bacteria,p__Actinobacteriota,c__Actinobacteria,o__Actinomycetales,f__Dermatophilaceae,g__GCA-2748155,s__
S3-16-all-fractions_metab_conc_55,S3-16-all-fractions_Micrococcales_71_29,"Micrococcales, Actinobacteria, Actinobacteria, Bacteria",NA,3407233,71.37,0.7137,29.45,216,3448,51387,27,0,27,0,9,0,Uncurated genome,partial,Bacteria,Actinobacteria,Actinobacteria,Micrococcales,unknown,unknown,unknown,1,1,206,206_1,1.723491185,1.729674288,1.724538895,1.729979165,1.725269147,1.729161652,1.724433075,1.729605035,0.076365568,0.076344425,0.057430276,0.091320012,0.033889736,109,S,S3-16,3.123912175,0.016778303,d__Bacteria,p__Actinobacteriota,c__Actinobacteria,o__Actinomycetales,f__Dermatophilaceae,g__GCA-2748155,s__
S2-16-all-fractions_metab_conc_93,S2-16-all-fractions_Micrococcales_71_0,"Micrococcales, Actinobacteria, Actinobacteria, Bacteria",NA,3346891,71.27,0.7127,0,222,3391,73915,49,0,46,1,9,1,Uncurated genome,near complete,Bacteria,Actinobacteria,Actinobacteria,Micrococcales,unknown,unknown,unknown,1,NA,206,206_1,1.723417492,1.72963416,1.724486779,1.729932069,1.725205136,1.729131336,1.724369803,1.729565855,0.076472167,0.076702753,0.057929453,0.091819524,0.033890072,778,S,S2-16,1.736921659,0.017004655,d__Bacteria,p__Actinobacteriota,c__Actinobacteria,o__Actinomycetales,f__Dermatophilaceae,g__GCA-2748155,s__
S2-16-all-fractions_metab_conc_8,S2-16-all-fractions_Acidobacteria_65_0,"Acidobacteria, Bacteria",NA,5523530,64.56,0.6456,0,278,4850,101249,48,1,45,2,11,0,Uncurated genome,near complete,Bacteria,Acidobacteria,unknown,unknown,unknown,unknown,unknown,1,1,274,274_1,1.716197926,1.722656575,1.719497411,1.724203143,1.719672068,1.724031763,1.718455802,1.723630494,0.07654602,0.07664205,0.064525514,0.095784511,0.031258997,10,S,S2-16,1.635184031,0.016008632,d__Bacteria,p__Acidobacteriota,c__Vicinamibacteria,o__Vicinamibacterales,f__2-12-FULL-66-21,g__2-12-FULL-66-21,s__
S1-18-all-fractions_metab_conc_60,S1-18-all-fractions_Micrococcales_71_33,"Micrococcales, Actinobacteria, Actinobacteria, Bacteria",NA,3206011,71.47,0.7147,33.15,220,3289,59412,36,1,39,2,11,2,Uncurated genome,partial,Bacteria,Actinobacteria,Actinobacteria,Micrococcales,unknown,unknown,unknown,1,NA,206,206_1,1.72355772,1.729728606,1.724606984,1.73005594,1.725342348,1.729229049,1.72450235,1.729671198,0.076552028,0.076295552,0.05734231,0.091136211,0.033793901,783,S,S1-18,1.519285735,0.010755322,d__Bacteria,p__Actinobacteriota,c__Actinobacteria,o__Actinomycetales,f__Dermatophilaceae,g__GCA-2748155,s__
S2-18-all-fractions_metab_conc_23,S2-18-all-fractions_Proteobacteria_65_0,"Proteobacteria, Bacteria",NA,4745363,65.06,0.6506,0,263,4582,86787,33,1,36,0,11,0,Uncurated genome,partial,Bacteria,Proteobacteria,unknown,unknown,unknown,unknown,unknown,1,1,65,65_0,1.718225865,1.72540898,1.720796309,1.726023614,1.721149791,1.724752549,1.720057322,1.725395048,0.079293144,0.078983762,0.053277135,0.106403779,0.053126645,314,S,S2-18,1.110697553,0.008867978,d__Bacteria,p__Proteobacteria,c__Gammaproteobacteria,o__Steroidobacterales,f__Steroidobacteraceae,g__Steroidobacter,s__
S1-16-all-fractions_metab_51,S1-16-all-fractions_Propionibacteriales_71_26,"Propionibacteriales, Actinobacteria, Actinobacteria, Bacteria",NA,3629442,70.88,0.7088,26.1,204,3766,146807,26,2,25,3,11,2,Uncurated genome,partial,Bacteria,Actinobacteria,Actinobacteria,Propionibacteriales,unknown,unknown,unknown,1,1,207,207_0,1.723197685,1.729155329,1.724286004,1.730264308,1.724982877,1.729256919,1.724155522,1.729558852,0.079444043,0.079771947,0.063069466,0.088253878,0.025184412,99,S,S1-16,1.921025656,0.013751982,d__Bacteria,p__Actinobacteriota,c__Actinobacteria,o__Propionibacteriales,f__Nocardioidaceae,g__Nocardioides,s__
S2-18-all-fractions_metab_maxb_15,S2-18-all-fractions_Actinobacteria_74_0,"Actinobacteria, Actinobacteria, Bacteria",NA,3181321,73.87,0.7387,0,603,3784,27113,36,8,34,5,11,2,Uncurated genome,partial,Bacteria,Actinobacteria,Actinobacteria,unknown,unknown,unknown,unknown,1,1,180,180_0,1.724712759,1.730701122,1.725715971,1.732199585,1.726477422,1.730454794,1.725635384,1.7311185,0.080938804,0.080884339,0.058643693,0.095638738,0.036995045,94,S,S2-18,0.713995743,0.005700651,d__Bacteria,p__Actinobacteriota,c__Acidimicrobiia,o__,f__,g__,s__
S2-16-all-fractions_conc_83,S2-16-all-fractions_Sphingomodales_67_0,"Sphingomodales, Alphaproteobacteria, Proteobacteria, Bacteria",NA,3363689,66.62,0.6662,0,652,3832,38977,36,5,39,7,9,1,Uncurated genome,partial,Bacteria,Proteobacteria,Alphaproteobacteria,Sphingomounknowndales,unknown,unknown,unknown,1,1,233,233_0,1.718590541,1.725533776,1.721428927,1.727119672,1.721931567,1.727248458,1.720650345,1.726633969,0.088426645,0.088512987,0.078591799,0.102831178,0.024239378,312,S,S2-16,0.510096406,0.0049939,d__Bacteria,p__Proteobacteria,c__Alphaproteobacteria,o__Sphingomonadales,f__Sphingomonadaceae,g__Sphningosinicella,s__
S3-16-all-fractions_metab_conc_74,S3-16-all-fractions_Bacteria_53_11,Bacteria,NA,3873481,53.18,0.5318,10.67,551,3649,23730,28,0,31,3,9,1,Uncurated genome,partial,Bacteria,unknown,unknown,unknown,unknown,unknown,unknown,1,1,26,26_0,1.709098145,1.716782559,1.713939253,1.718828911,1.713083777,1.718957289,1.712040392,1.718189587,0.09137846,0.091399865,0.072597963,0.114415555,0.041817592,390,S,S3-16,0.869156467,0.004668176,d__Bacteria,p__Acidobacteriota,c__Blastocatellia,o__Pyrinomonadales,f__Pyrinomonadaceae,g__OLB17,s__
S1-18-all-fractions_metab_22,S1-18-all-fractions_Actinobacteria_69_21,"Actinobacteria, Actinobacteria, Bacteria",NA,4325643,69.04,0.6904,21.32,414,4521,114780,46,18,47,20,13,3,Uncurated genome,megabin,Bacteria,Actinobacteria,Actinobacteria,unknown,unknown,unknown,unknown,1,1,208,208_0,1.721649003,1.728897886,1.72304721,1.72947654,1.723703574,1.728686325,1.722799929,1.72902025,0.092170654,0.09190311,0.073579843,0.107171341,0.033591498,91,S,S1-18,0.927501884,0.006565968,d__Bacteria,p__Actinobacteriota,c__Actinobacteria,o__Propionibacteriales,f__Nocardioidaceae,g__,s__
S2-18-all-fractions_metab_conc_44,S2-18-all-fractions_Sphingomodales_63_0,"Sphingomodales, Alphaproteobacteria, Proteobacteria, Bacteria",NA,2332891,63.21,0.6321,0,119,2492,79913,25,3,27,4,10,0,Uncurated genome,partial,Bacteria,Proteobacteria,Alphaproteobacteria,Sphingomounknowndales,unknown,unknown,unknown,1,1,242,242_0,1.716087657,1.724439698,1.719467767,1.725695649,1.719638795,1.725683543,1.718398073,1.725272963,0.102090811,0.101824781,0.089464856,0.123869572,0.034404716,307,S,S2-18,1.312447319,0.010478779,d__Bacteria,p__Proteobacteria,c__Alphaproteobacteria,o__Sphingomonadales,f__Sphingomonadaceae,g__Sphingomonas_A,s__
S1-18-all-fractions_metab_88,S1-18-all-fractions_Solirubrobacterales_70_22,"Solirubrobacterales, Thermoleophilia, Actinobacteria, Bacteria",NA,1956208,70.07,0.7007,22.36,313,2343,36973,39,8,43,8,10,2,Uncurated genome,near complete,Bacteria,Actinobacteria,Thermoleophilia,Solirubrobacterales,unknown,unknown,unknown,1,1,139,139_0,1.722865174,1.731286543,1.724093659,1.731549304,1.724726374,1.730298253,1.723895069,1.7310447,0.105896018,0.105567986,0.082232005,0.124420194,0.042188189,82,S,S1-18,0.721149215,0.005105157,d__Bacteria,p__Actinobacteriota,c__Thermoleophilia,o__Solirubrobacterales,f__70-9,g__,s__
S1-16-all-fractions_metab_32,S1-16-all-fractions_Actinobacteria_70_17,"Actinobacteria, Actinobacteria, Bacteria",NA,7121156,70.27,0.7027,17.19,663,7136,105628,45,10,49,15,13,4,Uncurated genome,megabin,Bacteria,Actinobacteria,Actinobacteria,unknown,unknown,unknown,unknown,1,NA,196,196_1,1.722611115,1.731719006,1.723891541,1.731857295,1.724509067,1.730687514,1.723670574,1.731421272,0.114235985,0.114458311,0.091195767,0.134583376,0.04338761,614,S,S1-16,1.295583083,0.009274647,d__Bacteria,p__Actinobacteriota,c__Actinobacteria,o__Mycobacteriales,f__Cryptosporangiaceae,g__,s__
S1-16-all-fractions_maxb_47,S1-16-all-fractions_Chloroflexi_52_7,"Chloroflexi, Bacteria",NA,6082744,51.88,0.5188,7.12,1787,6738,39961,43,9,40,13,10,4,Uncurated genome,partial,Bacteria,Chloroflexi,unknown,unknown,unknown,unknown,unknown,1,1,10,10_4,1.711361734,1.718157304,1.71633947,1.71836632,1.717579206,1.731476011,1.71509347,1.722666545,0.115134653,0.112361286,0.030050425,0.20588771,0.175837285,231,S,S1-16,0.126711587,0.000907086,d__Bacteria,p__Chloroflexota,c__Ktedonobacteria,o__Ktedonobacterales,f__Ktedonobacteraceae,g__UBA11361,s__
S2-18-all-fractions_metab_31,S2-18-all-fractions_Conexibacter_woesei_73_0,"Conexibacter woesei, Conexibacter, Solirubrobacterales, Thermoleophilia, Actinobacteria, Bacteria",NA,2741939,72.66,0.7266,0,241,3007,61911,47,3,46,5,9,1,Uncurated genome,near complete,Bacteria,Actinobacteria,Thermoleophilia,Solirubrobacterales,Conexibacter,Conexibacterwoesei,Bacteria,1,NA,153,153_1,1.722950253,1.728318283,1.725815432,1.740831614,1.725853867,1.72930495,1.724873184,1.732818282,0.116619942,0.117251854,0.050901317,0.221484209,0.170582891,610,S,S2-18,0.75612943,0.006037053,d__Bacteria,p__Actinobacteriota,c__Thermoleophilia,o__Solirubrobacterales,f__Solirubrobacteraceae,g__Conexibacter,s__
S1-18-all-fractions_metab_conc_71,S1-18-all-fractions_Actinobacteria_70_23,"Actinobacteria, Actinobacteria, Bacteria",NA,5026427,70.28,0.7028,23.35,257,4915,83369,38,0,42,2,11,3,Uncurated genome,near complete,Bacteria,Actinobacteria,Actinobacteria,unknown,unknown,unknown,unknown,1,NA,196,196_1,1.722621793,1.731858496,1.723884087,1.731998485,1.724498977,1.730856414,1.723668286,1.731571132,0.117054326,0.116705337,0.09383827,0.13648595,0.04264768,611,S,S1-18,1.31448248,0.00930548,d__Bacteria,p__Actinobacteriota,c__Actinobacteria,o__Mycobacteriales,f__Cryptosporangiaceae,g__,s__
S3-18-all-fractions_metab_conc_47,S3-18-all-fractions_Actinobacteria_70_14,"Actinobacteria, Actinobacteria, Bacteria",NA,5935510,70.32,0.7032,14.08,314,5746,89152,34,1,37,5,12,4,Uncurated genome,partial,Bacteria,Actinobacteria,Actinobacteria,unknown,unknown,unknown,unknown,1,1,196,196_1,1.722665872,1.731907046,1.723933181,1.732470662,1.724557451,1.730859624,1.723718835,1.731745778,0.118733603,0.118534544,0.09301947,0.136548616,0.043529146,70,S,S3-18,1.133867605,0.007274167,d__Bacteria,p__Actinobacteriota,c__Actinobacteria,o__Mycobacteriales,f__Cryptosporangiaceae,g__,s__
S2-16-all-fractions_metab_conc_66,S2-16-all-fractions_Conexibacter_woesei_73_0,"Conexibacter woesei, Conexibacter, Solirubrobacterales, Thermoleophilia, Actinobacteria, Bacteria",NA,2746340,72.68,0.7268,0,140,2873,89351,28,0,29,3,10,0,Uncurated genome,partial,Bacteria,Actinobacteria,Thermoleophilia,Solirubrobacterales,Conexibacter,Conexibacterwoesei,Bacteria,1,1,153,153_1,1.723744823,1.729150148,1.725790912,1.740847717,1.725561495,1.730192957,1.72503241,1.733396941,0.122272765,0.123430376,0.068322761,0.222086606,0.153763845,69,S,S2-16,0.681927606,0.006676147,d__Bacteria,p__Actinobacteriota,c__Thermoleophilia,o__Solirubrobacterales,f__Solirubrobacteraceae,g__Conexibacter,s__
S2-16-all-fractions_metab_81,S2-16-all-fractions_Propionibacteriales_70_0,"Propionibacteriales, Actinobacteria, Actinobacteria, Bacteria",NA,4465658,69.63,0.6963,0,295,4656,93682,45,5,43,4,13,2,Uncurated genome,near complete,Bacteria,Actinobacteria,Actinobacteria,Propionibacteriales,unknown,unknown,unknown,1,NA,209,209_1,1.722277672,1.734866691,1.723561072,1.732094775,1.724198498,1.730531194,1.723345748,1.732497553,0.134755141,0.135173247,0.093488396,0.186056595,0.092568199,597,S,S2-16,2.638868639,0.025834815,d__Bacteria,p__Actinobacteriota,c__Actinobacteria,o__Propionibacteriales,f__Nocardioidaceae,g__Nocardioides,s__
S2-18-all-fractions_metab_27,S2-18-all-fractions_Solirubrobacterales_70_0,"Solirubrobacterales, Thermoleophilia, Actinobacteria, Bacteria",NA,2264300,69.63,0.6963,0,9,2304,607812,48,0,51,1,13,0,Uncurated genome,near complete,Bacteria,Actinobacteria,Thermoleophilia,Solirubrobacterales,unknown,unknown,unknown,1,1,132,132_1,1.718984692,1.72605426,1.724034156,1.732658147,1.722106278,1.733853497,1.721708375,1.730855301,0.134905501,0.13522966,0.104683263,0.173632694,0.068949431,56,S,S2-18,4.018329877,0.032082958,d__Bacteria,p__Actinobacteriota,c__Thermoleophilia,o__Solirubrobacterales,f__70-9,g__,s__
S3-16-all-fractions_metab_conc_76,S3-16-all-fractions_Propionibacteriales_70_51,"Propionibacteriales, Actinobacteria, Actinobacteria, Bacteria",NA,4163923,69.67,0.6967,51.36,220,4282,106517,42,1,43,1,12,0,Uncurated genome,near complete,Bacteria,Actinobacteria,Actinobacteria,Propionibacteriales,unknown,unknown,unknown,1,NA,209,209_1,1.722291072,1.73488245,1.723574769,1.732101754,1.724214005,1.730545533,1.723359949,1.732509912,0.135163502,0.135145022,0.093470396,0.186090149,0.092619753,598,S,S3-16,5.698702931,0.030607316,d__Bacteria,p__Actinobacteriota,c__Actinobacteria,o__Propionibacteriales,f__Nocardioidaceae,g__Nocardioides,s__
S1-16-all-fractions_metab_55,S1-16-all-fractions_Propionibacteriales_70_59,"Propionibacteriales, Actinobacteria, Actinobacteria, Bacteria",NA,4467836,69.61,0.6961,58.64,342,4712,69160,51,4,50,4,13,0,Uncurated genome,near complete,Bacteria,Actinobacteria,Actinobacteria,Propionibacteriales,unknown,unknown,unknown,1,NA,209,209_1,1.72224971,1.734864705,1.723545624,1.732079377,1.724179912,1.73051957,1.723325082,1.732487884,0.135344082,0.135337237,0.093592157,0.186443462,0.092851305,594,S,S1-16,4.937991637,0.035349435,d__Bacteria,p__Actinobacteriota,c__Actinobacteria,o__Propionibacteriales,f__Nocardioidaceae,g__Nocardioides,s__
S2-18-all-fractions_metab_conc_76,S2-18-all-fractions_Propionibacteriales_70_0,"Propionibacteriales, Actinobacteria, Actinobacteria, Bacteria",NA,4176058,69.66,0.6966,0,205,4295,138067,51,2,50,0,12,0,Uncurated genome,near complete,Bacteria,Actinobacteria,Actinobacteria,Propionibacteriales,unknown,unknown,unknown,1,NA,209,209_1,1.722282139,1.734895689,1.723572973,1.732106152,1.724210477,1.730546781,1.723355196,1.732516208,0.13589452,0.135308533,0.093541064,0.186418765,0.092877701,596,S,S2-18,1.943061939,0.015513703,d__Bacteria,p__Actinobacteriota,c__Actinobacteria,o__Propionibacteriales,f__Nocardioidaceae,g__Nocardioides,s__
S1-18-all-fractions_metab_conc_66,S1-18-all-fractions_Propionibacteriales_70_89,"Propionibacteriales, Actinobacteria, Actinobacteria, Bacteria",NA,4145944,69.68,0.6968,88.9,238,4296,68818,51,1,50,2,12,0,Uncurated genome,near complete,Bacteria,Actinobacteria,Actinobacteria,Propionibacteriales,unknown,unknown,unknown,1,NA,209,209_1,1.722297193,1.734914746,1.723577576,1.732111787,1.724221294,1.730548072,1.723365355,1.732524868,0.136240156,0.13528567,0.093399869,0.186476366,0.093076497,595,S,S1-18,2.784421609,0.019711468,d__Bacteria,p__Actinobacteriota,c__Actinobacteria,o__Propionibacteriales,f__Nocardioidaceae,g__Nocardioides,s__
S3-18-all-fractions_metab_conc_45,S3-18-all-fractions_Actinobacteria_69_24,"Actinobacteria, Actinobacteria, Bacteria",NA,2671780,69,0.69,24.45,140,2811,107761,45,4,50,8,14,1,Uncurated genome,near complete,Bacteria,Actinobacteria,Actinobacteria,unknown,unknown,unknown,unknown,1,NA,135,135_1,1.721686601,1.72970469,1.717564108,1.727942792,1.724035629,1.7333768,1.721095446,1.730341427,0.136423467,0.136741393,0.118541043,0.153808827,0.035267784,586,S,S3-18,2.856952427,0.018328374,d__Bacteria,p__Actinobacteriota,c__Thermoleophilia,o__Solirubrobacterales,f__70-9,g__,s__
S3-16-all-fractions_metab_58,S3-16-all-fractions_Actinobacteria_69_43,"Actinobacteria, Actinobacteria, Bacteria",NA,2749559,68.92,0.6892,42.99,44,2789,247177,48,0,51,4,14,1,Uncurated genome,near complete,Bacteria,Actinobacteria,Actinobacteria,unknown,unknown,unknown,unknown,1,1,135,135_1,1.721222693,1.729671957,1.718242272,1.728330022,1.723988931,1.733351694,1.721151299,1.730451224,0.137556166,0.137534559,0.124949137,0.149438092,0.024488955,58,S,S3-16,4.315680884,0.023179206,d__Bacteria,p__Actinobacteriota,c__Thermoleophilia,o__Solirubrobacterales,f__70-9,g__,s__
S3-18-all-fractions_metab_conc_70,S3-18-all-fractions_Propionibacteriales_70_41,"Propionibacteriales, Actinobacteria, Actinobacteria, Bacteria",NA,4356203,69.6,0.696,40.83,258,4516,113013,51,4,50,4,13,0,Uncurated genome,near complete,Bacteria,Actinobacteria,Actinobacteria,Propionibacteriales,unknown,unknown,unknown,1,1,209,209_1,1.722260422,1.734860669,1.72355372,1.732487533,1.724184252,1.730521079,1.723332798,1.732623094,0.137888904,0.137219731,0.093550122,0.186224322,0.092674199,63,S,S3-18,2.738942863,0.0175713,d__Bacteria,p__Actinobacteriota,c__Actinobacteria,o__Propionibacteriales,f__Nocardioidaceae,g__Nocardioides,s__
S2-16-all-fractions_metab_70,S2-16-all-fractions_Solirubrobacterales_70_0,"Solirubrobacterales, Thermoleophilia, Actinobacteria, Bacteria",NA,2265544,69.67,0.6967,0,12,2317,424409,48,0,51,1,13,0,Uncurated genome,near complete,Bacteria,Actinobacteria,Thermoleophilia,Solirubrobacterales,unknown,unknown,unknown,1,NA,132,132_1,1.721113057,1.727618147,1.724053129,1.732682056,1.723639005,1.736499795,1.722935063,1.732266666,0.13850166,0.137861806,0.09620565,0.189923176,0.093717526,575,S,S2-16,4.477749354,0.04383766,d__Bacteria,p__Actinobacteriota,c__Thermoleophilia,o__Solirubrobacterales,f__70-9,g__,s__
S1-18-all-fractions_metab_40,S1-18-all-fractions_Actinobacteria_68_9,"Actinobacteria, Actinobacteria, Bacteria",NA,2694660,67.83,0.6783,9.25,584,3223,26519,43,9,50,12,13,4,Uncurated genome,megabin,Bacteria,Actinobacteria,Actinobacteria,unknown,unknown,unknown,unknown,1,1,140,140_0,1.72102443,1.732177168,1.722659912,1.732136092,1.723181326,1.731259553,1.722288556,1.731857604,0.141849173,0.141418634,0.119324295,0.164944664,0.045620369,62,S,S1-18,0.298351319,0.002112088,d__Bacteria,p__Actinobacteriota,c__Thermoleophilia,o__Solirubrobacterales,f__70-9,g__,s__
S1-16-all-fractions_metab_39,S1-16-all-fractions_Solirubrobacterales_69_32,"Solirubrobacterales, Thermoleophilia, Actinobacteria, Bacteria",NA,2496363,68.53,0.6853,32.29,81,2608,252894,46,0,51,3,13,0,Uncurated genome,near complete,Bacteria,Actinobacteria,Thermoleophilia,Solirubrobacterales,unknown,unknown,unknown,1,NA,133,133_1,1.721702881,1.736627962,1.722729135,1.731055439,1.723879407,1.72944488,1.722770475,1.732376094,0.142082441,0.141920978,0.08217578,0.220651628,0.138475848,604,S,S1-16,2.510084185,0.017968855,d__Bacteria,p__Actinobacteriota,c__Thermoleophilia,o__Solirubrobacterales,f__70-9,g__,s__
S2-16-all-fractions_metab_conc_25,S2-16-all-fractions_Actinobacteria_71_0,"Actinobacteria, Actinobacteria, Bacteria",NA,3428809,70.95,0.7095,0,215,3601,71855,20,0,22,0,11,0,Uncurated genome,partial,Bacteria,Actinobacteria,Actinobacteria,unknown,unknown,unknown,unknown,1,1,81,81_0,1.722252877,1.733917879,1.723526486,1.733187325,1.724189339,1.732064913,1.723322901,1.733056706,0.143471815,0.14377442,0.116268716,0.172406459,0.056137743,59,S,S2-16,0.671896716,0.006577943,d__Bacteria,p__Actinobacteriota,c__Acidimicrobiia,o__Microtrichales,f__UBA8139,g__,s__
S1-16-all-fractions_metab_40,S1-16-all-fractions_Actinobacteria_69_12,"Actinobacteria, Actinobacteria, Bacteria",NA,3928336,68.97,0.6897,11.65,536,4508,49388,35,6,39,8,11,3,Uncurated genome,partial,Bacteria,Actinobacteria,Actinobacteria,unknown,unknown,unknown,unknown,1,NA,146,146_1,1.72170419,1.737518318,1.723240119,1.731410966,1.723642168,1.730535495,1.722862159,1.733154926,0.152621515,0.152066439,0.101796661,0.233796746,0.132000085,588,S,S1-16,0.847831005,0.006069339,d__Bacteria,p__Actinobacteriota,c__Thermoleophilia,o__Solirubrobacterales,f__Thermoleophilaceae,g__,s__
S1-18-all-fractions_metab_38,S1-18-all-fractions_Solirubrobacterales_69_55,"Solirubrobacterales, Thermoleophilia, Actinobacteria, Bacteria",NA,2474069,68.58,0.6858,55.34,39,2525,291816,46,0,51,2,13,0,Uncurated genome,near complete,Bacteria,Actinobacteria,Thermoleophilia,Solirubrobacterales,unknown,unknown,unknown,1,1,133,133_1,1.721732436,1.736681942,1.722385608,1.731468418,1.723116118,1.730199533,1.722411387,1.732783298,0.154555794,0.153274846,0.104635038,0.22100913,0.116374092,57,S,S1-18,2.244112888,0.015886516,d__Bacteria,p__Actinobacteriota,c__Thermoleophilia,o__Solirubrobacterales,f__70-9,g__,s__
S1-18-all-fractions_metab_conc_72,S1-18-all-fractions_Actinobacteria_69_18,"Actinobacteria, Actinobacteria, Bacteria",NA,3533582,68.92,0.6892,17.69,92,3672,178753,35,0,39,1,11,0,Uncurated genome,partial,Bacteria,Actinobacteria,Actinobacteria,unknown,unknown,unknown,unknown,1,1,146,146_1,1.721651892,1.737728274,1.722856321,1.731577011,1.722779761,1.730763928,1.722429325,1.733356404,0.162952844,0.161478292,0.117964496,0.237680982,0.119716486,55,S,S1-18,0.446398844,0.003160145,d__Bacteria,p__Actinobacteriota,c__Thermoleophilia,o__Solirubrobacterales,f__Thermoleophilaceae,g__,s__
S1-16-all-fractions_metab_64,S1-16-all-fractions_Burkholderiales_69_10,"Burkholderiales, Betaproteobacteria, Proteobacteria, Bacteria",NA,5733440,69.39,0.6939,10.14,1563,6617,22281,24,6,25,8,11,1,Uncurated genome,partial,Bacteria,Proteobacteria,Betaproteobacteria,Burkholderiales,unknown,unknown,unknown,1,1,250,250_0,1.721948716,1.738078545,1.723444062,1.73385889,1.724033561,1.733253514,1.723142113,1.735063649,0.176472045,0.176102631,0.136124941,0.23843184,0.102306898,282,S,S1-16,0.576148544,0.004124455,d__Bacteria,p__Proteobacteria,c__Gammaproteobacteria,o__Burkholderiales,f__Burkholderiaceae,g__,s__
S2-16-all-fractions_conc_23,S2-16-all-fractions_Arthrobacter_63_0,"Arthrobacter, Micrococcales, Actinobacteria, Actinobacteria, Bacteria",NA,3368242,62.56,0.6256,0,791,3673,22372,45,3,46,5,12,1,Uncurated genome,near complete,Bacteria,Actinobacteria,Actinobacteria,Micrococcales,Arthrobacter,unknown,unknown,1,1,28,28_3,1.714942172,1.740916255,1.718655757,1.726607122,1.718679988,1.727684471,1.717425972,1.731735949,0.211715552,0.212064434,0.117749678,0.385476296,0.267726618,52,S,S2-16,0.433454015,0.004243563,d__Bacteria,p__Actinobacteriota,c__Actinobacteria,o__Actinomycetales,f__Micrococcaceae,g__,s__
S1-16-all-fractions_metab_57,S1-16-all-fractions_Arthrobacter_63_7,"Arthrobacter, Micrococcales, Actinobacteria, Actinobacteria, Bacteria",NA,3031505,62.92,0.6292,7.2,701,3352,24371,23,0,26,1,11,4,Uncurated genome,partial,Bacteria,Actinobacteria,Actinobacteria,Micrococcales,Arthrobacter,unknown,unknown,1,1,28,28_4,1.715029758,1.741088795,1.718758902,1.726698328,1.718819732,1.727764703,1.717536131,1.731850609,0.214237357,0.212118771,0.117566504,0.386719588,0.269153084,51,S,S1-16,0.608200362,0.004353904,d__Bacteria,p__Actinobacteriota,c__Actinobacteria,o__Actinomycetales,f__Micrococcaceae,g__,s__
S1-18-all-fractions_metab_maxbC_34,S1-18-all-fractions_Arthrobacter_62_34,"Arthrobacter, Micrococcales, Actinobacteria, Actinobacteria, Bacteria",NA,3825685,62.29,0.6229,34.24,493,3960,38561,42,4,43,3,12,1,Uncurated genome,near complete,Bacteria,Actinobacteria,Actinobacteria,Micrococcales,Arthrobacter,unknown,unknown,1,1,28,28_1,1.714695897,1.740893646,1.718515961,1.726459406,1.718535384,1.727602377,1.717249081,1.73165181,0.216942516,0.213460022,0.117641457,0.388849837,0.27120838,50,S,S1-18,1.523617752,0.010785989,d__Bacteria,p__Actinobacteriota,c__Actinobacteria,o__Actinomycetales,f__Micrococcaceae,g__,s__
S3-16-all-fractions_conc_45,S3-16-all-fractions_Arthrobacter_62_8,"Arthrobacter, Micrococcales, Actinobacteria, Actinobacteria, Bacteria",NA,3934633,62.37,0.6237,7.83,746,4259,25255,45,3,46,4,11,2,Uncurated genome,near complete,Bacteria,Actinobacteria,Actinobacteria,Micrococcales,Arthrobacter,unknown,unknown,1,1,28,28_2,1.71478388,1.740841578,1.718537912,1.727178261,1.718588974,1.727826825,1.717303589,1.731948888,0.216995908,0.217048503,0.127961055,0.386751735,0.25879068,49,S,S3-16,0.876615791,0.004708239,d__Bacteria,p__Actinobacteriota,c__Actinobacteria,o__Actinomycetales,f__Micrococcaceae,g__,s__
S1-16-all-fractions_metab_52,S1-16-all-fractions_Nocardioides_71_29,"Nocardioides, Propionibacteriales, Actinobacteria, Actinobacteria, Bacteria",NA,4598808,71.25,0.7125,29.14,724,5049,36254,42,4,42,10,14,2,Uncurated genome,near complete,Bacteria,Actinobacteria,Actinobacteria,Propionibacteriales,Nocardioides,unknown,unknown,1,1,210,210_3,1.723286638,1.742846655,1.724412798,1.739921116,1.725149303,1.736888119,1.724282913,1.739885297,0.230032029,0.230329817,0.173206964,0.288921222,0.115714258,47,S,S1-16,2.119802041,0.015174956,d__Bacteria,p__Actinobacteriota,c__Actinobacteria,o__Propionibacteriales,f__Nocardioidaceae,g__Nocardioides,s__
S2-16-all-fractions_conc_65,S2-16-all-fractions_Nocardioides_71_0,"Nocardioides, Propionibacteriales, Actinobacteria, Actinobacteria, Bacteria",NA,4476926,71.31,0.7131,0,685,4894,29869,51,3,50,11,14,2,Uncurated genome,megabin,Bacteria,Actinobacteria,Actinobacteria,Propionibacteriales,Nocardioides,unknown,unknown,1,1,210,210_5,1.723288323,1.742901906,1.72440344,1.740010311,1.725139791,1.736934014,1.724277185,1.739948744,0.230713912,0.231351988,0.174025605,0.289712407,0.115686801,44,S,S2-16,1.211193078,0.011857714,d__Bacteria,p__Actinobacteriota,c__Actinobacteria,o__Propionibacteriales,f__Nocardioidaceae,g__Nocardioides,s__
S3-16-all-fractions_metab_conc_63,S3-16-all-fractions_Nocardioides_71_28,"Nocardioides, Propionibacteriales, Actinobacteria, Actinobacteria, Bacteria",NA,4253349,71.38,0.7138,28.36,588,4632,43518,48,2,47,6,14,1,Uncurated genome,near complete,Bacteria,Actinobacteria,Actinobacteria,Propionibacteriales,Nocardioides,unknown,unknown,1,1,210,210_1,1.723314873,1.742939253,1.724437746,1.74001612,1.72517263,1.736962575,1.724308416,1.739972649,0.231283059,0.231239913,0.173959372,0.289867765,0.115908393,45,S,S3-16,2.688867122,0.014441708,d__Bacteria,p__Actinobacteriota,c__Actinobacteria,o__Propionibacteriales,f__Nocardioidaceae,g__Nocardioides,s__
S2-18-all-fractions_metab_conc_68,S2-18-all-fractions_Nocardioides_71_0,"Nocardioides, Propionibacteriales, Actinobacteria, Actinobacteria, Bacteria",NA,4330523,71.39,0.7139,0,556,4645,36916,31,2,33,4,13,3,Uncurated genome,partial,Bacteria,Actinobacteria,Actinobacteria,Propionibacteriales,Nocardioides,unknown,unknown,1,1,210,210_4,1.723340708,1.74296003,1.724458881,1.740047301,1.725190762,1.736942154,1.724330117,1.739983162,0.231725831,0.231071881,0.173388727,0.289788757,0.116400029,46,S,S2-18,0.624805774,0.004988544,d__Bacteria,p__Actinobacteriota,c__Actinobacteria,o__Propionibacteriales,f__Nocardioidaceae,g__Nocardioides,s__
S1-18-all-fractions_metab_conc_83,S1-18-all-fractions_Nocardioides_71_76,"Nocardioides, Propionibacteriales, Actinobacteria, Actinobacteria, Bacteria",NA,4131359,71.26,0.7126,75.68,717,4615,31852,26,1,29,3,11,1,Uncurated genome,partial,Bacteria,Actinobacteria,Actinobacteria,Propionibacteriales,Nocardioides,unknown,unknown,1,1,210,210_6,1.723278503,1.74291497,1.724408293,1.740024963,1.725146327,1.736919742,1.724277708,1.739953225,0.232474702,0.231410188,0.173717804,0.290051876,0.116334072,43,S,S1-18,1.546320187,0.010946704,d__Bacteria,p__Actinobacteriota,c__Actinobacteria,o__Propionibacteriales,f__Nocardioidaceae,g__Nocardioides,s__
S3-18-all-fractions_conc_82,S3-18-all-fractions_Nocardioides_71_28,"Nocardioides, Propionibacteriales, Actinobacteria, Actinobacteria, Bacteria",NA,4498972,71.24,0.7124,27.65,608,4865,47676,51,7,50,9,14,1,Uncurated genome,near complete,Bacteria,Actinobacteria,Actinobacteria,Propionibacteriales,Nocardioides,unknown,unknown,1,1,210,210_2,1.72328575,1.742909192,1.724405785,1.740777884,1.725137143,1.736910505,1.724276226,1.740199194,0.235749342,0.235063299,0.173717887,0.289858164,0.116140277,42,S,S3-18,1.503596292,0.009646109,d__Bacteria,p__Actinobacteriota,c__Actinobacteria,o__Propionibacteriales,f__Nocardioidaceae,g__Nocardioides,s__