id,Resource Acquisition:Substrate uptake:aromatic acid transport,Resource Acquisition:Substrate uptake:biopolymer transport,Resource Acquisition:Substrate uptake:carbohydrate transport:amino sugar transport,Resource Acquisition:Substrate uptake:carbohydrate transport:carbohydrate acid transport,Resource Acquisition:Substrate uptake:carbohydrate transport:carbohydrate derivative transport:glycoside transport,Resource Acquisition:Substrate uptake:carbohydrate transport:carbohydrate phosphate transport,Resource Acquisition:Substrate uptake:carbohydrate transport:monosaccharide transport,Resource Acquisition:Substrate uptake:carbohydrate transport:oligosaccharide transport,Resource Acquisition:Substrate uptake:carbohydrate transport:oligosaccharide transport:disaccharide transport,Resource Acquisition:Substrate uptake:carbohydrate transport:oligosaccharide transport:tetrasaccharide transport,Resource Acquisition:Substrate uptake:carbohydrate transport:oligosaccharide transport:trisaccharide transport,Resource Acquisition:Substrate uptake:carbohydrate transport:polysaccharide transport,Resource Acquisition:Substrate uptake:carbohydrate transport:sugar alcohol transport,Resource Acquisition:Substrate uptake:carboxylate transport:dicarboxylate transport,Resource Acquisition:Substrate uptake:carboxylate transport:monocarboxylate transport,Resource Acquisition:Substrate uptake:carboxylate transport:tricarboxylate transport,Resource Acquisition:Substrate uptake:free amino acids transport,Resource Acquisition:Substrate uptake:ion transport:inorganic ion transport,Resource Acquisition:Substrate uptake:ion transport:metal ion transport,Resource Acquisition:Substrate uptake:lipid transport,Resource Acquisition:Substrate uptake:lipid transport:cell membrane lipid transport,Resource Acquisition:Substrate uptake:lipid transport:lipid precursor transport,Resource Acquisition:Substrate uptake:N compound transport:amide transport,Resource Acquisition:Substrate uptake:N compound transport:ammonium transport,Resource Acquisition:Substrate uptake:N compound transport:nitrate transport,Resource Acquisition:Substrate uptake:N compound transport:nitrite transport,Resource Acquisition:Substrate uptake:N compound transport:nitrogen transport,Resource Acquisition:Substrate uptake:N compound transport:urea transport,Resource Acquisition:Substrate uptake:N compound transport:uric acid transport,Resource Acquisition:Substrate uptake:nucleic acid component transport:nucleobase transport,Resource Acquisition:Substrate uptake:nucleic acid component transport:nucleoside transport,Resource Acquisition:Substrate uptake:nucleic acid component transport:nucleotide transport,Resource Acquisition:Substrate uptake:nucleic acid component transport:ribonucleoside transport,Resource Acquisition:Substrate uptake:organophosphorus compound transport,Resource Acquisition:Substrate uptake:osmolyte transport,Resource Acquisition:Substrate uptake:other transport,Resource Acquisition:Substrate uptake:peptide transport,Resource Acquisition:Substrate uptake:S compound transport,Resource Acquisition:Substrate uptake:secondary metabolite transport:siderophore-based transport,Resource Acquisition:Substrate uptake:vitamin transport:vitamin B transport,Resource Acquisition:Substrate uptake:vitamin transport:vitamin C transport,Resource Acquisition:Substrate degradation:complex carbohydrate depolymerization:cellulose breakdown,Resource Acquisition:Substrate degradation:complex carbohydrate depolymerization:chitin breakdown,Resource Acquisition:Substrate degradation:complex carbohydrate depolymerization:heteromannan breakdown,Resource Acquisition:Substrate degradation:complex carbohydrate depolymerization:mixed linkage glucan breakdown,Resource Acquisition:Substrate degradation:complex carbohydrate depolymerization:xylan and heteroxylan breakdown,Resource Acquisition:Substrate degradation:complex carbohydrate depolymerization:xyloglucan breakdown,Resource Acquisition:Substrate degradation:simple compound degradation:protein degradation,Resource Acquisition:Substrate degradation:simple compound degradation:carbohydrate degradation:ED pathway,Resource Acquisition:Substrate degradation:simple compound degradation:carbohydrate degradation:EMP pathway,Resource Acquisition:Substrate degradation:simple compound degradation:carbohydrate degradation:fructose degradation,Resource Acquisition:Substrate degradation:simple compound degradation:carbohydrate degradation:fucose degradation,Resource Acquisition:Substrate degradation:simple compound degradation:carbohydrate degradation:maltose degradation,Resource Acquisition:Substrate degradation:simple compound degradation:carbohydrate degradation:galactose degradation,Resource Acquisition:Substrate degradation:simple compound degradation:carbohydrate degradation:mannose degradation,Resource Acquisition:Substrate degradation:simple compound degradation:carbohydrate degradation:trehalose degradation,Resource Acquisition:Substrate degradation:simple compound degradation:sugar acid degradation:galacturonate degradation,Resource Acquisition:Substrate degradation:simple compound degradation:sugar acid degradation:glucuronate degradation,Resource Acquisition:Substrate degradation:simple compound degradation:alcohol degradation:glycerol degradation,Resource Acquisition:Substrate degradation:simple compound degradation:phenol degradation:resorcinol degradation,Resource Acquisition:Substrate assimilation:C1 compounds:CO2 fixation:Calvin Cycle,Resource Acquisition:Substrate assimilation:C1 compounds:CO2 fixation:3-hydroxypropionate pathway,Resource Acquisition:Substrate assimilation:C1 compounds:CO2 fixation:3-hydroxypropionate/4-hydroxybutyrate pathway,Resource Acquisition:Substrate assimilation:C1 compounds:CO2 fixation:dicarboxylate-hydroxybutyrate pathway,Resource Acquisition:Substrate assimilation:C1 compounds:CO2 fixation:reductive acetyl-CoA pathway,Resource Acquisition:Substrate assimilation:C1 compounds:CO2 fixation:reductive citric acid pathway,Resource Acquisition:Substrate assimilation:C1 compounds:CO2 fixation:carboxysome,Resource Acquisition:Substrate assimilation:C1 compounds:methanotrophy:formaldehyde oxidation pathway,Resource Acquisition:Substrate assimilation:C1 compounds:methanotrophy:methane oxidation pathway,Resource Acquisition:Substrate assimilation:C1 compounds:methanotrophy:methanol oxidation pathway,Resource Acquisition:Substrate assimilation:C1 compounds:methanotrophy:formaldehyde assimilation with serine pathway,Resource Acquisition:Substrate assimilation:C1 compounds:methanotrophy:formaldehyde assimilation with RuMP pathway,Resource Acquisition:Substrate assimilation:C1 compounds:methanotrophy:PHB cycle,Resource Acquisition:Substrate assimilation:C1 compounds:methanotrophy:H4MPT pathway,Resource Acquisition:Substrate assimilation:C1 compounds:methanotrophy:H4F pathway,Resource Acquisition:Substrate assimilation:N compounds:assimilatory nitrate reduction,Resource Acquisition:Substrate assimilation:N compounds:nitrogen fixation,Resource Acquisition:Substrate assimilation:N compounds:ammonia assimilation to aspartate,Resource Acquisition:Substrate assimilation:N compounds:ammonia assimilation to glutamate,Resource Acquisition:Substrate assimilation:N compounds:ammonia assimilation to glutamine,Resource Acquisition:Substrate assimilation:S compounds:assimilatory sulfate reduction,Resource Acquisition:Substrate assimilation:P compounds:phytase,Resource Acquisition:Substrate assimilation:P compounds:phosphatase,Resource Use:Chemotrophy:chemoorganoheterotrophy:fermentation of pyruvate to acetone,Resource Use:Chemotrophy:chemoorganoheterotrophy:fermentation of pyruvate to lactate and ethanol,Resource Use:Chemotrophy:chemoorganoheterotrophy:fermentation of pyruvate to alcohols,Resource Use:Chemotrophy:chemoorganoheterotrophy:fermentation of pyruvate to SCFAs,Resource Use:Chemotrophy:chemoorganoheterotrophy:fermentation of pyruvate to butylene glycol,Resource Use:Chemotrophy:chemoorganoheterotrophy:fermentation of pyruvate to isobutanol,Resource Use:Chemotrophy:chemoorganoheterotrophy:fermentation of acetylene to acetate,Resource Use:Chemotrophy:chemoorganoheterotrophy:fermentation of acetylene to acetate and ethanol,Resource Use:Chemotrophy:chemoorganoheterotrophy:aerobic respiration:oxidative pentose phosphate pathway,Resource Use:Chemotrophy:chemoorganoheterotrophy:aerobic respiration:nonoxidative pentose phosphate pathway,Resource Use:Chemotrophy:chemoorganoheterotrophy:aerobic respiration:glyoxylate cycle,Resource Use:Chemotrophy:chemoorganoheterotrophy:aerobic respiration:TCA cycle,Resource Use:Chemotrophy:chemoorganoheterotrophy:aerobic respiration:electron transport chain: ETC complex I,Resource Use:Chemotrophy:chemoorganoheterotrophy:aerobic respiration:electron transport chain: ETC complex II,Resource Use:Chemotrophy:chemoorganoheterotrophy:aerobic respiration:electron transport chain: ETC complex III,Resource Use:Chemotrophy:chemoorganoheterotrophy:aerobic respiration:electron transport chain: ETC complex IV,Resource Use:Chemotrophy:chemolithoheterotrophy:anaerobic respiration:N (denitrification):denitrification to nitrite,Resource Use:Chemotrophy:chemolithoheterotrophy:anaerobic respiration:N (denitrification):denitrification to nitric oxide,Resource Use:Chemotrophy:chemolithoheterotrophy:anaerobic respiration:N (denitrification):denitrification to nitrous oxide,Resource Use:Chemotrophy:chemolithoheterotrophy:anaerobic respiration:N (denitrification):denitrification to nitrogen,Resource Use:Chemotrophy:chemolithoheterotrophy:anaerobic respiration:S as terminal electron acceptor:sulfur,Resource Use:Chemotrophy:chemolithoheterotrophy:anaerobic respiration:S as terminal electron acceptor:sulfate,Resource Use:Chemotrophy:chemolithoheterotrophy:anaerobic respiration:S as terminal electron acceptor:sulfite,Resource Use:Chemotrophy:chemolithoheterotrophy:anaerobic respiration:S as terminal electron acceptor:DMSO,Resource Use:Chemotrophy:chemolithoheterotrophy:anaerobic respiration:S as terminal electron acceptor:DMSP,Resource Use:Chemotrophy:chemolithoheterotrophy:anaerobic respiration:S as terminal electron acceptor:thiosulfate,Resource Use:Chemotrophy:chemolithoheterotrophy:anaerobic respiration:S as terminal electron acceptor:tetrathionate,Resource Use:Chemotrophy:chemolithoheterotrophy:anaerobic respiration:Fe as terminal electron acceptor:ferric ion,Resource Use:Chemotrophy:chemolithoheterotrophy:anaerobic respiration:As as terminal electron acceptor:arsenate,Resource Use:Chemotrophy:chemolithoheterotrophy:anaerobic respiration:Se as terminal electron acceptor:selenate,Resource Use:Chemotrophy:chemolithoheterotrophy:anaerobic respiration:hydrogenotrophic methanogenesis,Resource Use:Chemotrophy:chemolithoheterotrophy:anaerobic respiration:acetoclastic methanogenesis,Resource Use:Chemotrophy:chemolithoheterotrophy:anaerobic respiration:methylotrophic methanogenesis:from methanethiol,Resource Use:Chemotrophy:chemolithoheterotrophy:anaerobic respiration:methylotrophic methanogenesis:from methanol,Resource Use:Chemotrophy:chemolithoheterotrophy:anaerobic respiration:methylotrophic methanogenesis:from TMAO,Resource Use:Chemotrophy:chemolithoheterotrophy:anaerobic respiration:methylotrophic methanogenesis:from monomethylamine,Resource Use:Chemotrophy:chemolithoheterotrophy:anaerobic respiration:methylotrophic methanogenesis:from dimethylamine,Resource Use:Chemotrophy:chemolithoheterotrophy:anaerobic respiration:methylotrophic methanogenesis:from trimethylamine,Resource Use:Chemotrophy:chemolithoautotrophy:anaerobic ammonia oxidation,Resource Use:Chemotrophy:chemolithoautotrophy:aerobic ammonia oxidation,Resource Use:Chemotrophy:chemolithoautotrophy:nitrite oxidation,Resource Use:Chemotrophy:chemolithoautotrophy:sulfide oxidation,Resource Use:Chemotrophy:chemolithoautotrophy:sulfur oxidation,Resource Use:Chemotrophy:chemolithoautotrophy:sulfite oxidation,Resource Use:Chemotrophy:chemolithoautotrophy:thiosulfate oxidation,Resource Use:Chemotrophy:chemolithoautotrophy:iron oxidation,Resource Use:Chemotrophy:chemolithoautotrophy:hydrogenotrophy from H2/CO2,Resource Use:Phototrophy:photosystem:oxygenic:oxygenic photosystem I,Resource Use:Phototrophy:photosystem:oxygenic:oxygenic photosystem II,Resource Use:Phototrophy:photosystem:oxygenic:cytochrome b6f complex,Resource Use:Phototrophy:photosystem:oxygenic:photosynthetic electron transport,Resource Use:Phototrophy:photosystem:anoxygenic:anoxygenic photosystem I,Resource Use:Phototrophy:photosystem:anoxygenic:anoxygenic photosystem II,Resource Use:Phototrophy:pigments:core:chlorophyll a,Resource Use:Phototrophy:pigments:core:anoxygenic:bacteriochlorophyll a,Resource Use:Phototrophy:pigments:core:anoxygenic:bacteriochlorophyll b,Resource Use:Phototrophy:pigments:core:anoxygenic:bacteriochlorophyll c,Resource Use:Phototrophy:pigments:core:anoxygenic:bacteriochlorophyll d,Resource Use:Phototrophy:pigments:core:anoxygenic:bacteriochlorophyll e,Resource Use:Phototrophy:pigments:core:anoxygenic:bacteriochlorophyll g,Resource Use:Phototrophy:pigments:accessory:carotenoid:carotene:neurosporene,Resource Use:Phototrophy:pigments:accessory:carotenoid:carotene:lycopene,Resource Use:Phototrophy:pigments:accessory:carotenoid:carotene:gammacarotene,Resource Use:Phototrophy:pigments:accessory:carotenoid:carotene:chlorobactene,Resource Use:Phototrophy:pigments:accessory:carotenoid:carotene:betacarotene,Resource Use:Phototrophy:pigments:accessory:carotenoid:carotene:betaisorenieratene,Resource Use:Phototrophy:pigments:accessory:carotenoid:carotene:isorenieratene,Resource Use:Phototrophy:pigments:accessory:carotenoid:carotene:diaponeurosporene,Resource Use:Phototrophy:pigments:accessory:carotenoid:xanthophyll:okenone,Resource Use:Phototrophy:pigments:accessory:carotenoid:xanthophyll:spirilloxanthin,Resource Use:Phototrophy:pigments:accessory:carotenoid:xanthophyll:spheroidenone,Resource Use:Phototrophy:pigments:accessory:carotenoid:xanthophyll:OH-spheroidenone,Resource Use:Phototrophy:pigments:accessory:phycobiliprotein:allophycocyanin,Resource Use:Phototrophy:pigments:accessory:phycobiliprotein:phycocyanin,Resource Use:Phototrophy:pigments:accessory:phycobiliprotein:phycoerythrocyanin,Resource Use:Phototrophy:pigments:accessory:phycobiliprotein:phycoerythrin,Resource Use:Phototrophy:pigments:accessory:phycobiliprotein:chlorophyll a/b binding light-harvesting protein,Stress Tolerance:General:scavenging of reactive oxygen species:ROS scavenging enzymes,Stress Tolerance:General:biofilm formation:EPS biosynthesis/export,"Stress Tolerance:General:protection, repair, degradation of denatured/misfolded proteins:heat shock proteins","Stress Tolerance:General:protection, repair, degradation of denatured/misfolded proteins:ATP-dependent proteases","Stress Tolerance:Specific:temperature:high:protection, repair, degradation of denatured/misfolded proteins:heat shock proteins","Stress Tolerance:Specific:temperature:high:protection, repair, degradation of denatured/misfolded proteins:ATP-dependent proteases",Stress Tolerance:Specific:temperature:high:heat-induced transcriptional regulation:heat induced transcription factor,Stress Tolerance:Specific:temperature:low:membrane stabilization:fatty acid desaturase,Stress Tolerance:Specific:temperature:low:destabilization of secondary structures in mRNAs:mRNA chaperone,Stress Tolerance:Specific:temperature:low:destabilization of secondary structures in mRNAs:mRNA stabilization,Stress Tolerance:Specific:temperature:low:destabilization of secondary structures in mRNAs:RNA degradation,Stress Tolerance:Specific:temperature:low:cold-sensing machinery:cold sensing two-component system,Stress Tolerance:Specific:desiccation/osmotic/salt stress:accumulation of compatible solutes:transport of compatible solutes,Stress Tolerance:Specific:desiccation/osmotic/salt stress:accumulation of compatible solutes:synthesis of compatible solutes,Stress Tolerance:Specific:desiccation/osmotic/salt stress:enhancement of microenvironment:EPS biosynthesis/export,"Stress Tolerance:Specific:desiccation/osmotic/salt stress:osmotic sensing:two-component systems, osmotic sensors salt/potassium sensors","Stress Tolerance:Specific:pH stress:protection, repair, degradation of denatured/misfolded proteins:periplasmic acid resistance protein","Stress Tolerance:Specific:pH stress:protection, repair, degradation of denatured/misfolded proteins:ATP-dependent proteases",Stress Tolerance:Specific:pH stress:membrane stabilization:cyclopropane fatty acid (CFA) synthase,Stress Tolerance:Specific:pH stress:redox sensing:redox sensing two component systems,Stress Tolerance:Specific:pH stress:redox sensing:redox sensitive transcription factor,Stress Tolerance:Specific:pH stress:consumption of excessive cytoplasmic protons:urease system,Stress Tolerance:Specific:pH stress:consumption of excessive cytoplasmic protons:decarboxylase and antiporter systems,Stress Tolerance:Specific:oxidative stress:scavenging of reactive oxygen species:ROS scavenging enzymes,Stress Tolerance:Specific:oxidative stress:redox sensing:redox sensing two component systems,Stress Tolerance:Specific:oxygen limitation:redox sensing:redox sensing two component systems,Stress Tolerance:Specific:oxygen limitation:oxygen sensing:oxygen sensing two component systems,Stress Tolerance:Specific:envelope stress:misfolded protein/secretion stress sensing:misfolded proteins/secretion stress two component systems,Stress Tolerance:Specific:envelope stress:phage resistance:phage-shock system,mingentime,ogt
H1-16-all-fractions_conc_50,1,3,0,1,0,0,8,1,2,0,0,3,0,6,2,2,8,5,8,4,1,0,1,1,1,1,1,1,0,1,1,1,0,2,2,0,1,2,1,4,0,5,4,2,4,12,6,39,1,0,1,0,0,1,0,0,1,0,0,0,0,0,0,0,0,0,0,0,0,0,1,0,1,0,0,0,0,0,1,1,1,0,1,0,0,0,1,0,0,0,0,0,1,0,0,0,0,1,1,1,0,0,0,0,0,0,0,0,0,0,0,0,0,0,0,0,0,0,0,0,0,0,0,1,0,0,0,0,0,0,0,0,0,0,0,0,0,0,0,0,0,0,0,0,0,0,0,0,0,0,0,0,0,0,0,0,0,0,0,0,1,3,2,2,2,2,1,0,1,1,1,1,2,1,3,0,0,2,1,1,1,1,2,3,1,1,0,2,0,0.718078092,28.69214636
H1-16-all-fractions_conc_93,0,0,1,0,0,0,3,0,1,0,0,2,1,2,2,0,3,5,7,0,0,1,0,1,0,0,0,0,0,2,0,1,0,3,0,0,1,0,0,2,0,4,3,1,2,12,6,32,0,0,1,0,1,0,1,0,0,0,0,0,0,0,0,0,0,0,0,1,0,0,1,0,1,0,1,0,0,0,1,1,1,0,1,0,0,0,1,0,0,0,0,1,1,0,0,0,1,0,0,0,0,0,0,0,0,0,0,0,0,0,0,0,0,0,0,0,0,0,0,0,0,0,0,0,0,0,0,0,0,0,0,0,0,0,0,0,0,0,0,0,0,0,0,1,1,0,0,0,0,0,0,0,0,0,0,0,0,0,0,0,1,3,5,2,5,2,1,0,0,1,0,0,1,2,3,0,0,2,1,0,1,1,2,2,0,0,0,0,1,18.04626651,34.75062436
H1-16-all-fractions_metab_31,0,0,0,0,1,0,1,0,2,1,1,3,0,1,2,0,9,4,2,0,0,0,0,0,0,0,0,1,0,1,1,0,0,1,3,0,2,0,0,3,1,2,3,1,1,4,0,20,0,1,1,0,1,0,1,1,0,0,0,0,0,0,0,0,0,0,0,0,0,0,1,0,0,0,0,0,0,0,1,1,1,0,0,0,1,0,0,0,0,0,0,1,1,0,0,0,0,1,1,1,0,0,0,0,0,0,0,0,0,0,0,0,0,0,0,0,0,0,0,0,0,0,0,1,0,0,0,0,0,0,0,0,0,0,0,0,0,0,0,0,0,0,0,0,0,0,0,0,0,0,0,0,0,0,0,0,0,0,0,0,1,2,5,1,5,1,1,0,0,0,1,1,2,4,2,0,0,1,1,0,1,1,1,2,0,0,0,0,1,1.107008992,33.56041331
H1-16-all-fractions_metab_48,0,0,0,0,0,0,1,0,0,0,0,0,0,1,0,0,1,3,4,1,0,0,0,1,0,0,0,0,0,0,0,0,0,1,0,0,0,1,0,1,0,2,2,2,2,3,0,19,0,1,1,0,0,0,0,0,0,0,0,0,0,0,0,0,0,0,0,0,0,0,1,0,0,0,0,0,0,0,1,1,0,0,1,0,0,0,0,0,0,0,0,1,1,0,0,0,0,0,1,0,0,0,0,0,0,0,0,0,0,0,0,0,0,0,0,0,0,0,0,0,0,0,0,0,0,0,0,0,0,0,0,0,0,0,0,0,0,0,0,0,0,0,0,0,0,0,0,0,0,0,0,0,0,0,0,0,0,0,0,0,0,1,4,2,4,2,1,0,1,1,1,0,0,1,1,0,0,2,1,0,0,0,1,1,0,0,0,0,0,20.62410907,35.79342878
H1-16-all-fractions_metab_74,0,3,0,0,0,0,0,0,0,0,0,1,0,1,0,0,3,1,4,2,0,0,0,0,0,0,1,0,0,0,2,0,0,0,0,0,1,0,1,1,0,2,4,1,1,5,0,22,0,0,0,0,0,0,0,0,0,0,0,0,0,0,0,0,0,0,0,0,0,1,1,0,1,0,0,0,0,0,1,1,0,0,0,0,0,0,0,0,0,0,0,0,1,0,0,0,0,0,0,0,0,0,0,0,0,0,0,0,0,0,0,0,0,0,0,0,0,0,0,0,0,0,0,0,0,0,0,0,0,0,0,0,0,0,0,0,0,0,0,0,0,0,0,0,0,0,0,0,0,0,0,0,0,0,0,0,0,0,0,0,1,2,4,2,4,2,1,0,1,0,1,0,0,2,2,0,0,2,1,0,1,0,2,1,0,0,0,0,1,5.271567626,32.26154929
H1-16-all-fractions_metab_conc_1,0,0,0,0,0,0,2,0,2,0,0,0,1,0,0,0,2,6,3,1,0,1,0,1,0,0,0,0,0,0,1,0,0,0,1,0,0,1,0,1,0,3,2,2,2,6,2,23,0,1,1,0,0,0,0,1,0,0,0,0,0,0,0,0,0,0,0,0,0,0,1,0,0,0,0,0,0,0,1,1,0,0,1,0,0,0,1,0,0,0,0,1,0,0,0,0,0,1,1,0,0,0,0,0,0,0,0,0,0,0,0,0,0,0,0,0,0,0,0,0,0,0,0,0,0,0,0,0,0,0,0,0,0,0,0,0,0,0,0,0,0,0,0,0,0,0,0,0,0,0,0,0,0,0,0,0,0,0,0,0,1,1,3,1,3,1,1,1,1,1,1,1,0,1,1,0,0,1,1,0,0,0,1,2,0,0,0,0,1,8.589060951,35.68344813
H1-16-all-fractions_metab_conc_12,0,0,0,0,0,0,3,0,3,1,1,2,1,2,2,0,3,3,4,1,0,1,0,1,0,0,0,0,0,0,1,0,0,1,1,0,0,1,1,1,0,4,2,2,3,7,3,21,0,0,1,0,0,0,1,1,0,0,0,0,0,0,0,0,0,0,0,1,0,0,1,0,0,0,0,0,0,0,1,1,0,0,1,0,0,0,0,0,0,0,0,1,1,0,0,0,0,1,1,0,0,0,0,0,0,0,0,0,0,0,0,0,0,0,0,0,0,0,0,0,0,0,0,0,0,0,0,0,0,0,0,0,0,0,0,0,0,0,0,0,0,0,0,0,0,0,0,0,0,0,0,0,0,0,0,0,0,0,0,0,1,2,5,2,5,2,1,1,1,1,1,0,1,1,2,0,0,2,1,0,1,0,4,2,0,0,0,0,1,6.739460248,35.26573933
H1-16-all-fractions_metab_conc_2,0,3,0,0,0,0,5,0,2,1,1,2,1,4,1,2,9,4,10,1,0,1,1,1,0,0,0,0,0,0,1,1,0,4,1,0,0,2,1,5,0,2,2,1,2,4,1,29,0,0,1,0,1,0,1,1,0,0,0,0,1,0,0,0,0,0,0,1,0,0,1,0,1,0,0,0,0,1,1,1,1,0,1,1,0,0,1,0,0,0,0,0,0,0,0,0,0,0,1,0,0,0,0,0,0,0,0,0,0,0,0,0,0,0,0,0,0,0,0,0,0,0,0,0,0,0,0,0,0,0,0,0,0,0,0,0,0,0,0,0,0,0,0,0,0,0,0,0,0,0,0,0,0,0,0,0,0,0,0,0,2,3,5,1,5,1,1,0,1,1,1,0,2,2,3,0,0,1,1,1,1,1,2,3,1,1,0,0,0,6.526734184,30.62322077
H1-16-all-fractions_metab_conc_20,0,2,0,0,0,0,1,0,1,0,0,2,0,2,0,0,2,3,6,2,0,0,0,1,0,0,0,0,0,0,1,0,0,2,0,0,1,1,0,3,0,2,2,1,1,5,1,29,0,1,0,0,1,0,0,0,0,0,0,0,0,0,0,0,0,0,0,0,0,1,1,0,0,1,1,0,0,0,1,1,0,0,0,0,0,0,0,0,0,0,0,0,0,0,0,0,0,0,1,0,0,0,0,0,0,0,0,0,0,0,0,0,0,1,0,0,0,0,0,0,0,0,0,0,0,0,0,0,0,1,0,0,0,0,0,0,0,0,0,0,0,0,0,0,0,0,0,0,0,0,0,0,0,0,0,0,0,0,0,0,0,1,3,2,3,2,1,0,1,1,0,0,1,0,1,0,0,2,1,0,0,0,3,1,0,0,0,0,1,9.463625905,34.59723186
H1-16-all-fractions_metab_conc_21,0,0,0,0,0,0,0,0,0,0,0,0,0,1,1,0,3,4,3,1,0,0,0,1,0,0,0,0,0,0,0,0,0,1,0,0,0,1,0,1,0,2,2,1,1,5,0,20,0,1,1,0,0,0,0,0,0,0,0,0,0,0,0,0,0,0,0,0,0,0,1,0,0,0,0,0,0,0,1,1,0,0,0,0,0,0,0,0,0,0,0,1,0,0,0,0,0,1,0,0,0,0,0,0,0,0,0,0,0,0,0,0,0,0,0,0,0,0,0,0,0,0,0,0,0,0,0,0,0,0,0,0,0,0,0,0,0,0,0,0,0,0,0,0,0,0,0,0,0,0,0,0,0,0,0,0,0,0,0,0,1,1,3,2,3,2,1,1,1,1,1,0,0,1,1,0,0,2,1,0,1,0,0,2,0,0,0,0,0,11.07760901,36.81966882
H1-16-all-fractions_metab_conc_28,0,0,0,0,0,0,2,0,0,0,0,2,0,2,2,0,2,6,5,1,0,1,0,1,0,0,0,0,0,0,1,0,0,1,0,0,0,1,0,1,0,2,3,2,2,7,1,19,0,1,1,0,0,0,1,1,0,0,0,0,0,0,0,0,0,0,0,1,0,0,1,0,0,0,0,0,0,0,1,1,0,0,1,0,0,0,0,0,0,0,0,1,1,0,0,0,0,1,1,0,0,0,0,0,0,0,0,0,0,0,0,0,0,0,0,0,0,0,0,0,0,0,0,0,0,0,0,0,0,0,0,0,0,0,0,0,0,0,0,0,0,0,0,0,0,0,0,0,0,0,0,0,0,0,0,0,0,0,0,0,1,2,5,2,5,2,1,1,1,1,2,0,0,0,2,0,0,2,1,0,1,0,1,2,0,0,0,0,0,7.461894179,38.09834095
H1-16-all-fractions_metab_conc_37,0,0,0,0,0,0,0,0,1,1,1,1,0,3,1,0,3,5,3,0,0,0,0,1,0,0,0,0,0,0,0,0,0,1,0,0,0,1,0,3,0,3,3,1,2,6,1,27,0,1,0,0,0,0,1,1,0,0,0,0,0,0,0,0,0,0,0,0,0,0,1,0,0,0,0,0,0,0,1,1,0,0,1,0,0,0,0,0,0,0,0,1,1,0,0,0,0,1,1,0,0,0,0,0,0,0,0,0,0,0,0,0,0,0,0,0,0,0,0,0,1,0,0,0,0,0,0,0,0,0,0,0,0,0,0,0,0,0,0,0,0,0,0,0,0,0,0,0,0,0,0,0,0,0,0,0,0,0,0,0,0,0,5,2,5,2,0,0,1,0,1,1,1,1,0,0,0,2,1,0,1,1,2,1,0,0,0,0,1,13.35399351,34.86154212
H1-16-all-fractions_metab_conc_39,0,0,0,0,0,0,3,0,0,0,0,3,1,2,2,0,6,6,11,1,0,0,0,1,0,0,0,1,0,0,0,1,0,1,1,0,1,0,1,1,0,1,3,0,0,3,0,28,0,1,1,0,1,0,1,1,0,0,0,0,1,0,0,0,0,0,0,1,0,0,1,0,1,0,0,0,0,0,1,1,1,0,0,0,0,0,1,0,0,0,0,1,1,0,0,0,0,1,1,1,0,0,0,0,0,0,0,0,0,0,0,0,0,0,0,0,0,0,0,0,0,0,0,1,0,0,0,0,0,0,0,0,0,0,0,0,0,0,0,0,0,0,0,1,1,1,1,1,1,1,0,1,0,0,0,0,0,0,0,0,2,0,5,2,5,2,1,0,1,1,1,1,2,3,0,0,0,2,1,0,1,1,1,3,0,0,0,0,1,8.151370035,35.10932538
H1-16-all-fractions_metab_conc_42,0,0,1,0,0,0,4,0,2,1,1,2,1,2,2,0,4,5,5,0,0,1,0,1,0,0,0,0,0,0,0,1,0,2,0,0,1,0,0,2,0,4,4,1,2,11,5,30,0,0,1,0,1,0,1,0,0,0,0,0,0,0,0,0,0,0,0,0,0,0,1,0,1,0,1,0,0,0,1,1,0,0,1,0,0,1,0,0,0,0,0,1,1,0,0,0,1,0,1,0,0,0,0,0,0,0,0,0,0,0,0,0,0,0,0,0,0,0,0,0,0,0,0,0,0,0,0,0,0,0,0,0,0,0,0,0,0,0,0,0,0,0,0,0,0,0,0,0,0,0,0,0,0,0,0,0,0,0,0,0,1,2,5,2,5,2,1,0,0,1,0,0,1,2,2,0,0,2,1,0,1,0,2,2,0,0,0,0,1,17.86148423,36.54930624
H1-16-all-fractions_metab_conc_51,0,0,1,1,0,0,4,0,1,1,1,2,0,2,2,0,6,3,7,1,0,1,0,1,0,0,0,0,0,1,1,1,0,1,0,0,0,0,0,1,0,3,2,2,3,7,4,22,0,0,1,0,1,1,1,1,0,0,0,0,0,0,0,0,0,0,0,1,0,0,1,0,1,0,0,0,0,1,1,1,1,0,1,0,0,0,0,0,0,0,0,1,0,0,0,0,0,1,0,0,0,0,0,0,0,0,0,0,0,0,0,0,0,0,0,0,0,0,0,0,0,0,0,0,0,0,0,0,0,0,0,0,0,0,0,0,0,0,0,0,0,0,0,1,1,1,0,1,0,0,0,0,0,0,0,0,0,0,0,0,0,1,3,1,3,1,1,0,1,1,0,1,1,3,1,0,0,1,1,1,0,0,1,0,1,1,0,0,1,3.73066915,41.68222482
H1-16-all-fractions_metab_conc_57,0,0,0,0,0,0,1,0,0,0,0,1,0,1,1,0,2,7,3,1,0,0,0,1,0,0,0,0,0,0,0,0,0,1,0,0,1,1,0,1,0,2,3,1,1,3,1,25,0,1,1,0,0,0,0,1,0,0,0,0,0,0,0,0,0,0,0,0,0,0,1,0,0,0,0,0,0,0,1,1,0,0,0,0,0,1,1,0,0,0,0,1,1,0,0,0,0,1,1,0,0,0,0,0,0,0,0,0,0,0,0,0,0,0,0,0,0,0,0,0,0,0,0,0,0,0,0,0,0,0,0,0,0,0,0,0,0,0,0,0,0,0,0,0,0,0,0,0,0,0,0,0,0,0,0,0,0,0,0,0,1,0,4,2,4,2,1,0,1,1,1,0,0,2,0,0,0,2,1,0,0,0,1,2,0,0,0,0,1,8.584872802,40.16585717
H1-16-all-fractions_metab_conc_6,0,3,0,0,0,0,1,1,0,0,0,3,0,3,1,0,7,2,6,2,0,0,1,0,0,0,0,0,0,0,1,1,0,2,1,0,1,1,0,2,0,3,2,2,2,8,2,33,0,1,0,0,1,0,0,1,0,0,0,0,0,0,0,0,0,0,0,0,0,1,1,0,0,0,0,0,0,1,1,1,0,0,0,0,0,0,1,0,0,0,0,1,1,0,0,0,0,0,1,0,0,0,0,0,0,0,0,0,0,0,0,0,0,0,0,0,0,0,0,0,0,0,0,0,0,0,0,0,0,0,0,0,0,0,0,0,0,0,0,0,0,0,0,0,0,0,0,0,0,0,0,0,0,0,0,0,0,0,0,0,0,3,5,2,5,2,1,1,1,1,2,1,2,2,3,0,0,2,1,0,0,0,3,1,0,0,0,0,1,8.651096908,35.95296649
H1-16-all-fractions_metab_conc_65,0,2,0,0,0,0,3,0,1,0,0,1,0,1,1,0,3,2,4,1,0,0,0,1,0,0,0,0,0,0,1,1,0,1,0,0,1,1,1,2,0,5,4,2,4,10,6,33,0,0,0,0,1,1,1,1,0,0,0,0,0,0,0,0,0,0,1,0,0,1,1,0,0,0,0,0,0,1,1,1,1,0,1,0,1,1,1,0,0,0,0,1,1,0,0,0,0,0,1,0,0,0,0,0,0,0,0,0,0,0,0,0,0,1,0,0,0,0,0,0,0,0,0,0,1,0,0,0,0,1,0,0,0,0,0,0,0,0,0,0,0,0,0,0,0,0,0,0,0,0,0,0,0,0,0,0,0,0,0,0,0,3,5,2,5,2,1,0,1,1,0,1,1,1,3,0,0,2,0,0,1,1,4,1,0,0,0,2,1,11.422852,35.24608878
H1-16-all-fractions_metab_conc_68,0,0,0,0,0,0,6,0,3,1,1,2,3,2,3,0,5,3,7,0,0,1,0,1,0,0,0,1,0,1,0,1,0,4,0,0,0,0,0,3,0,5,4,1,3,9,5,27,0,0,1,0,1,0,0,0,0,0,1,0,0,0,0,0,0,0,0,1,0,0,1,0,0,0,1,0,0,0,1,1,0,0,1,0,0,1,1,0,0,0,0,1,1,0,0,0,1,0,1,0,0,0,0,0,0,0,0,0,0,0,0,0,0,0,0,0,0,0,0,0,0,0,0,0,0,0,0,0,0,0,0,0,0,0,0,0,0,0,0,0,0,0,0,0,0,0,0,0,0,0,0,0,0,0,0,0,0,0,0,0,0,2,5,2,5,2,1,0,0,1,0,1,0,0,2,0,0,2,1,0,1,0,2,1,0,0,0,0,1,14.029076,36.08976953
H1-16-all-fractions_metab_conc_94,1,0,0,0,0,0,2,0,0,0,0,2,0,1,1,0,5,5,6,1,1,0,0,1,0,0,0,1,0,0,1,0,0,1,0,0,0,2,1,2,0,2,1,1,2,1,2,20,0,0,1,0,1,0,1,1,0,0,0,0,0,0,0,0,0,0,0,0,0,0,1,0,1,0,0,1,0,0,1,1,1,0,0,0,0,0,1,0,0,0,0,1,1,0,0,0,0,1,0,0,0,0,0,0,0,0,0,0,0,0,0,0,0,0,0,0,0,0,0,0,0,0,0,0,0,0,0,0,0,0,0,0,0,0,0,0,0,0,0,0,0,0,0,0,0,0,0,0,0,0,0,0,0,0,0,0,0,0,0,0,2,1,4,1,4,1,1,0,1,1,1,1,1,3,1,0,0,1,1,1,0,1,0,2,1,1,0,0,1,3.118811965,31.22266765
H1-16-all-fractions_metab_conc_99,0,3,0,0,0,0,4,0,2,0,0,1,1,2,0,1,8,4,7,2,0,1,0,1,0,0,1,1,0,1,0,1,0,4,1,0,0,1,0,3,0,3,2,1,2,5,5,26,0,0,0,0,1,0,0,1,0,0,0,0,0,0,0,0,0,0,0,0,0,1,1,0,1,0,0,0,0,1,1,1,0,0,1,0,0,0,1,0,0,0,0,1,0,0,0,1,1,1,1,0,0,0,0,0,0,0,0,0,0,0,0,0,0,0,0,0,0,0,0,0,0,0,0,0,0,0,1,0,0,0,0,0,0,0,0,0,0,0,0,0,0,0,0,0,0,0,0,0,0,0,0,0,0,0,0,0,0,0,0,0,2,3,5,2,5,2,1,1,1,1,1,0,1,2,3,0,0,2,1,1,0,1,1,3,1,1,0,0,0,19.08184402,33.57976016
H1-16-all-fractions_metab_maxb_54,0,0,0,0,0,0,5,0,1,0,0,2,2,1,2,0,4,5,5,0,0,0,0,1,0,0,0,0,0,0,1,1,0,0,1,0,0,1,1,2,0,3,2,1,2,5,1,25,0,1,1,0,1,0,1,1,0,0,0,0,0,0,0,0,0,0,0,1,0,0,1,0,1,0,0,0,0,1,1,1,0,0,1,0,0,0,1,0,0,0,0,1,1,0,0,0,0,1,0,0,0,0,0,0,0,0,0,0,0,0,0,0,0,0,0,0,0,0,0,0,0,0,0,0,0,0,0,0,0,0,0,0,0,0,0,0,0,0,0,0,0,0,0,1,1,1,0,1,0,0,0,0,0,0,0,0,0,0,0,0,0,0,3,0,3,0,1,0,0,1,0,1,2,3,0,0,0,0,0,1,0,0,1,0,1,1,0,0,1,7.51568332,41.25436783
H1-18-all-fractions_conc_108,0,3,0,0,0,0,1,1,0,0,0,3,0,2,1,0,5,2,6,2,0,0,1,0,0,0,0,0,0,0,1,1,0,2,1,0,1,1,0,2,0,3,2,2,2,8,2,33,0,0,0,0,1,0,0,1,0,0,0,0,0,0,0,0,0,0,0,0,0,1,1,0,0,0,0,0,0,1,1,1,0,0,0,0,0,0,1,0,0,0,0,1,1,0,0,0,0,0,1,0,0,0,0,0,0,0,0,0,0,0,0,0,0,0,0,0,0,0,0,0,0,0,0,0,0,0,0,0,0,0,0,0,0,0,0,1,0,0,0,0,0,0,0,0,0,0,0,0,0,0,0,0,0,0,0,0,0,0,0,0,1,3,4,2,4,2,1,1,1,1,1,1,2,2,3,0,0,2,1,0,0,0,2,2,0,0,0,0,1,11.8458446,36.64212931
H1-18-all-fractions_conc_118,0,3,0,1,0,0,0,0,1,0,0,2,0,2,0,0,8,4,5,2,0,0,0,1,0,0,1,1,0,0,0,0,0,1,1,0,1,1,0,2,0,6,2,1,2,7,2,27,0,0,1,0,1,0,0,0,0,0,0,0,0,0,0,0,0,0,0,0,0,0,1,0,1,0,0,0,0,1,1,1,0,0,0,0,0,0,1,0,0,0,0,1,1,0,0,0,0,0,0,0,0,0,0,0,0,0,0,0,0,0,0,0,0,0,0,0,0,0,0,0,0,0,0,0,0,0,0,0,0,0,0,0,0,0,0,0,0,0,0,0,0,0,0,0,0,0,0,0,0,0,0,0,0,0,0,0,0,0,0,0,1,3,5,2,5,2,1,0,1,1,1,1,1,1,3,0,0,2,0,1,0,1,3,2,1,1,0,0,1,4.001467519,37.30969025
H1-18-all-fractions_conc_122,0,0,0,1,0,0,1,0,3,0,0,2,0,2,1,0,3,7,8,1,0,0,0,1,0,0,0,0,0,0,0,0,0,1,1,0,0,1,0,1,0,3,2,1,2,8,3,21,0,0,0,0,0,0,0,1,0,0,0,0,0,0,0,0,0,0,0,0,0,0,1,0,0,0,0,0,0,0,1,1,0,0,0,0,0,0,1,0,0,0,0,0,0,1,0,0,1,1,0,0,0,0,0,0,0,0,0,0,0,0,0,0,0,0,0,0,0,0,0,0,1,0,0,0,0,0,0,0,0,0,0,0,0,0,0,0,0,0,0,0,0,0,0,0,0,0,0,0,0,0,0,0,0,0,0,0,0,0,0,0,0,2,3,1,3,1,1,0,1,1,0,0,1,2,2,0,0,1,0,1,1,0,2,1,1,1,0,0,0,6.405431167,34.77191717
H1-18-all-fractions_conc_125,0,0,1,1,0,0,5,0,6,1,1,3,0,4,2,1,8,5,8,1,0,1,1,1,0,0,0,0,0,1,1,1,0,1,2,0,2,0,1,2,0,8,5,3,4,12,7,37,0,0,1,0,1,1,1,1,0,0,0,0,0,0,0,0,0,0,0,0,0,0,1,0,1,0,0,1,0,1,1,1,1,0,1,0,0,0,1,0,0,0,0,1,1,0,0,0,0,1,0,0,0,0,0,0,0,0,0,0,0,0,0,0,0,0,0,0,0,0,0,0,0,0,0,0,0,0,0,0,0,0,0,0,0,0,0,0,0,0,0,0,0,0,0,1,1,1,0,1,0,0,0,0,0,0,0,0,0,0,0,0,1,1,4,2,4,2,1,0,1,1,0,1,1,2,1,0,0,2,1,1,1,1,1,1,1,1,0,0,1,4.727727783,29.84101549
H1-18-all-fractions_conc_24,0,3,0,1,0,0,3,0,2,0,0,2,0,3,1,0,5,4,5,2,0,1,1,1,0,0,0,0,0,0,0,1,0,2,1,0,1,0,1,3,0,3,4,1,3,6,2,31,0,0,1,0,1,1,0,1,1,0,0,0,0,0,0,0,0,0,0,1,0,1,1,0,0,0,0,0,0,0,1,1,0,0,0,0,1,0,0,0,0,0,0,0,1,0,0,0,0,0,1,0,0,0,0,0,0,0,0,0,0,0,0,0,0,0,0,0,0,0,0,0,0,0,0,0,0,0,0,0,0,0,0,0,0,0,0,0,0,0,0,0,0,0,0,0,0,0,0,0,0,0,0,0,0,0,0,0,0,0,0,0,0,2,4,2,4,2,1,0,1,1,1,0,1,0,2,0,0,2,0,0,0,0,4,1,0,0,0,0,1,4.437995665,33.88511687
H1-18-all-fractions_conc_3,0,3,0,0,0,0,0,0,2,0,0,1,0,3,0,0,5,4,7,1,0,0,1,1,0,0,0,0,0,0,1,1,0,2,1,0,1,1,0,3,0,2,3,1,1,4,1,32,0,1,0,0,1,0,0,1,0,0,0,0,0,0,0,0,0,0,0,1,0,1,1,0,0,1,1,0,0,0,1,1,0,0,0,0,0,0,0,0,0,0,0,1,1,0,0,0,0,0,1,0,0,0,0,0,0,0,0,0,0,0,0,0,0,1,0,0,0,0,0,0,0,0,0,0,0,0,0,0,0,1,0,0,0,0,0,0,0,0,0,0,0,0,0,0,0,0,0,0,0,0,0,0,0,0,0,0,0,0,0,0,0,1,4,2,4,2,1,0,1,1,0,0,2,2,1,0,0,2,1,0,0,0,4,1,0,0,0,0,1,8.33625275,33.56143226
H1-18-all-fractions_conc_32,0,2,0,0,0,0,1,0,1,0,0,2,0,0,0,0,3,2,6,1,0,0,0,1,0,0,0,0,0,0,0,1,0,2,1,0,2,0,0,1,0,3,4,1,3,6,2,30,0,1,0,0,0,0,0,0,0,0,0,0,0,0,0,0,0,0,0,0,0,1,1,0,0,0,0,0,0,0,1,1,0,0,0,0,0,0,0,0,0,0,0,0,1,0,0,0,0,0,0,0,0,0,0,0,0,0,0,0,0,0,0,0,0,0,0,0,0,0,0,0,0,0,0,0,0,0,0,1,0,0,0,0,0,0,0,0,0,0,0,0,0,0,0,0,0,0,0,0,0,0,0,0,0,0,0,0,0,0,0,0,0,1,3,2,3,2,1,0,1,1,0,0,1,0,1,0,0,2,1,0,0,0,2,1,0,0,0,1,1,3.088058833,33.89092274
H1-18-all-fractions_conc_53,0,0,0,0,0,0,7,1,4,0,0,3,0,2,1,0,4,4,6,0,0,1,0,1,0,0,0,0,0,0,0,0,0,1,2,0,1,1,0,2,0,5,4,3,2,10,5,32,0,1,1,0,1,0,1,1,0,0,0,0,0,0,0,0,0,0,0,0,0,0,1,0,1,0,1,0,0,0,1,1,0,1,0,0,0,0,1,0,0,0,0,1,1,0,0,0,0,0,1,0,0,0,0,0,0,0,0,0,0,0,0,0,0,0,0,0,0,0,0,0,1,0,0,0,0,0,0,0,0,0,0,0,0,0,0,0,0,0,0,0,0,0,0,1,1,0,0,0,0,0,0,1,0,0,0,0,0,0,0,0,0,2,5,2,5,2,1,0,0,1,1,1,1,2,2,0,0,2,0,0,1,0,1,1,0,0,0,0,1,15.22329406,34.19888199
H1-18-all-fractions_conc_55,0,3,0,0,0,0,4,1,3,1,1,2,1,4,1,2,10,7,8,2,0,1,1,1,0,0,1,0,0,0,1,1,0,2,1,0,1,2,2,4,0,2,3,1,1,7,1,37,0,0,0,0,0,1,0,0,1,0,0,0,0,0,0,0,0,0,0,1,0,1,1,0,1,0,0,0,0,0,1,1,1,0,1,0,0,0,0,0,0,0,0,0,1,1,1,1,1,1,1,0,0,0,0,0,0,0,0,0,0,0,0,0,0,0,0,0,0,0,0,0,0,0,0,0,0,0,0,0,0,0,0,0,0,0,0,0,0,0,0,0,0,0,0,0,0,0,0,0,0,0,0,0,0,0,0,0,0,0,0,0,1,2,5,2,5,2,1,0,1,1,2,1,2,2,2,0,0,2,1,1,1,1,1,3,1,1,0,0,0,0.707483235,28.21878385
H1-18-all-fractions_conc_96,0,0,1,0,0,0,4,0,4,1,1,2,0,3,2,0,8,5,6,1,1,1,1,1,0,0,0,0,0,0,1,1,0,1,1,0,1,1,1,2,0,6,4,1,3,13,4,35,0,0,1,0,1,1,1,1,0,0,0,0,0,0,0,0,0,0,0,0,0,0,1,0,0,0,0,1,0,0,1,1,1,0,0,0,0,0,1,0,0,0,0,0,0,0,0,0,0,1,1,1,0,0,0,0,0,0,0,0,0,0,0,0,0,0,0,0,0,0,0,0,0,0,0,1,0,0,0,0,0,0,0,0,0,0,0,0,0,0,0,0,0,0,0,0,0,0,0,0,0,0,0,0,0,0,0,0,0,0,0,0,2,1,4,2,4,2,1,0,1,1,0,1,1,2,1,0,0,2,1,1,1,1,2,2,1,1,0,0,1,5.042025073,32.14200797
H1-18-all-fractions_maxb_99,0,0,0,0,0,0,0,0,2,1,1,1,0,2,1,0,3,4,7,0,0,0,0,1,0,0,0,0,0,0,1,1,0,2,0,0,0,1,0,3,0,2,2,2,3,3,1,26,0,1,0,0,0,0,0,0,0,0,0,0,0,0,0,0,0,0,0,1,0,0,1,0,0,0,0,0,0,1,1,1,1,0,0,0,0,0,1,0,0,0,0,0,0,0,0,0,1,1,1,0,0,0,0,0,0,0,0,0,0,0,0,0,0,0,0,0,0,0,0,0,0,0,0,0,1,0,0,0,0,0,0,0,0,0,0,0,0,0,0,0,0,0,0,0,0,0,0,0,0,0,0,0,0,0,0,0,0,0,0,0,0,1,5,2,5,2,1,0,1,1,0,0,1,2,1,0,0,2,0,1,0,0,0,0,1,1,0,0,0,7.370276733,36.18409318
H1-18-all-fractions_metab_69,0,2,0,0,0,0,2,0,1,0,0,2,0,3,1,0,2,1,5,1,0,0,1,1,0,0,1,0,0,0,1,0,0,0,0,0,1,0,0,1,0,2,3,1,1,6,1,30,0,0,0,0,0,0,1,0,0,0,0,0,0,0,0,0,0,0,0,0,0,1,1,0,1,0,0,0,0,0,1,1,0,0,1,0,0,0,1,0,0,0,0,0,1,1,1,0,1,1,0,0,0,0,0,0,0,0,0,0,0,0,0,0,0,0,0,0,0,0,0,0,0,0,0,0,0,0,0,0,0,0,0,0,0,0,0,0,0,0,0,0,0,0,0,0,0,0,0,0,0,0,0,0,0,0,0,0,0,0,0,0,1,3,4,2,4,2,1,0,1,1,1,0,1,0,3,0,0,2,1,0,1,0,1,2,0,0,0,0,1,7.700285451,33.87951235
H1-18-all-fractions_metab_8,0,3,0,0,0,0,0,0,3,0,0,2,0,1,0,0,2,3,2,2,0,0,0,0,0,0,0,0,0,0,0,0,0,2,1,0,1,0,0,1,0,2,3,1,1,6,0,26,0,0,0,0,0,0,0,0,0,0,0,0,0,0,0,0,0,0,0,0,0,0,1,0,1,0,0,0,0,1,1,0,0,0,0,0,0,0,1,0,0,0,0,1,1,0,0,0,0,0,1,0,0,0,0,0,0,0,0,0,0,0,0,0,0,0,0,0,0,0,0,0,0,0,0,0,0,0,0,0,0,0,0,0,0,0,0,0,0,0,0,0,0,0,0,0,0,0,0,0,0,0,0,0,0,0,0,0,0,0,0,0,0,2,5,2,5,2,0,0,1,1,2,0,1,1,2,0,0,2,0,0,1,0,1,2,0,0,0,0,0,1.323263284,26.82885304
H1-18-all-fractions_metab_85,0,0,0,0,0,0,2,0,2,0,0,2,2,0,2,0,3,4,5,0,1,0,0,0,0,0,0,0,0,1,0,1,0,1,0,0,0,0,0,1,0,5,3,2,3,8,5,26,0,0,1,0,1,0,0,0,0,0,0,0,0,0,0,0,0,0,0,1,0,0,1,0,0,0,1,0,0,0,1,1,1,0,1,0,0,1,1,0,0,0,0,1,1,0,0,0,0,0,1,0,0,0,0,0,0,0,0,0,0,0,0,0,0,0,0,0,0,0,0,0,0,0,0,0,0,0,0,0,0,0,0,0,0,0,0,0,0,0,0,0,0,0,0,0,0,0,0,0,0,0,0,0,0,0,0,0,0,0,0,0,0,1,3,2,3,2,0,0,0,1,0,0,0,1,1,0,0,2,0,0,1,0,2,1,0,0,0,0,1,14.58193191,37.71390797
H1-18-all-fractions_metab_conc_10,0,0,0,0,0,0,1,0,0,0,0,0,0,1,0,0,3,2,4,1,1,0,0,1,0,0,0,0,0,0,0,0,0,1,0,0,0,1,1,0,0,4,1,3,2,6,3,23,0,1,0,0,1,1,0,1,0,0,0,0,0,0,0,0,0,0,0,0,0,0,1,0,0,0,0,0,0,1,1,1,1,0,0,0,0,0,1,0,0,0,0,1,1,0,0,0,0,1,1,0,0,0,0,0,0,0,0,0,0,0,0,0,0,0,0,0,0,0,0,0,0,0,0,0,1,0,0,0,0,0,0,0,0,0,0,0,0,0,0,0,0,0,0,0,0,0,0,0,0,0,0,0,0,0,0,0,0,0,0,0,2,1,5,2,5,2,1,0,1,1,0,0,1,3,1,0,0,2,1,1,1,0,0,2,1,1,0,0,0,6.021960801,37.31259772
H1-18-all-fractions_metab_conc_103,0,2,0,0,0,0,0,0,0,0,0,1,0,0,0,0,2,1,4,1,0,0,0,1,0,0,1,0,0,0,1,0,0,0,0,0,1,0,0,1,0,3,3,1,1,5,2,28,0,0,0,0,0,0,0,0,0,0,0,0,0,0,0,0,0,0,0,0,0,1,1,0,1,0,0,0,0,0,1,1,0,0,1,0,0,0,1,0,0,0,0,0,1,0,0,0,1,1,0,0,0,0,0,0,0,0,0,0,0,0,0,0,0,0,0,0,0,0,0,0,0,0,0,0,0,0,0,0,0,0,0,0,0,0,0,0,0,0,0,0,0,0,0,0,0,0,0,0,0,0,0,0,0,0,0,0,0,0,0,0,1,3,3,1,3,1,1,0,1,0,1,0,1,0,3,0,0,1,1,0,1,0,1,2,0,0,0,0,1,5.26297304,34.50336903
H1-18-all-fractions_metab_conc_105,0,3,0,1,0,0,0,0,0,0,0,1,0,1,0,1,2,1,3,0,0,1,0,1,0,0,0,0,0,0,1,1,0,2,0,0,0,0,0,1,0,5,4,1,2,10,4,26,0,0,0,0,1,1,0,1,0,0,0,0,0,0,0,0,0,0,0,0,0,0,1,0,0,0,0,1,0,1,1,1,0,0,0,0,0,0,1,0,0,0,0,1,0,0,0,0,0,0,0,0,0,0,0,0,0,0,0,0,0,0,0,0,0,0,0,0,0,0,0,0,0,0,0,0,0,0,0,0,0,0,0,0,0,0,0,0,0,0,0,0,0,0,0,0,0,0,0,0,0,0,0,0,0,0,0,0,0,0,0,0,2,2,5,2,5,2,1,0,1,1,1,0,1,0,2,0,0,2,0,0,0,0,1,2,0,0,0,0,1,15.6106122,32.33740861
H1-18-all-fractions_metab_conc_14,0,0,0,0,0,0,3,0,2,0,0,2,1,2,2,0,2,3,4,1,0,1,0,1,0,0,0,0,0,0,0,0,0,1,1,0,0,1,1,1,0,4,2,2,4,8,3,18,0,1,1,0,0,0,1,1,0,0,0,0,0,0,0,0,0,0,0,1,0,0,1,0,1,0,0,0,0,0,1,1,0,0,1,0,0,0,0,0,0,0,0,1,1,0,0,0,0,1,1,0,0,0,0,0,0,0,0,0,0,0,0,0,0,0,0,0,0,0,0,0,0,0,0,0,0,0,0,0,0,0,0,0,0,0,0,0,0,0,0,0,0,0,0,0,0,0,0,0,0,0,0,0,0,0,0,0,0,0,0,0,1,2,5,2,5,2,1,1,1,1,0,0,1,1,2,0,0,2,1,0,1,0,1,2,0,0,0,0,1,7.023739736,35.23069032
H1-18-all-fractions_metab_conc_17,0,2,0,0,0,0,1,0,0,0,0,1,0,1,0,0,6,4,3,1,0,0,0,0,0,0,0,0,0,0,0,0,0,2,0,0,1,0,0,1,0,3,3,2,3,6,2,23,0,0,0,0,1,0,1,1,0,0,0,0,0,0,0,0,0,0,0,0,0,1,0,0,0,0,0,0,0,1,1,1,1,0,0,0,0,0,0,0,0,0,0,1,0,0,0,0,0,0,1,0,0,0,0,0,0,0,0,0,0,0,0,0,0,0,0,0,0,0,0,0,0,0,0,0,0,0,0,0,0,0,0,0,0,0,0,0,0,0,0,0,0,0,0,0,0,0,0,0,0,0,0,0,0,0,0,0,0,0,0,0,0,2,5,1,5,1,0,0,0,1,1,0,0,1,2,0,0,1,0,0,1,0,2,1,0,0,0,0,0,21.98355354,35.69398278
H1-18-all-fractions_metab_conc_19,1,3,0,0,0,0,3,0,0,0,0,2,1,1,0,1,5,1,4,1,0,1,0,1,0,0,1,1,0,0,0,0,0,2,1,0,0,1,0,3,0,3,2,1,2,4,2,26,0,0,0,0,1,0,0,0,0,0,0,0,0,0,0,0,0,0,0,0,0,1,1,0,1,0,0,0,0,1,1,1,1,0,0,0,0,0,0,0,0,0,0,0,1,0,0,0,0,1,0,0,0,0,0,0,0,0,0,0,0,0,0,0,0,0,0,0,0,0,0,0,1,0,0,0,0,0,0,1,0,0,0,0,0,0,0,0,0,0,0,0,0,0,0,0,0,0,0,0,0,0,0,0,0,0,0,0,0,0,0,0,1,2,2,2,2,2,1,0,1,1,0,0,1,1,2,0,0,2,1,1,0,0,2,2,1,1,0,0,0,10.29552293,36.89678265
H1-18-all-fractions_metab_conc_2,1,3,1,2,0,0,11,0,2,1,1,2,3,7,2,1,23,5,11,4,0,3,1,1,1,1,1,2,0,3,2,1,0,2,2,1,4,2,1,4,1,3,3,1,1,4,3,34,0,0,1,0,1,0,1,1,0,0,0,0,1,0,0,0,0,0,0,1,0,1,1,0,1,1,0,0,0,0,1,1,1,0,0,0,0,0,1,0,0,0,0,1,1,1,1,0,1,1,0,1,0,0,0,0,0,0,0,0,0,0,0,0,0,1,0,0,0,0,0,0,0,0,0,1,0,0,0,0,0,1,0,0,0,0,0,0,0,0,0,0,0,0,0,0,0,0,0,0,0,0,0,0,0,0,0,0,0,0,0,0,1,3,5,2,5,2,1,0,1,1,1,0,3,3,3,0,0,2,1,1,1,1,2,3,1,1,0,0,1,1.788480965,28.90775241
H1-18-all-fractions_metab_conc_20,0,2,0,0,0,0,5,0,1,0,0,1,1,1,0,0,2,3,4,1,0,1,0,1,0,0,0,0,0,0,1,1,0,1,0,0,1,0,0,3,0,3,3,2,2,5,3,28,0,0,1,0,1,0,1,1,0,0,0,0,0,0,0,0,0,0,0,0,0,1,0,0,0,0,0,0,0,1,1,1,0,0,1,0,0,0,1,0,0,0,0,1,1,0,0,0,0,0,1,0,0,0,0,0,0,0,0,0,0,0,0,0,0,0,0,0,0,0,0,0,0,0,0,0,0,0,0,0,0,0,0,0,0,0,0,0,0,0,0,0,0,0,0,0,0,0,0,0,0,0,0,0,0,0,0,0,0,0,0,0,0,3,5,2,5,2,0,0,0,1,1,0,1,1,3,0,0,2,0,0,1,0,3,1,0,0,0,0,0,15.59378121,31.84777622
H1-18-all-fractions_metab_conc_22,0,2,0,0,0,0,2,0,0,0,0,0,0,1,1,0,4,4,3,2,0,0,0,0,0,0,0,0,0,0,1,1,0,0,0,0,1,0,0,3,0,3,3,3,2,4,1,24,0,0,0,0,1,0,1,1,0,0,0,0,0,0,0,0,0,0,0,0,0,1,1,0,0,0,0,0,0,1,1,1,1,0,1,0,0,0,0,0,0,0,0,1,1,0,0,0,0,0,0,0,0,0,0,0,0,0,0,0,0,0,0,0,0,0,0,0,0,0,0,0,0,0,0,0,0,0,0,0,0,0,0,0,0,0,0,0,0,0,0,0,0,0,0,0,0,0,0,0,0,0,0,0,0,0,0,0,0,0,0,0,0,2,5,1,5,1,0,0,0,1,0,0,1,1,2,0,0,1,0,0,1,0,2,1,0,0,0,0,0,14.35227192,35.25319678
H1-18-all-fractions_metab_conc_23,0,0,0,0,0,0,4,0,1,0,0,2,0,1,0,0,3,6,3,0,0,0,0,1,0,0,0,0,0,0,0,0,0,1,0,0,1,0,0,3,0,2,3,1,1,5,2,16,0,0,1,0,1,1,0,0,0,0,0,0,0,0,0,0,0,0,0,0,0,0,1,0,0,0,1,0,0,1,1,1,0,0,0,0,0,0,0,0,0,0,0,1,0,0,0,0,0,1,1,0,0,0,0,0,0,0,0,0,0,0,0,0,0,0,0,0,0,0,0,0,1,0,0,0,0,0,0,0,0,0,0,0,0,0,0,0,0,0,0,0,0,0,0,0,0,0,0,0,0,0,0,0,0,0,0,0,0,0,0,0,0,0,5,2,5,2,1,0,0,1,1,0,1,1,0,0,0,2,1,0,0,0,0,0,0,0,0,0,0,5.25390499,34.12645839
H1-18-all-fractions_metab_conc_27,1,0,0,0,0,0,2,0,0,0,0,2,0,1,1,0,5,5,7,1,1,0,0,1,0,0,0,1,0,0,1,0,0,1,0,0,0,2,1,2,0,2,1,1,2,1,2,21,0,0,1,0,1,0,1,1,0,0,0,0,0,0,0,0,0,0,0,0,0,0,0,0,1,0,0,0,0,0,1,1,1,0,0,0,0,0,1,0,0,0,0,1,0,0,0,0,0,1,0,0,0,0,0,0,0,0,0,0,0,0,0,0,0,0,0,0,0,0,0,0,0,0,0,0,0,0,0,0,0,0,0,0,0,0,0,0,0,0,0,0,0,0,0,0,0,0,0,0,0,0,0,0,0,0,0,0,0,0,0,0,2,1,4,1,4,1,1,0,1,1,1,1,1,2,1,0,0,1,1,1,0,1,0,2,1,1,0,0,1,2.276947043,32.02265878
H1-18-all-fractions_metab_conc_36,0,3,0,0,0,0,4,0,2,0,0,1,1,3,2,1,8,3,8,0,0,1,1,1,1,1,1,0,0,0,1,1,0,1,1,0,1,1,0,3,0,2,2,1,1,3,0,22,0,0,0,0,1,0,0,0,0,0,0,0,0,0,0,0,0,0,0,0,0,0,1,0,1,0,0,0,0,1,1,1,0,1,1,0,0,0,0,0,0,0,0,0,1,0,0,0,0,1,0,0,0,0,0,0,0,0,0,0,0,0,0,0,0,0,0,0,0,0,0,0,0,0,0,0,0,0,0,1,0,0,0,0,0,0,0,0,0,0,0,0,0,0,0,0,0,0,0,0,0,0,0,0,0,0,0,0,0,0,0,0,0,1,5,2,5,2,1,1,1,1,1,0,1,2,1,0,1,2,1,1,0,1,1,1,1,1,0,0,0,14.04808476,37.87694972
H1-18-all-fractions_metab_conc_37,0,2,0,1,0,0,2,0,1,0,0,2,0,4,1,0,4,3,6,2,0,1,1,1,0,0,0,0,0,0,0,0,0,2,1,0,1,1,1,4,0,4,4,1,3,9,5,29,0,1,1,0,1,1,0,1,1,0,0,0,0,0,0,0,0,0,0,0,0,1,1,0,0,0,0,0,0,0,1,1,1,0,0,0,0,0,0,0,0,0,0,1,1,0,0,0,0,0,0,0,0,0,0,0,0,0,0,0,0,0,0,0,0,0,0,0,0,0,0,0,0,0,0,0,0,0,0,0,0,0,0,0,0,0,0,0,0,0,0,0,0,0,0,0,0,0,0,0,0,0,0,0,0,0,0,0,0,0,0,0,0,3,3,2,3,2,1,1,1,1,1,0,2,0,3,0,0,2,1,0,0,0,2,1,0,0,0,0,1,4.772964825,33.5739424
H1-18-all-fractions_metab_conc_40,0,2,0,0,0,0,1,0,1,0,0,2,0,2,0,0,3,4,6,2,0,0,0,0,0,0,0,0,0,0,1,0,0,2,0,0,1,1,0,4,0,2,2,1,1,5,1,29,0,1,0,0,1,0,0,0,0,0,0,0,0,0,0,0,0,0,0,0,0,1,1,0,0,1,1,0,0,0,0,1,0,0,0,0,0,0,0,0,0,0,0,0,1,0,0,0,0,0,1,0,0,0,0,0,0,0,0,0,0,0,0,0,0,1,0,0,0,0,0,0,0,0,0,0,0,0,0,0,0,1,0,0,0,0,0,0,0,0,0,0,0,0,0,0,0,0,0,0,0,0,0,0,0,0,0,0,0,0,0,0,1,1,4,2,4,2,1,0,1,1,0,0,1,0,1,0,0,2,0,0,0,0,3,2,0,0,0,0,1,7.641611638,34.64606664
H1-18-all-fractions_metab_conc_44,0,2,0,1,0,0,1,0,0,0,0,2,0,0,0,0,6,0,6,1,0,1,0,1,0,0,0,0,0,0,0,1,0,2,1,0,1,0,0,1,0,3,4,1,3,6,2,30,0,1,0,0,0,0,0,0,0,0,0,0,0,0,0,0,0,0,0,0,0,1,1,0,0,0,0,0,0,0,1,1,0,0,0,0,0,0,0,0,0,0,0,1,1,0,0,0,0,0,1,0,0,0,0,0,0,0,0,0,0,0,0,0,0,0,0,0,0,0,0,0,0,0,0,0,0,0,0,1,0,0,0,0,0,0,0,0,0,0,0,0,0,0,0,0,0,0,0,0,0,0,0,0,0,0,0,0,0,0,0,0,0,2,4,2,4,2,1,0,1,1,0,0,1,0,2,0,0,2,1,0,0,0,2,1,0,0,0,1,1,4.471106442,32.88640982
H1-18-all-fractions_metab_conc_47,1,3,0,1,0,0,7,1,5,1,1,4,1,4,1,1,10,5,9,3,0,1,0,1,1,1,1,1,0,0,1,0,0,2,2,0,2,2,1,3,0,5,3,2,4,13,4,33,1,0,1,0,1,0,0,0,0,0,0,0,0,0,0,0,0,0,0,1,0,0,1,0,1,0,0,0,0,0,1,1,1,0,1,0,0,0,1,0,0,0,0,1,1,0,0,0,0,1,1,0,0,0,0,0,0,0,0,0,0,0,0,0,0,0,0,0,0,0,0,0,0,0,0,0,0,0,0,0,0,0,0,0,0,0,0,0,0,0,0,0,0,0,0,0,0,0,0,0,0,0,0,0,0,0,0,0,0,0,0,0,1,3,1,2,1,2,1,1,1,1,1,0,2,1,3,0,0,2,1,0,1,1,2,3,0,0,0,0,0,4.535545134,28.47768947
H1-18-all-fractions_metab_conc_5,0,3,0,0,0,0,4,0,2,0,0,1,1,1,0,0,6,4,4,2,0,1,0,1,0,0,1,1,0,1,0,1,0,4,1,0,0,1,0,3,0,3,2,1,1,5,5,25,0,0,0,0,1,0,0,1,0,0,0,0,0,0,0,0,0,0,0,1,0,1,1,0,1,0,0,0,0,0,1,1,0,0,0,0,0,0,1,0,0,0,0,1,0,0,0,0,1,1,1,0,0,0,0,0,0,0,0,0,0,0,0,0,0,0,0,0,0,0,0,0,0,0,0,0,0,0,1,0,0,0,0,0,0,0,0,0,0,0,0,0,0,0,0,0,0,0,0,0,0,0,0,0,0,0,0,0,0,0,0,0,2,3,5,2,5,2,1,1,1,1,1,0,1,2,3,0,0,2,1,1,0,1,1,3,1,1,0,0,0,17.8708691,34.4474584
H1-18-all-fractions_metab_conc_56,0,0,1,0,0,0,5,0,2,1,1,2,1,3,1,0,6,5,7,0,0,1,0,1,0,0,0,0,0,1,0,1,0,1,0,0,1,0,0,2,0,4,4,2,2,11,5,27,0,0,1,0,1,1,1,0,0,0,0,0,1,0,0,0,0,0,0,1,0,0,1,0,1,0,1,0,0,0,1,1,1,0,1,0,0,1,0,0,0,0,0,1,1,0,0,0,1,0,1,0,0,0,0,0,0,0,0,0,0,0,0,0,0,0,0,0,0,0,0,0,0,0,0,0,0,0,0,0,0,0,0,0,0,0,0,0,0,0,0,0,0,0,0,0,0,0,0,0,0,0,0,0,0,0,0,0,0,0,0,0,1,2,4,2,4,2,0,0,0,1,0,0,1,2,2,0,0,2,1,0,1,0,2,2,0,0,0,0,1,16.57048401,34.77521911
H1-18-all-fractions_metab_conc_57,0,3,0,0,0,0,1,0,0,0,0,0,0,2,1,0,6,3,4,1,0,0,0,1,0,0,0,0,0,0,1,0,0,1,0,0,0,0,0,0,0,3,3,1,1,4,2,29,0,0,1,0,1,0,1,1,0,0,0,0,0,0,0,0,0,0,0,0,0,1,1,0,0,0,0,0,0,1,1,1,1,0,1,0,0,0,1,0,0,0,0,1,1,0,0,0,0,1,1,0,0,0,0,0,0,0,0,0,0,0,0,0,0,1,0,0,0,0,0,0,0,0,0,0,0,0,0,0,0,1,0,0,0,0,0,0,0,0,0,0,0,0,0,0,0,0,0,0,0,0,0,0,0,0,0,0,0,0,0,0,0,2,5,2,5,2,1,0,1,1,0,1,1,2,2,0,0,2,0,0,1,0,3,1,0,0,0,2,1,12.57927237,29.01376208
H1-18-all-fractions_metab_conc_61,0,0,0,0,0,0,0,0,2,1,1,1,0,1,1,0,2,4,1,0,0,0,0,0,0,0,0,0,0,0,1,0,0,1,0,0,0,1,0,4,0,3,1,2,3,4,2,24,0,1,0,0,0,0,0,0,0,0,0,0,0,0,0,0,0,0,0,0,0,0,1,0,0,0,0,0,0,1,1,1,0,0,0,0,0,0,0,0,0,0,0,1,0,0,0,0,1,0,0,0,0,0,0,0,0,0,0,0,0,0,0,0,0,0,0,0,0,0,0,0,1,0,0,0,1,0,0,0,0,0,0,0,0,0,0,0,0,0,0,0,0,0,0,0,0,0,0,0,0,0,0,0,0,0,0,0,0,0,0,0,0,0,5,1,5,1,1,0,1,1,0,0,2,1,0,0,0,1,0,0,1,1,1,0,0,0,0,0,0,5.859613724,37.03462419
H1-18-all-fractions_metab_conc_62,0,3,0,0,0,0,1,0,1,0,0,1,0,3,0,0,5,2,5,2,0,0,1,0,0,0,1,0,0,0,1,1,0,1,1,0,1,1,1,2,0,2,3,1,1,5,2,30,0,0,0,0,0,0,1,0,0,0,0,0,0,0,0,0,0,0,0,0,0,1,1,0,1,0,0,0,0,0,1,1,1,0,1,0,0,0,0,0,0,0,0,0,1,1,1,1,1,1,0,0,0,0,0,0,0,0,0,0,0,0,0,0,0,0,0,0,0,0,0,0,0,0,0,0,0,0,0,0,0,0,0,0,0,0,0,0,0,0,0,0,0,0,0,0,0,0,0,0,0,0,0,0,0,0,0,0,0,0,0,0,1,3,5,2,5,2,1,0,1,1,2,0,2,2,3,0,0,2,1,0,1,0,2,1,0,0,0,0,1,5.565595628,29.63068651
H1-18-all-fractions_metab_conc_71,0,0,0,0,0,0,0,0,2,0,0,2,0,1,1,0,3,6,4,0,0,0,0,1,0,0,0,0,0,0,0,1,0,1,0,0,0,1,0,0,0,3,1,1,1,4,1,26,0,0,0,0,0,0,0,1,0,0,0,0,0,0,0,0,0,0,0,0,0,0,1,0,0,0,0,0,0,0,1,1,0,0,0,0,0,0,0,0,0,0,0,1,1,0,0,0,0,1,0,0,0,0,0,0,0,0,0,0,0,0,0,0,0,0,0,0,0,0,0,0,0,0,0,0,1,0,0,0,0,0,0,0,0,0,0,0,0,0,0,0,0,0,0,0,0,0,0,0,0,0,0,0,0,0,0,0,0,0,0,0,0,0,4,2,4,2,0,0,1,1,0,0,0,0,0,0,0,2,0,0,1,0,1,1,0,0,0,0,0,4.73066805,43.40328919
H1-18-all-fractions_metab_conc_80,0,0,0,0,0,0,1,0,0,0,0,1,0,1,0,0,3,5,6,1,0,0,0,1,0,0,0,0,0,0,0,0,0,1,0,0,0,1,0,1,0,2,2,1,1,4,0,20,0,1,1,0,0,0,0,0,0,0,0,0,0,0,0,0,0,0,0,0,0,0,1,0,0,0,0,0,0,0,1,1,0,0,1,0,0,0,0,0,0,0,0,1,1,0,0,0,0,0,1,0,0,0,0,0,0,0,0,0,0,0,0,0,0,0,0,0,0,0,0,0,0,0,0,0,0,0,0,0,0,0,0,0,0,0,0,0,0,0,0,0,0,0,0,0,0,0,0,0,0,0,0,0,0,0,0,0,0,0,0,0,0,2,5,2,5,2,1,0,1,1,1,0,0,1,2,0,0,2,1,0,0,0,1,1,0,0,0,0,0,14.59125587,37.25359719
H1-18-all-fractions_metab_conc_86,0,0,0,0,0,0,2,0,2,0,0,2,0,2,1,0,1,3,3,1,0,0,0,1,0,0,0,0,0,0,0,0,0,1,1,0,0,1,0,1,0,3,2,1,1,5,1,24,0,1,0,0,0,0,0,0,0,0,0,0,0,0,0,0,0,0,0,0,0,0,1,0,0,0,0,0,0,0,1,1,0,0,0,0,0,0,0,0,0,0,0,1,0,0,0,0,0,0,1,0,0,0,0,0,0,0,0,0,0,0,0,0,0,0,0,0,0,0,0,0,0,0,0,0,1,0,0,0,0,0,0,0,0,0,0,0,0,0,0,0,0,0,0,0,0,0,0,0,0,0,0,0,0,0,0,0,0,0,0,0,0,2,3,2,3,2,1,0,1,1,1,0,0,1,2,0,0,2,1,0,0,0,2,1,0,0,0,0,1,7.031418841,35.80762942
H1-18-all-fractions_metab_maxb_101,0,0,0,0,0,0,4,0,5,1,1,2,0,2,0,0,3,8,5,0,0,1,0,1,0,0,0,0,0,0,0,0,0,2,1,0,1,0,0,1,0,4,4,1,1,8,3,26,0,0,1,0,1,0,0,0,0,0,0,0,0,0,0,0,0,0,0,0,0,0,1,0,1,0,0,0,0,1,1,1,0,0,0,0,0,0,0,0,0,0,0,0,0,0,0,0,0,0,1,0,0,0,0,0,0,0,0,0,0,0,0,0,0,0,0,0,0,0,0,0,0,0,0,0,0,0,0,0,0,0,0,0,0,0,0,0,0,0,0,0,0,0,0,0,0,0,0,0,0,0,0,0,0,0,0,0,0,0,0,0,0,2,4,2,4,2,1,0,0,1,0,1,0,2,2,0,0,2,0,0,1,0,1,1,0,0,0,0,1,24.72529222,42.41318128
H1-18-all-fractions_metab_maxb_28,0,0,0,0,0,0,5,0,1,0,0,2,2,2,2,1,5,6,3,0,0,0,0,1,0,0,0,0,0,0,1,1,0,1,1,0,0,1,1,0,0,3,2,1,2,7,2,24,0,1,1,0,1,0,1,1,0,0,0,0,0,0,0,0,0,0,0,1,0,0,1,0,1,0,0,0,0,1,1,1,0,0,1,0,0,0,0,0,0,0,0,1,1,0,0,0,0,1,1,0,0,0,0,0,0,0,0,0,0,0,0,0,0,0,0,0,0,0,0,0,0,0,0,0,0,0,0,0,0,0,0,0,0,0,0,0,0,0,0,0,0,0,0,1,1,1,0,1,0,0,0,0,0,0,0,0,0,0,0,0,0,0,5,2,5,2,1,0,1,1,0,1,2,4,0,0,0,2,0,1,0,0,2,0,1,1,0,0,1,6.233056462,40.91335492
H1-18-all-fractions_metab_maxb_45,0,2,0,1,0,0,2,0,1,0,0,1,0,3,1,0,3,2,4,2,0,0,1,0,0,0,0,0,0,0,0,0,0,1,0,0,1,0,0,1,0,5,4,1,3,11,4,22,0,0,1,0,0,0,1,0,0,0,0,0,0,0,0,0,0,0,0,0,0,0,1,0,0,0,0,0,0,1,1,1,1,0,0,0,0,0,0,0,0,0,0,1,1,0,0,0,0,0,0,0,0,0,0,0,0,0,0,0,0,0,0,0,0,0,0,0,0,0,0,0,0,0,0,0,0,0,0,1,0,0,0,0,0,0,0,0,0,0,0,0,0,0,0,0,0,0,0,0,0,0,0,0,0,0,0,0,0,0,0,0,0,2,5,1,5,1,0,0,0,1,2,0,1,1,2,0,0,1,0,0,0,0,1,1,0,0,0,0,0,8.53937718,31.65579288
H1-18-all-fractions_metab_maxbC_21,0,2,0,0,0,0,0,0,0,0,0,1,0,0,1,0,1,1,3,2,0,0,0,1,0,0,0,0,0,0,0,1,0,1,0,0,0,0,0,2,0,2,2,2,2,2,0,19,0,0,0,0,0,0,0,1,0,0,0,0,0,0,0,0,0,0,0,0,0,1,0,0,0,0,0,0,0,1,1,1,0,0,0,0,0,0,1,0,0,0,0,0,0,0,0,0,0,0,0,0,0,0,0,0,0,0,0,0,0,0,0,0,0,0,0,0,0,0,0,0,0,0,0,0,0,0,0,0,0,0,0,0,0,0,0,0,0,0,0,0,0,0,0,0,0,0,0,0,0,0,0,0,0,0,0,0,0,0,0,0,0,2,5,1,5,1,0,0,0,1,1,0,0,1,2,0,0,1,0,0,0,0,1,0,0,0,0,0,0,12.85630405,36.22456546
H1-18-all-fractions_metab_maxbC_65,0,2,0,0,0,0,1,0,0,0,0,0,0,3,0,0,2,3,2,1,0,0,1,1,0,0,0,0,0,0,0,1,0,1,0,0,1,0,0,2,0,3,2,1,1,6,1,24,0,0,0,0,0,0,1,1,0,0,0,0,0,0,0,0,0,0,0,0,0,0,1,0,0,0,0,0,0,1,1,1,0,0,1,0,0,0,0,0,0,0,0,1,0,0,0,0,0,0,0,0,0,0,0,0,0,0,0,0,0,0,0,0,0,0,0,0,0,0,0,0,0,0,0,0,0,0,0,0,0,0,0,0,0,0,0,0,0,0,0,0,0,0,0,0,0,0,0,0,0,0,0,0,0,0,0,0,0,0,0,0,0,2,2,2,2,2,0,0,0,0,2,0,1,0,2,0,0,2,0,0,0,0,2,1,0,0,0,0,0,11.2120019,37.03398402
H2-16-all-fractions_maxb_conc_24,0,0,1,0,0,0,4,0,3,1,1,2,3,2,2,0,5,3,7,0,0,1,0,1,0,0,0,1,0,1,0,1,0,3,0,0,1,0,0,1,0,5,4,2,3,7,4,29,0,0,1,0,1,0,1,0,0,0,1,0,0,0,0,0,0,0,0,1,0,0,1,0,0,0,1,0,0,0,1,1,1,0,1,0,0,0,0,0,0,0,0,1,0,0,0,0,0,0,0,0,0,0,0,0,0,0,0,0,0,0,0,0,0,0,0,0,0,0,0,0,0,0,0,0,0,0,0,0,0,0,0,0,0,0,0,0,0,0,0,0,0,0,0,0,0,0,0,0,0,0,0,0,0,0,0,0,0,0,0,0,0,2,3,2,3,2,1,0,0,1,0,1,1,0,2,0,0,2,1,0,1,0,2,1,0,0,0,0,1,13.00466814,36.87147619
H2-16-all-fractions_metab_114,0,2,0,0,0,0,2,0,1,0,0,2,0,2,0,1,6,5,8,1,0,0,0,1,0,0,0,0,0,0,1,1,0,2,1,0,1,1,0,3,0,2,2,1,1,8,0,27,0,0,0,0,1,0,0,1,0,0,0,0,0,0,0,0,0,0,0,1,0,1,1,0,0,1,0,0,0,0,1,1,0,0,0,0,0,0,1,0,0,0,0,0,0,0,0,0,0,0,1,0,0,0,0,0,0,0,0,0,0,0,0,0,0,1,0,0,0,0,0,0,0,0,0,0,0,0,0,0,0,1,0,0,0,0,0,0,0,0,0,0,0,0,0,1,1,0,0,0,0,0,0,0,0,0,0,0,0,0,0,0,1,1,1,1,1,1,1,0,1,1,0,0,2,2,1,0,0,1,0,0,1,0,4,2,0,0,0,0,0,6.64767728,35.63974089
H2-16-all-fractions_metab_12,0,2,0,0,0,0,1,0,0,0,0,1,0,1,0,1,1,1,3,1,0,0,0,0,0,0,0,0,0,0,0,1,0,0,0,0,1,1,0,0,0,3,2,1,1,7,1,26,0,0,0,0,1,0,0,0,0,0,0,0,0,0,0,0,0,0,0,0,0,1,1,0,0,0,0,0,0,0,1,1,0,0,0,0,0,0,0,0,0,0,0,0,1,0,0,0,0,0,1,0,0,0,0,0,0,0,0,0,0,0,0,0,0,0,0,0,0,0,0,0,0,0,0,0,0,0,0,0,0,0,0,0,0,0,0,0,0,0,0,0,0,0,0,0,0,0,0,0,0,0,0,0,0,0,0,0,0,0,0,0,0,2,5,2,5,2,1,0,1,1,0,0,1,1,2,0,0,2,0,0,0,0,2,1,0,0,0,1,1,13.95146648,31.52529291
H2-16-all-fractions_metab_121,0,2,0,0,0,0,3,0,0,0,0,1,0,0,0,1,3,2,4,1,0,0,0,0,0,0,0,0,0,0,0,1,0,1,0,0,0,1,0,2,0,5,4,1,3,9,3,32,0,1,0,0,1,0,0,0,0,0,0,0,0,0,0,0,0,0,0,0,0,1,1,0,0,0,0,0,0,0,1,1,0,0,0,0,0,0,1,0,0,0,0,1,1,0,0,0,0,0,1,0,0,0,0,0,0,0,0,0,0,0,0,0,0,1,0,0,0,0,0,0,0,0,0,0,0,0,0,0,0,1,0,0,0,0,0,0,0,0,0,0,0,0,0,0,0,0,0,0,0,0,0,0,0,0,0,0,0,0,0,0,0,3,3,2,3,2,1,0,1,1,1,1,1,0,3,0,0,2,1,0,0,0,3,1,0,0,0,2,1,9.09779839,33.1699411
H2-16-all-fractions_metab_123,0,0,0,0,0,0,2,0,0,0,0,2,0,1,2,0,0,2,4,1,0,0,0,0,0,0,0,0,0,0,0,0,0,1,0,0,0,0,0,1,0,2,3,1,1,6,2,23,0,0,1,0,0,0,0,1,0,0,0,0,0,0,0,0,0,0,0,0,0,0,1,0,0,1,0,0,0,0,1,1,0,0,1,0,0,0,0,0,0,0,0,1,1,0,0,0,0,1,0,0,0,0,0,0,0,0,0,0,0,0,0,0,0,1,0,0,0,0,0,0,0,0,0,0,0,0,0,0,0,1,0,0,0,0,0,0,0,0,0,0,0,0,0,0,0,0,0,0,0,0,0,0,0,0,0,0,0,0,0,0,1,1,3,0,3,0,1,0,1,1,1,0,1,1,1,0,0,0,1,0,0,0,0,1,0,0,0,0,0,10.13292711,40.88703125
H2-16-all-fractions_metab_126,0,0,0,1,0,0,2,0,2,0,0,2,0,2,0,0,5,2,5,1,0,0,0,1,0,0,0,0,0,1,1,1,0,1,0,0,0,1,0,2,0,4,2,2,3,6,4,27,0,0,1,0,1,1,1,1,0,0,0,0,0,0,0,1,0,0,0,0,0,0,1,0,0,0,0,0,0,1,1,1,1,0,1,0,0,0,1,0,0,0,0,1,1,0,0,0,0,1,1,0,0,0,0,0,0,0,0,0,0,0,0,0,0,0,0,0,0,0,0,0,0,0,0,0,0,0,0,0,0,0,0,0,0,0,0,0,0,0,0,0,0,0,0,1,1,1,0,1,0,0,0,0,0,0,0,0,0,0,0,0,1,1,4,2,4,2,1,0,1,1,1,0,1,3,1,0,0,2,1,1,1,0,1,1,1,1,0,0,1,5.553195286,32.60520138
H2-16-all-fractions_metab_138,0,0,0,0,0,0,1,0,0,0,0,0,0,1,1,0,2,5,4,1,0,0,0,1,0,0,0,0,0,0,0,0,0,1,0,0,0,1,0,1,0,2,2,1,1,4,0,18,0,1,1,0,0,0,0,0,0,0,0,0,0,0,0,0,0,0,0,0,0,0,1,0,0,0,0,0,0,0,1,1,0,0,1,0,0,0,1,0,0,0,0,1,1,0,0,0,0,1,0,0,0,0,0,0,0,0,0,0,0,0,0,0,0,0,0,0,0,0,0,0,0,0,0,0,0,0,0,0,0,0,0,0,0,0,0,0,0,0,0,0,0,0,0,0,0,0,0,0,0,0,0,0,0,0,0,0,0,0,0,0,0,2,4,2,4,2,1,0,1,1,1,0,0,1,2,0,0,2,1,0,0,0,1,1,0,0,0,0,0,14.29636386,38.08771338
H2-16-all-fractions_metab_56,0,0,0,0,0,0,2,0,1,0,0,2,0,2,2,0,5,4,4,1,1,0,0,1,0,0,0,0,0,0,1,1,0,1,0,0,0,1,0,0,0,2,2,2,3,4,1,26,0,1,1,0,1,0,1,1,0,0,0,0,0,0,0,0,0,0,0,0,0,0,1,0,0,0,0,0,0,1,1,1,1,0,0,0,0,0,1,0,0,0,0,1,1,0,0,0,0,1,1,0,0,0,0,0,0,0,0,0,0,0,0,0,0,0,0,0,0,0,0,0,0,0,0,0,0,0,0,0,0,0,0,0,0,0,0,0,0,0,0,0,0,0,0,1,1,1,0,1,0,0,0,0,0,0,0,0,0,0,0,0,1,2,5,1,5,1,1,0,1,1,0,0,1,1,2,0,0,1,1,1,1,0,0,1,1,1,0,0,1,6.071742853,38.07383114
H2-16-all-fractions_metab_57,0,2,0,0,0,0,2,0,1,0,0,2,0,2,1,0,3,1,5,1,0,0,0,0,0,0,1,0,0,0,1,0,0,1,0,0,1,0,0,1,0,3,4,1,2,7,2,28,1,0,0,0,0,0,1,0,0,0,0,0,0,0,0,0,0,0,0,0,0,1,1,0,1,0,0,0,0,0,1,1,0,0,1,0,0,0,1,0,0,0,0,0,0,1,1,0,1,1,0,0,0,0,0,0,0,0,0,0,0,0,0,0,0,0,0,0,0,0,0,0,0,0,0,0,0,0,0,0,0,0,0,0,0,0,0,0,0,0,0,0,0,0,0,0,0,0,0,0,0,0,0,0,0,0,0,0,0,0,0,0,1,3,3,2,3,2,1,0,1,0,2,0,1,1,3,0,0,2,1,0,1,0,1,2,0,0,0,0,1,6.509566531,32.49160927
H2-16-all-fractions_metab_63,0,0,0,0,0,0,0,0,3,0,0,2,0,1,1,0,2,7,7,0,0,0,0,1,0,0,0,0,0,0,1,1,0,1,1,0,0,1,0,1,0,3,2,1,1,4,2,28,0,0,0,0,0,0,0,1,0,0,0,0,0,0,0,0,0,0,0,0,0,0,1,0,0,0,0,0,0,0,1,1,0,0,0,0,0,0,1,0,0,0,0,1,1,0,0,0,0,1,1,0,0,0,0,0,0,0,0,0,0,0,0,0,0,0,0,0,0,0,0,0,1,0,0,0,1,0,0,0,0,0,0,0,0,0,0,0,0,0,0,0,0,0,0,0,0,0,0,0,0,0,0,0,0,0,0,0,0,0,0,0,1,1,5,2,5,2,1,0,1,0,0,0,0,1,1,0,0,2,0,0,0,0,1,2,0,0,0,0,1,8.323333531,38.13231311
H2-16-all-fractions_metab_75,0,2,0,0,0,0,1,0,1,0,0,2,0,1,0,0,3,1,4,1,0,0,0,1,0,0,1,0,0,0,0,0,0,1,0,0,1,0,0,1,0,3,2,1,1,5,2,31,1,0,0,0,0,0,0,0,0,0,0,0,0,0,0,0,0,0,0,0,0,1,1,0,1,0,0,0,0,0,1,1,0,0,1,0,0,0,1,0,0,0,0,0,0,1,1,0,1,1,0,0,0,0,0,0,0,0,0,0,0,0,0,0,0,0,0,0,0,0,0,0,0,0,0,0,0,0,0,0,0,0,0,0,0,0,0,0,0,0,0,0,0,0,0,0,0,0,0,0,0,0,0,0,0,0,0,0,0,0,0,0,1,2,4,2,4,2,1,0,1,1,0,0,1,1,2,0,0,2,1,0,1,0,1,2,0,0,0,0,1,6.525038495,34.64845979
H2-16-all-fractions_metab_conc_1,0,2,0,0,0,0,2,0,0,0,0,0,0,2,1,0,3,2,3,1,0,1,0,1,0,0,0,0,0,0,2,1,0,1,0,0,0,0,0,3,0,6,4,1,2,11,4,26,0,0,1,0,1,1,0,1,0,0,0,0,0,0,0,0,0,0,0,0,0,1,1,0,0,0,0,0,0,0,1,1,1,0,0,0,0,0,1,0,0,0,0,1,1,0,0,1,0,0,0,0,0,0,0,0,0,0,0,0,0,0,0,0,0,1,0,0,0,0,0,0,1,0,0,0,0,0,0,0,0,1,0,0,0,0,0,0,0,0,0,0,0,0,0,0,0,0,0,0,0,0,0,0,0,0,0,0,0,0,0,0,0,3,3,2,3,2,1,0,1,1,0,0,1,2,3,0,0,2,1,0,0,0,3,1,0,0,0,2,1,15.48824282,32.99118838
H2-16-all-fractions_metab_conc_100,1,3,1,2,0,0,12,0,2,1,1,2,3,6,2,1,23,4,11,4,0,3,1,1,0,0,1,1,0,3,2,1,0,2,2,1,4,2,2,4,1,3,2,1,1,5,3,33,0,0,1,0,1,0,1,1,0,0,0,0,1,0,0,0,0,0,0,1,0,1,1,0,1,1,0,0,0,0,1,1,1,0,0,0,0,0,1,0,0,0,0,1,1,1,0,0,1,1,1,1,0,0,0,0,0,0,0,0,0,0,0,0,0,1,0,0,0,0,0,0,0,0,0,1,0,0,0,0,0,1,0,0,0,0,0,0,0,0,0,0,0,0,0,0,0,0,0,0,0,0,0,0,0,0,0,0,0,0,0,0,1,4,5,2,5,2,1,0,1,1,1,0,3,2,4,0,0,2,1,1,1,1,3,3,1,1,0,0,1,3.121002989,29.0923585
H2-16-all-fractions_metab_conc_101,1,3,0,0,0,0,5,0,2,0,0,2,1,7,2,2,5,6,7,3,0,2,1,1,1,1,1,1,0,3,1,0,0,2,1,0,1,2,1,4,0,2,2,1,2,5,1,29,0,0,0,0,1,0,0,0,0,0,0,0,1,0,0,0,0,0,0,1,0,1,1,0,1,0,0,0,0,0,1,1,1,0,1,0,1,0,1,0,0,0,0,0,1,0,0,0,1,0,1,0,0,0,0,0,0,0,0,0,0,0,0,0,0,0,0,0,0,0,0,0,0,0,0,0,1,0,0,1,0,0,0,0,0,0,0,0,0,0,0,0,0,0,0,1,1,1,0,1,0,0,0,0,0,0,0,0,0,0,0,0,1,2,3,2,3,2,1,0,1,1,1,0,2,1,2,0,0,2,1,0,1,1,0,2,0,0,0,0,0,2.192713233,30.27401542
H2-16-all-fractions_metab_conc_111,0,0,0,0,0,0,2,0,2,0,0,2,1,1,2,0,2,5,3,1,0,1,0,1,0,0,0,0,0,0,1,0,0,1,1,0,0,1,1,1,0,4,2,2,4,9,2,20,0,0,1,0,0,0,1,1,0,0,0,0,0,0,0,0,0,0,0,1,0,0,1,0,0,0,0,0,0,0,1,1,0,0,1,0,0,0,0,0,0,0,0,1,0,0,0,0,0,1,1,0,0,0,0,0,0,0,0,0,0,0,0,0,0,0,0,0,0,0,0,0,0,0,0,0,0,0,0,0,0,0,0,0,0,0,0,0,0,0,0,0,0,0,0,0,0,0,0,0,0,0,0,0,0,0,0,0,0,0,0,0,1,2,5,2,5,2,1,1,1,1,1,0,1,1,2,0,0,2,1,0,1,0,2,2,0,0,0,0,1,5.929285805,36.02930782
H2-16-all-fractions_metab_conc_119,0,0,0,1,0,0,5,0,2,1,1,2,2,2,3,0,7,4,7,1,1,1,0,1,0,0,0,0,0,0,1,0,0,1,0,0,0,0,0,1,0,8,4,1,4,15,6,36,0,0,1,0,0,1,0,1,0,0,0,0,0,0,0,0,0,0,0,1,0,0,1,0,0,0,1,1,0,1,1,1,1,0,1,0,0,0,1,0,0,0,0,1,1,0,0,0,0,0,0,0,0,0,0,0,0,0,0,0,0,0,0,0,0,0,0,0,0,0,0,0,0,0,0,0,1,0,0,0,0,0,0,0,0,0,0,0,0,0,0,0,0,0,0,1,1,1,0,1,0,0,0,0,0,0,0,0,0,0,0,0,1,2,5,2,5,2,1,0,1,0,0,1,1,3,2,0,0,2,1,1,1,0,3,1,1,1,0,0,1,5.039617361,35.11101725
H2-16-all-fractions_metab_conc_131,1,0,0,1,0,0,4,0,4,1,1,2,1,2,1,0,5,3,4,1,0,1,0,1,0,0,0,0,0,1,0,1,0,1,1,0,0,1,1,2,0,5,2,2,4,9,5,25,0,1,1,0,1,1,0,1,0,0,0,0,0,0,0,0,0,0,0,0,0,0,1,0,0,0,0,0,0,1,1,1,1,0,1,0,0,0,1,0,0,0,0,1,1,0,0,0,0,1,1,1,0,0,0,0,0,0,0,0,0,0,0,0,0,0,0,0,0,0,0,0,1,0,0,1,1,0,0,0,0,0,0,0,0,0,0,0,0,0,0,0,0,0,0,1,1,0,0,0,0,0,0,0,0,0,0,0,0,0,0,0,1,0,3,1,3,1,1,0,1,1,0,1,2,4,0,0,0,1,1,1,1,0,2,1,1,1,0,0,0,2.798705289,36.71951982
H2-16-all-fractions_metab_conc_137,0,2,0,0,0,0,3,0,0,0,0,0,0,3,0,0,2,2,3,2,0,0,1,1,0,0,0,0,0,0,1,1,0,1,0,0,1,0,0,1,0,3,2,1,1,3,1,25,0,0,0,0,1,0,1,1,0,0,0,0,0,0,0,0,0,0,0,0,0,0,0,0,0,0,0,0,0,1,1,1,0,0,1,0,0,0,0,0,0,0,0,1,0,0,0,0,0,0,0,0,0,0,0,0,0,0,0,0,0,0,0,0,0,0,0,0,0,0,0,0,0,0,0,0,0,0,0,0,0,0,0,0,0,0,0,0,0,0,0,0,0,0,0,0,0,0,0,0,0,0,0,0,0,0,0,0,0,0,0,0,0,2,4,2,4,2,0,0,0,1,1,0,1,1,2,0,0,2,0,0,1,0,1,1,0,0,0,0,0,9.975472738,33.76104953
H2-16-all-fractions_metab_conc_16,0,3,0,0,0,0,2,0,1,0,0,2,0,1,1,1,5,3,5,1,0,1,0,1,0,0,0,0,0,0,1,1,0,3,1,0,1,1,1,0,0,5,5,1,3,10,6,33,0,0,1,0,1,1,0,1,0,0,0,0,0,0,0,0,0,0,0,0,0,1,1,0,0,0,0,0,0,1,1,1,1,0,0,0,0,0,1,0,0,0,0,1,0,0,0,0,0,0,1,0,0,0,0,0,0,0,0,0,0,0,0,0,0,1,0,0,0,0,0,0,0,0,0,0,0,0,0,0,0,1,0,0,0,0,0,0,0,0,0,0,0,0,0,0,0,0,0,0,0,0,0,0,0,0,0,0,0,0,0,0,0,3,5,2,5,2,1,0,1,1,1,1,2,1,3,0,0,2,1,0,0,0,4,1,0,0,0,1,1,11.26791075,31.60804449
H2-16-all-fractions_metab_conc_17,0,3,0,0,0,0,5,0,3,1,1,1,1,4,0,2,7,7,4,2,0,1,1,0,0,0,1,0,0,1,0,0,0,2,1,0,1,1,0,3,0,4,3,1,1,8,3,29,0,0,0,0,1,0,0,1,0,0,0,0,0,0,0,0,0,0,0,0,0,1,1,0,1,0,0,0,0,1,1,1,1,0,1,0,0,0,1,0,0,0,0,1,0,0,0,1,1,1,1,0,0,0,0,0,0,0,0,0,0,0,0,0,0,0,0,0,0,0,0,0,0,0,0,0,0,0,0,0,0,0,0,0,0,0,0,0,0,0,0,0,0,0,0,0,0,0,0,0,0,0,0,0,0,0,0,0,0,0,0,0,1,3,5,2,5,2,1,1,1,1,1,0,2,1,3,0,0,2,1,1,1,0,3,2,1,1,0,0,0,19.58093342,30.1604679
H2-16-all-fractions_metab_conc_19,0,0,0,0,0,0,0,0,3,0,0,2,0,1,1,0,4,2,3,0,0,0,0,1,0,0,0,0,0,0,0,1,0,1,1,0,0,1,0,0,0,3,3,2,2,6,1,28,0,0,0,0,0,0,1,0,0,0,0,0,0,0,0,0,0,0,0,0,0,0,1,0,0,0,0,0,0,0,1,1,0,0,0,0,0,0,1,0,0,0,0,1,1,0,0,0,0,1,1,0,0,0,0,0,0,0,0,0,0,0,0,0,0,0,0,0,0,0,0,0,0,0,0,0,0,0,0,0,0,0,0,0,0,0,0,0,0,0,0,0,0,0,0,0,0,0,0,0,0,0,0,0,0,0,0,0,0,0,0,0,0,1,1,2,1,2,1,0,1,0,1,0,0,2,1,0,0,2,0,0,0,0,1,1,0,0,0,0,0,6.029493954,41.58011295
H2-16-all-fractions_metab_conc_25,1,3,0,0,0,0,4,1,3,0,0,3,1,5,2,1,8,6,5,3,0,1,1,1,0,0,0,2,0,1,0,0,0,2,2,0,1,1,0,3,0,4,4,1,3,4,3,28,0,0,1,0,1,1,0,0,0,0,0,0,0,0,0,0,0,0,0,0,0,1,1,0,1,0,0,0,0,0,1,1,0,0,0,0,0,0,1,0,0,0,0,1,0,0,0,0,0,1,1,0,0,0,0,0,0,0,0,0,0,0,1,0,0,0,0,0,0,0,0,0,0,0,0,0,0,0,0,0,0,0,0,0,0,0,0,0,0,0,0,0,0,0,0,0,0,0,0,0,0,0,0,0,0,0,0,0,0,0,0,0,0,3,2,0,2,0,1,0,1,1,1,0,2,2,3,1,0,0,1,0,1,1,1,2,0,0,0,1,0,7.561767852,34.44692937
H2-16-all-fractions_metab_conc_33,0,2,1,0,0,0,2,0,1,0,0,1,0,0,0,0,3,1,4,1,0,0,0,1,0,0,1,0,0,0,1,0,0,2,0,0,1,0,1,1,0,2,4,1,2,7,3,27,0,0,0,0,0,0,1,0,0,0,0,0,0,0,0,0,0,0,0,0,0,1,1,0,1,0,0,0,0,0,1,1,0,0,0,0,0,0,1,0,0,0,0,0,0,0,0,0,0,1,0,0,0,0,0,0,0,0,0,0,0,0,0,0,0,0,0,0,0,0,0,0,0,0,0,0,0,0,0,0,0,0,0,0,0,0,0,0,0,0,0,0,0,0,0,0,0,0,0,0,0,0,0,0,0,0,0,0,0,0,0,0,0,1,2,1,2,1,1,0,0,0,0,0,0,1,1,0,0,1,1,0,1,0,1,0,0,0,0,0,1,4.366105137,34.63643718
H2-16-all-fractions_metab_conc_41,0,0,0,0,0,0,3,0,1,0,0,2,2,2,1,0,4,5,5,0,0,0,0,1,0,0,0,0,0,0,1,1,0,2,1,0,0,0,1,2,0,3,2,1,2,7,2,27,0,1,1,0,0,1,1,1,0,0,0,0,0,0,0,0,0,0,0,1,0,0,0,0,1,0,0,0,0,1,1,1,0,0,1,0,0,0,0,0,0,0,0,1,1,0,0,0,1,1,1,0,0,0,0,0,0,0,0,0,0,0,0,0,0,0,0,0,0,0,0,0,0,0,0,0,0,0,0,0,0,0,0,0,0,0,0,0,0,0,0,0,0,0,0,1,1,1,0,1,0,0,0,0,0,0,0,0,0,0,0,0,0,0,3,2,3,2,1,0,1,1,0,1,2,4,0,0,0,2,0,0,0,0,2,0,0,0,0,0,1,9.394757898,41.30384155
H2-16-all-fractions_metab_conc_42,0,3,0,0,0,0,2,0,1,0,0,0,0,4,0,0,4,3,5,1,0,0,1,1,0,0,1,0,0,0,1,0,0,4,0,0,2,1,0,3,0,2,3,1,2,4,2,27,1,0,0,0,0,0,0,0,0,0,0,0,0,0,0,0,0,0,0,0,0,1,1,0,1,0,0,0,0,1,1,1,1,0,1,0,0,0,1,0,0,0,0,0,1,0,0,0,0,1,0,0,0,0,0,0,0,0,0,0,0,0,0,0,0,0,0,0,0,0,0,0,0,0,0,0,0,0,0,0,0,0,0,0,0,0,0,0,0,0,0,0,0,0,0,0,0,0,0,0,0,0,0,0,0,0,0,0,0,0,0,0,0,3,4,2,4,2,1,1,1,1,1,0,1,2,3,0,0,2,1,1,1,0,2,1,1,1,0,0,0,9.606025398,34.06235964
H2-16-all-fractions_metab_conc_43,0,3,0,0,0,0,0,0,0,0,0,0,0,1,0,0,5,3,4,1,0,0,0,0,0,0,0,0,0,0,0,0,0,2,0,0,0,0,0,0,0,3,2,1,1,8,2,28,0,1,0,0,1,0,1,0,0,0,0,0,0,0,0,0,0,0,0,1,0,1,1,0,0,0,0,0,0,1,1,1,0,0,1,0,0,0,1,0,0,0,0,1,1,0,0,0,0,0,1,0,0,0,0,0,0,0,0,0,0,0,0,0,0,1,0,0,0,0,0,0,0,0,0,0,0,0,0,0,0,1,0,0,0,0,0,0,0,0,0,0,0,0,0,0,0,0,0,0,0,0,0,0,0,0,0,0,0,0,0,0,0,2,5,2,5,2,1,0,1,1,1,0,1,1,2,0,0,2,0,0,0,0,3,0,0,0,0,0,0,8.419480659,33.37122773
H2-16-all-fractions_metab_conc_47,0,3,0,1,0,0,4,0,2,0,0,2,2,6,1,2,10,7,14,4,0,1,1,1,0,0,1,1,0,0,1,0,0,2,0,0,0,2,0,4,0,2,3,1,1,6,1,21,0,0,0,0,1,0,0,1,0,0,0,0,1,0,0,0,0,0,0,0,0,0,1,0,1,0,0,0,0,1,0,1,1,0,0,0,0,0,1,0,0,0,0,1,1,0,0,1,1,1,1,0,0,1,1,0,0,0,0,0,0,0,0,0,0,0,0,0,0,0,0,0,0,0,0,0,0,0,0,0,0,0,0,0,0,0,0,1,0,0,0,0,0,0,1,1,1,0,0,0,0,0,0,0,0,0,0,0,0,0,0,0,2,3,5,1,5,1,1,0,1,0,1,0,0,2,3,0,0,1,1,0,1,1,1,3,0,0,0,0,0,7.525626172,29.24959268
H2-16-all-fractions_metab_conc_5,0,0,2,1,0,0,6,1,5,1,1,4,1,5,3,0,14,8,9,0,2,1,1,1,0,0,0,0,0,1,1,1,0,1,3,0,2,1,0,4,0,8,4,3,4,13,8,39,0,0,1,0,1,1,1,1,0,0,0,0,0,0,0,0,0,0,0,0,0,0,1,0,0,0,0,1,0,1,1,1,1,0,1,0,0,0,1,0,0,0,0,1,1,0,0,0,1,1,1,0,0,0,0,0,0,0,0,0,0,0,0,0,0,0,0,0,0,0,0,0,0,0,0,0,0,0,0,0,0,0,0,0,0,0,0,0,0,0,0,0,0,0,0,1,1,1,1,1,1,1,0,1,0,0,0,0,0,0,0,0,2,1,5,2,5,2,1,0,1,1,0,1,3,4,1,0,0,2,1,1,1,1,4,2,1,1,0,0,1,0.311330068,27.34457802
H2-16-all-fractions_metab_conc_54,0,0,0,0,0,0,0,0,0,0,0,1,0,1,1,0,3,6,5,1,0,0,0,1,0,0,0,0,0,0,0,0,0,1,0,0,0,1,0,1,0,1,2,1,1,3,1,19,0,1,1,0,0,0,0,0,0,0,0,0,0,0,0,0,0,0,0,0,0,0,1,0,0,0,0,0,0,0,1,1,0,0,1,0,0,0,0,0,0,0,0,1,0,0,0,0,0,0,0,0,0,0,0,0,0,0,0,0,0,0,0,0,0,0,0,0,0,0,0,0,0,0,0,0,1,0,0,0,0,0,0,0,0,0,0,0,0,0,0,0,0,0,0,0,0,0,0,0,0,0,0,0,0,0,0,0,0,0,0,0,1,1,4,2,4,2,1,1,1,1,1,0,0,1,1,0,0,2,1,0,0,0,1,2,0,0,0,0,0,8.948654186,36.07298594
H2-16-all-fractions_metab_conc_60,0,3,0,0,0,0,2,1,1,0,0,1,0,1,0,0,5,2,4,2,0,0,0,1,0,1,1,1,0,0,1,0,0,2,1,0,1,2,0,1,0,9,2,3,5,14,5,25,0,0,0,0,1,1,0,1,0,0,0,0,0,0,0,0,0,0,0,1,0,1,1,0,0,0,0,1,0,1,1,1,0,0,0,0,0,0,1,0,0,0,0,1,1,0,0,0,0,0,0,0,0,0,0,0,0,0,0,0,0,0,0,0,0,0,0,0,0,0,0,0,0,0,0,0,0,0,0,0,0,0,0,0,0,0,0,0,0,0,0,0,0,0,0,1,1,1,0,1,0,0,0,0,0,0,0,0,0,0,0,0,1,3,4,2,4,2,1,0,1,1,1,0,2,1,3,0,0,2,1,1,1,1,2,2,1,1,0,0,1,9.003197691,25.40111098
H2-16-all-fractions_metab_conc_62,1,0,0,0,0,0,2,0,0,0,0,2,0,1,1,0,5,5,7,1,1,0,0,1,0,0,0,1,0,0,1,0,0,1,0,0,0,2,1,2,0,2,1,1,2,1,2,16,0,0,1,0,0,0,1,1,0,0,0,0,0,0,0,0,0,0,0,0,0,0,0,0,1,0,0,1,0,0,1,1,1,0,0,0,0,0,0,0,0,0,0,1,1,0,0,0,0,1,0,0,0,0,0,0,0,0,0,0,0,0,0,0,0,0,0,0,0,0,0,0,0,0,0,0,0,0,0,0,0,0,0,0,0,0,0,0,0,0,0,0,0,0,0,0,0,0,0,0,0,0,0,0,0,0,0,0,0,0,0,0,2,1,4,0,4,0,1,0,1,0,1,1,1,3,1,0,0,0,1,1,0,1,0,2,1,1,0,0,1,2.062976965,32.26996119
H2-16-all-fractions_metab_conc_65,0,0,0,0,0,0,0,0,0,0,0,0,0,2,1,0,3,8,6,1,0,0,0,1,0,0,0,0,0,0,0,0,0,1,0,0,0,1,0,1,0,5,4,1,1,5,4,20,0,0,0,0,0,1,0,1,0,0,0,0,0,0,0,0,0,0,0,0,0,0,1,0,0,0,0,0,0,0,1,1,0,0,0,0,0,0,1,0,0,0,0,1,0,0,0,0,0,1,1,0,0,0,0,0,0,0,0,0,0,0,0,0,0,0,0,0,0,0,0,0,0,0,0,0,0,0,0,0,0,0,0,0,0,0,0,0,0,0,0,0,0,0,0,0,0,0,0,0,0,0,0,0,0,0,0,0,0,0,0,0,1,1,3,2,3,2,1,1,1,1,1,0,1,2,1,0,0,2,1,0,1,0,1,2,0,0,0,0,0,13.03855478,32.51608551
H2-16-all-fractions_metab_conc_71,1,3,0,1,0,0,6,1,5,1,1,4,1,6,1,2,8,5,9,3,0,1,1,1,0,0,1,1,0,0,1,0,0,2,2,0,2,2,1,3,0,6,3,1,3,11,6,35,0,0,1,0,1,0,0,0,0,0,0,0,0,0,0,0,0,0,0,0,0,1,1,0,1,0,0,0,0,0,1,1,1,0,1,0,0,0,1,0,0,0,0,1,1,0,0,0,0,1,1,0,0,0,0,0,0,0,0,0,0,0,0,0,0,0,0,0,0,0,0,0,0,0,0,0,0,0,0,0,0,0,0,0,0,0,0,0,0,0,0,0,0,0,0,0,0,0,0,0,0,0,0,0,0,0,0,0,0,0,0,0,1,3,4,2,4,2,1,1,1,1,1,0,2,1,3,0,0,2,1,0,1,1,3,3,0,0,0,0,0,4.99904784,28.91811198
H2-16-all-fractions_metab_conc_77,0,0,0,0,0,0,0,0,0,0,0,1,0,1,2,0,1,6,4,1,0,0,0,1,0,0,0,0,0,0,0,0,0,1,0,0,0,1,0,1,0,2,3,1,1,8,0,21,0,0,0,0,0,0,0,0,0,0,0,0,0,0,0,0,0,0,0,0,0,0,1,0,0,0,0,0,0,0,1,1,0,0,1,0,0,0,1,0,0,0,0,1,1,0,0,0,0,1,0,0,0,0,0,0,0,0,0,0,0,0,0,0,0,0,0,0,0,0,0,0,0,0,0,0,0,0,0,0,0,0,0,0,0,0,0,0,0,0,0,0,0,0,0,0,0,0,0,0,0,0,0,0,0,0,0,0,0,0,0,0,1,2,5,2,5,2,1,0,1,1,1,1,0,1,2,0,0,2,1,0,0,0,2,2,0,0,0,0,1,9.579455703,39.89991305
H2-16-all-fractions_metab_conc_97,0,0,0,0,0,0,0,0,0,0,0,2,0,0,0,0,1,4,2,1,0,0,0,1,0,0,0,0,0,0,0,0,0,1,0,0,0,1,0,1,0,3,2,1,1,7,3,22,0,1,0,0,0,0,0,0,0,0,0,0,0,0,0,0,0,0,0,0,0,0,1,0,1,0,0,0,0,0,1,1,0,0,1,0,0,0,1,0,0,0,0,1,0,0,0,0,0,1,1,0,0,0,0,0,0,0,0,0,0,0,0,0,0,0,0,0,0,0,0,0,0,0,0,0,0,0,0,0,0,0,0,0,0,0,0,0,0,0,0,0,0,0,0,0,0,0,0,0,0,0,0,0,0,0,0,0,0,0,0,0,1,1,4,2,4,2,1,1,1,1,1,0,0,1,1,0,0,2,1,0,0,0,0,2,0,0,0,0,1,9.86804292,36.11444284
H2-18-all-fractions_metab_36,0,0,1,1,0,0,3,0,2,0,0,2,0,4,3,1,8,6,7,1,0,0,1,1,0,0,0,0,0,1,1,1,0,1,1,0,0,0,1,3,1,2,2,1,1,1,1,23,0,0,1,0,1,0,1,0,0,0,0,0,0,0,0,0,0,0,0,0,0,0,1,0,1,0,0,0,0,0,1,1,1,0,0,0,0,0,0,0,0,0,0,1,1,0,0,0,0,1,0,0,0,0,0,0,0,0,0,0,0,0,0,0,0,0,0,0,0,0,0,0,0,0,0,0,0,0,0,0,0,0,0,0,0,0,0,0,0,0,0,0,0,0,0,1,1,1,0,1,0,0,0,0,0,0,0,0,0,0,0,0,2,0,4,1,4,1,0,0,1,1,1,1,1,2,0,0,0,1,1,1,1,0,1,2,1,1,0,0,1,1.578439745,36.69229666
H2-18-all-fractions_metab_49,0,2,0,0,0,0,1,0,0,0,0,1,0,1,0,1,9,2,5,1,0,0,0,1,0,0,0,0,0,0,1,0,0,2,0,0,1,0,0,1,0,3,3,3,2,4,1,26,0,1,0,0,1,0,1,1,0,0,0,0,0,0,0,0,0,0,0,0,0,0,0,0,0,0,0,0,0,1,1,0,0,0,1,0,0,0,0,0,0,0,0,1,0,0,0,0,0,0,0,0,0,0,0,0,0,0,0,0,0,0,0,0,0,0,0,0,0,0,0,0,0,0,0,0,0,0,0,0,0,0,0,0,0,0,0,0,0,0,0,0,0,0,0,0,0,0,0,0,0,0,0,0,0,0,0,0,0,0,0,0,0,2,3,2,3,2,1,0,0,1,1,0,1,2,2,0,0,2,0,0,1,0,2,0,0,0,0,0,0,27.05920319,36.81949598
H2-18-all-fractions_metab_63,0,3,0,0,0,0,5,0,2,1,1,2,0,6,2,1,8,5,8,4,0,0,1,1,1,2,1,0,0,1,1,1,0,1,1,0,1,1,1,3,0,2,4,1,2,9,2,41,0,1,1,0,0,1,0,0,0,0,0,0,0,0,0,0,0,0,0,1,0,1,1,0,1,0,0,0,0,0,1,1,1,0,1,0,0,0,1,0,0,0,0,0,1,1,1,1,1,1,1,0,0,0,0,0,0,0,0,0,0,0,0,0,0,0,0,0,0,0,0,0,0,0,0,0,0,0,0,0,0,0,0,0,0,0,0,0,0,0,0,0,0,0,0,0,0,0,0,0,0,0,0,0,0,0,0,0,0,0,0,0,1,3,5,2,5,2,1,0,1,1,2,0,2,1,3,0,0,2,1,1,1,0,1,3,1,1,0,1,0,2.298736609,30.16455424
H2-18-all-fractions_metab_84,0,0,0,0,0,0,4,0,4,0,0,2,1,3,1,0,4,4,5,0,0,1,0,1,0,0,0,0,0,0,0,1,0,1,1,0,1,1,0,3,0,2,2,1,1,8,2,22,0,0,1,0,0,0,0,1,0,0,0,0,0,0,0,0,0,0,0,0,0,0,1,0,0,0,0,0,0,0,1,1,0,0,0,0,0,0,0,0,0,0,0,1,1,0,0,0,0,1,1,0,0,0,0,0,0,0,0,0,0,0,0,0,0,0,0,0,0,0,0,0,1,0,0,0,0,0,0,0,0,0,0,0,0,0,0,0,0,0,0,0,0,0,0,0,0,0,0,0,0,0,0,0,0,0,0,0,0,0,0,0,0,1,5,2,5,2,1,0,1,0,1,0,1,1,1,0,0,2,0,0,1,0,2,1,0,0,0,0,1,4.818487043,36.66397256
H2-18-all-fractions_metab_91,0,0,0,0,0,0,0,0,0,0,0,1,0,1,1,0,3,7,7,0,0,0,0,1,0,0,0,0,0,0,1,1,0,1,0,0,0,1,0,0,0,3,2,1,1,3,2,25,0,0,0,0,0,0,0,1,0,0,0,0,0,0,0,0,0,0,0,0,0,0,1,0,0,0,0,0,0,0,1,1,0,0,0,0,0,0,1,0,0,0,0,1,1,0,0,0,0,1,0,0,0,0,0,0,0,0,0,0,0,0,0,0,0,0,0,0,0,0,0,0,0,0,0,0,0,0,0,0,0,0,0,0,0,0,0,0,0,0,0,0,0,0,0,0,0,0,0,0,0,0,0,0,0,0,0,0,0,0,0,0,1,0,4,2,4,2,1,0,1,0,0,0,0,1,0,0,0,2,0,0,0,0,2,2,0,0,0,0,1,4.750556898,41.372493
H2-18-all-fractions_metab_conc_15,0,2,0,0,0,0,1,0,1,0,0,2,0,0,0,0,6,2,5,1,0,0,0,1,0,0,0,0,0,0,0,1,0,0,1,0,1,0,0,0,0,3,4,1,3,5,1,26,0,0,0,0,0,0,0,0,0,0,0,0,0,0,0,0,0,0,0,0,0,1,1,0,0,0,1,0,0,0,1,1,0,0,0,0,0,0,0,0,0,0,0,0,1,0,0,0,0,0,0,0,0,0,0,0,0,0,0,0,0,0,0,0,0,0,0,0,0,0,0,0,0,0,0,0,0,0,0,1,0,0,0,0,0,0,0,0,0,0,0,0,0,0,0,0,0,0,0,0,0,0,0,0,0,0,0,0,0,0,0,0,0,1,4,2,4,2,0,0,1,1,0,0,1,0,1,0,0,2,1,0,0,0,3,1,0,0,0,0,1,5.818283159,34.20511965
H2-18-all-fractions_metab_conc_22,0,3,1,1,0,0,2,0,0,0,0,1,0,2,1,0,6,8,6,4,0,0,0,1,0,0,0,0,0,0,1,1,0,2,1,0,2,1,2,3,0,5,4,1,2,9,6,33,1,0,0,0,1,0,0,1,0,1,0,0,1,0,0,0,0,0,0,1,0,1,1,0,0,0,0,0,0,1,1,1,1,0,1,0,0,0,1,0,0,0,0,1,1,1,1,1,1,1,1,0,0,0,0,0,0,0,0,0,0,0,0,0,0,0,0,0,0,0,0,0,1,0,0,0,0,0,0,0,0,0,0,0,0,0,0,0,0,0,0,0,0,0,0,0,0,0,0,0,0,0,0,0,0,0,0,0,0,0,0,0,1,3,5,2,5,2,1,1,0,1,1,1,3,1,3,1,0,2,1,1,1,1,3,2,1,1,0,1,0,8.665774357,26.42267231
H2-18-all-fractions_metab_conc_34,0,0,0,0,0,0,0,0,3,0,0,2,0,1,1,0,3,6,4,0,0,0,0,1,0,0,0,0,0,0,0,1,0,1,1,0,0,1,0,1,0,3,2,2,2,5,2,26,0,0,0,0,0,0,0,1,0,0,0,0,0,0,0,0,0,0,0,0,0,0,1,0,0,0,0,0,0,0,1,1,0,0,0,0,0,0,1,0,0,0,0,1,1,0,0,0,0,1,1,0,0,0,0,0,0,0,0,0,0,0,0,0,0,0,0,0,0,0,0,0,1,0,0,0,0,0,0,0,0,0,0,0,0,0,0,0,0,0,0,0,0,0,0,0,0,0,0,0,0,0,0,0,0,0,0,0,0,0,0,0,0,1,2,1,2,1,0,0,1,0,1,1,1,2,1,0,0,1,0,0,0,0,1,1,0,0,0,0,1,6.224474294,39.73284012
H2-18-all-fractions_metab_conc_39,0,2,0,0,0,0,2,0,0,0,0,1,0,0,1,0,5,2,5,1,0,0,0,0,0,0,0,0,0,0,0,0,0,2,0,0,1,1,0,0,0,4,0,1,2,4,3,17,0,0,1,0,1,0,1,1,0,0,0,0,0,0,0,0,0,0,0,0,0,0,1,0,0,1,0,0,0,0,1,1,1,0,0,0,0,0,0,0,0,0,0,1,1,0,0,0,0,0,0,0,0,0,0,0,0,0,0,0,0,0,0,0,0,1,0,0,0,0,0,0,0,0,0,0,0,0,0,0,0,1,0,0,0,0,0,0,0,0,0,0,0,0,0,0,0,0,0,0,0,0,0,0,0,0,0,0,0,0,0,0,1,2,5,1,5,1,0,0,0,1,0,0,0,1,2,0,0,1,1,0,0,0,0,2,0,0,0,0,1,13.5182173,39.55175249
H2-18-all-fractions_metab_conc_45,0,2,0,0,0,0,6,0,1,0,0,1,1,1,0,0,2,3,3,2,0,1,0,1,0,0,0,0,0,0,0,0,0,2,0,0,1,0,0,1,0,1,1,1,1,5,0,24,0,0,0,0,1,0,1,1,0,0,0,0,0,0,0,0,0,0,0,0,0,0,0,0,0,0,0,0,0,1,1,1,1,0,1,0,0,0,0,0,0,0,0,0,0,0,0,0,0,0,0,0,0,0,0,0,0,0,0,0,0,0,0,0,0,0,0,0,0,0,0,0,0,0,0,0,0,0,0,0,0,0,0,0,0,0,0,0,0,0,0,0,0,0,0,0,0,0,0,0,0,0,0,0,0,0,0,0,0,0,0,0,0,2,1,2,1,2,0,0,0,1,1,0,0,1,2,0,0,2,0,0,1,0,2,0,0,0,0,0,0,10.41409465,34.59747997
H2-18-all-fractions_metab_conc_56,0,3,0,1,0,0,2,0,0,0,0,1,0,2,1,1,3,3,3,1,0,1,0,1,0,0,0,0,0,0,1,1,0,1,0,0,0,0,1,1,0,5,4,1,2,10,6,31,0,0,0,0,1,1,1,1,0,0,0,0,0,0,0,0,0,0,0,0,0,1,1,0,0,0,0,0,0,1,1,1,0,0,0,0,0,1,1,0,0,0,0,1,1,0,0,1,0,0,1,0,0,0,0,0,0,0,0,0,0,0,0,0,0,0,0,0,0,0,0,0,0,0,0,0,0,0,0,0,0,0,0,0,0,0,0,0,0,0,0,0,0,0,0,1,1,0,0,0,0,0,0,0,0,0,0,0,0,0,0,0,1,2,5,2,5,2,1,0,0,1,1,0,0,2,2,0,0,2,0,0,0,0,4,2,0,0,0,0,1,10.49178043,27.12998544
H2-18-all-fractions_metab_conc_57,0,2,0,1,0,0,2,0,1,0,0,0,0,2,0,0,4,1,4,2,0,1,1,1,0,0,0,0,0,0,0,1,1,3,1,0,1,0,0,2,0,6,4,2,5,12,6,27,0,1,1,0,1,0,1,1,1,0,0,0,0,0,0,0,0,0,0,0,0,0,1,0,0,0,0,0,0,1,1,1,1,0,0,0,0,0,1,0,0,0,0,1,1,0,0,0,0,0,1,0,0,0,0,0,0,0,0,0,0,0,0,0,0,0,0,0,0,0,0,0,0,0,0,0,0,0,0,1,0,0,0,0,0,0,0,0,0,0,0,0,0,0,0,0,0,0,0,0,0,0,0,0,0,0,0,0,0,0,0,0,0,2,5,2,5,2,0,0,0,1,2,0,2,1,2,0,0,2,0,0,0,0,3,1,0,0,0,0,0,8.179614222,30.15489632
H2-18-all-fractions_metab_conc_62,0,0,0,0,0,0,1,0,0,0,0,3,0,2,2,0,3,7,3,1,0,0,0,1,0,0,0,0,0,0,0,0,0,0,0,0,0,1,0,1,0,4,2,2,3,7,4,23,0,0,0,0,0,1,0,0,0,0,0,0,0,0,0,0,0,0,0,0,0,0,1,0,1,0,0,0,0,0,1,1,0,0,0,0,0,0,1,0,0,0,0,0,1,0,0,0,0,1,0,0,0,0,0,0,0,0,0,0,0,0,0,0,0,0,0,0,0,0,0,0,0,0,0,0,1,0,0,0,0,0,0,0,0,0,0,0,0,0,0,0,0,0,0,0,0,0,0,0,0,0,0,0,0,0,0,0,0,0,0,0,1,2,3,2,3,2,1,1,1,1,1,1,0,1,2,0,0,2,1,0,0,0,2,2,0,0,0,0,1,5.512136087,30.31313787
H2-18-all-fractions_metab_conc_74,0,3,0,0,0,0,6,0,1,0,0,2,2,4,1,1,9,4,8,1,0,0,1,1,1,1,1,1,0,0,0,1,0,2,1,0,0,2,1,3,0,2,2,1,2,4,2,27,0,0,1,0,1,0,1,1,0,0,0,0,1,0,0,0,0,0,0,1,0,1,1,0,1,0,0,0,0,1,1,1,0,0,1,1,0,0,1,0,0,0,0,1,0,0,0,0,1,0,1,0,0,0,0,0,0,0,0,0,0,0,0,0,0,0,0,0,0,0,0,0,0,0,0,0,0,0,0,0,0,0,0,0,0,0,0,0,0,0,0,0,0,0,0,0,0,0,0,0,0,0,0,0,0,0,0,0,0,0,0,0,1,3,5,2,5,2,1,0,1,1,1,0,2,1,3,0,0,2,1,1,1,1,3,2,1,1,0,0,0,7.817368426,29.553047
H2-18-all-fractions_metab_conc_82,0,0,0,0,0,0,4,0,3,0,0,2,0,0,0,0,4,3,2,0,0,0,0,1,0,0,0,0,0,0,0,1,0,1,1,0,0,1,1,1,0,2,2,1,1,4,1,26,0,0,1,0,0,0,0,0,0,0,0,0,0,0,0,0,0,0,0,0,0,0,1,0,0,0,0,0,0,0,1,1,0,0,0,0,0,0,0,0,0,0,0,1,1,0,0,0,0,0,1,0,0,0,0,0,0,0,0,0,0,0,0,0,0,0,0,0,0,0,0,0,0,0,0,0,0,0,0,0,0,0,0,0,0,0,0,0,0,0,0,0,0,0,0,0,0,0,0,0,0,0,0,0,0,0,0,0,0,0,0,0,0,0,5,2,5,2,1,0,1,0,1,0,0,1,0,0,0,2,0,0,0,0,1,1,0,0,0,0,1,6.351432199,42.07642073
H2-18-all-fractions_metab_conc_87,0,0,0,0,0,0,0,0,0,0,0,1,0,1,2,0,1,6,4,1,0,0,0,1,0,0,0,0,0,0,0,0,0,1,0,0,0,1,0,1,0,3,3,1,1,9,0,20,0,1,1,0,0,0,0,0,0,0,0,0,0,0,0,0,0,0,0,0,0,0,1,0,0,0,0,0,0,0,1,1,0,0,1,0,0,0,1,0,0,0,0,1,1,0,0,0,0,1,1,0,0,0,0,0,0,0,0,0,0,0,0,0,0,0,0,0,0,0,0,0,0,0,0,0,0,0,0,0,0,0,0,0,0,0,0,0,0,0,0,0,0,0,0,0,0,0,0,0,0,0,0,0,0,0,0,0,0,0,0,0,1,2,5,2,5,2,1,0,1,1,1,1,0,1,2,0,0,2,1,0,0,0,2,2,0,0,0,0,1,10.93838191,39.46847423
H2-18-all-fractions_metab_conc_88,0,2,0,2,0,0,4,0,1,0,0,1,0,2,0,0,4,2,6,1,0,1,1,1,0,0,0,0,0,0,1,1,1,1,1,0,1,0,0,1,0,6,4,1,3,12,8,31,0,1,1,0,0,0,1,1,1,0,0,0,0,0,0,0,0,0,0,0,0,0,1,0,0,0,0,1,0,1,1,0,1,0,1,0,0,0,0,0,0,0,0,1,1,0,0,0,0,0,1,0,0,0,0,0,0,0,0,0,0,0,0,0,0,0,0,0,0,0,0,0,0,0,0,0,0,0,0,1,0,0,0,0,0,0,0,0,0,0,0,0,0,0,0,0,0,0,0,0,0,0,0,0,0,0,0,0,0,0,0,0,1,3,5,2,5,2,0,1,0,1,2,0,2,1,3,0,0,2,0,0,1,1,1,2,0,0,0,0,0,2.090301077,29.53995711
H2-18-all-fractions_metab_conc_95,0,3,0,0,0,0,1,0,1,0,0,1,0,1,0,0,7,4,6,3,0,0,0,1,0,0,1,1,0,0,0,0,0,4,1,0,0,1,0,3,0,1,1,1,1,4,2,23,0,0,0,0,1,0,0,1,0,0,0,0,0,0,0,0,0,0,0,0,0,1,1,0,1,0,0,0,0,0,1,1,0,0,0,0,0,0,1,0,0,0,0,1,1,0,0,0,1,1,0,0,0,0,0,0,0,0,0,0,0,0,0,0,0,0,0,0,0,0,0,0,0,0,0,0,0,0,1,0,0,0,0,0,0,0,0,0,0,0,0,0,0,0,0,0,0,0,0,0,0,0,0,0,0,0,0,0,0,0,0,0,1,3,5,2,5,2,1,1,1,1,1,0,2,1,3,0,0,2,1,1,0,1,1,2,1,1,0,0,0,17.08984331,35.47781219
H2-18-all-fractions_metab_conc_96,0,2,0,0,0,0,3,0,2,0,0,2,1,2,2,0,2,3,3,1,0,1,0,1,0,0,0,0,0,0,1,0,0,1,1,0,0,1,1,1,0,4,2,2,4,8,2,21,0,0,1,0,0,0,1,1,0,0,0,0,0,0,0,0,0,0,0,1,0,0,1,0,0,0,0,0,0,0,1,1,0,0,1,0,0,0,0,0,0,0,0,1,0,0,0,0,0,1,0,0,0,0,0,0,0,0,0,0,0,0,0,0,0,0,0,0,0,0,0,0,0,0,0,0,0,0,0,0,0,0,0,0,0,0,0,0,0,0,0,0,0,0,0,0,0,0,0,0,0,0,0,0,0,0,0,0,0,0,0,0,1,2,5,2,5,2,1,1,1,1,1,0,1,1,2,0,0,2,1,0,1,0,2,2,0,0,0,0,1,7.904167325,35.40141844
H2-18-all-fractions_metab_conc_98,1,0,0,0,0,0,2,0,0,0,0,1,0,2,1,0,4,5,11,1,1,0,0,1,0,0,0,1,0,0,1,0,0,1,0,0,0,2,1,2,0,3,1,1,2,2,3,21,0,0,1,0,1,0,1,1,0,0,0,0,0,0,0,0,0,0,0,0,0,0,1,0,1,0,0,1,0,0,1,1,0,0,1,0,0,0,1,0,0,0,0,1,1,0,0,0,0,1,0,0,0,0,0,0,0,0,0,0,0,0,0,0,0,0,0,0,0,0,0,0,0,0,0,0,0,0,0,0,0,0,0,0,0,0,0,0,0,0,0,0,0,0,0,0,0,0,0,0,0,0,0,0,0,0,0,0,0,0,0,0,2,1,4,0,4,0,1,0,1,0,0,1,1,2,1,0,0,0,1,1,1,1,0,2,1,1,0,0,1,1.674442976,29.67424446
H2-18-all-fractions_metab_maxbC_80,0,2,0,0,0,0,1,0,0,0,0,1,0,0,1,0,2,1,3,2,0,0,0,1,0,0,0,0,0,0,0,1,0,2,0,0,0,0,0,2,0,2,2,3,2,2,0,20,0,0,0,0,1,0,1,1,0,0,0,0,0,0,0,0,0,0,0,0,0,1,0,0,0,0,0,0,0,0,1,1,0,0,1,0,0,0,1,0,0,0,0,1,0,0,0,0,0,0,1,0,0,0,0,0,0,0,0,0,0,0,0,0,0,0,0,0,0,0,0,0,0,0,0,0,0,0,0,0,0,0,0,0,0,0,0,0,0,0,0,0,0,0,0,0,0,0,0,0,0,0,0,0,0,0,0,0,0,0,0,0,0,2,3,2,3,2,0,0,0,1,1,0,1,0,2,0,0,2,0,0,1,0,2,1,0,0,0,1,0,15.26593264,36.00827451
H3-16-all-fractions_conc_123,0,2,0,2,0,0,4,0,1,0,0,1,0,2,0,0,4,2,6,1,0,1,1,1,0,0,0,0,0,0,1,1,1,1,1,0,1,0,0,1,0,6,4,1,3,12,8,31,0,1,1,0,0,0,1,1,1,0,0,0,0,0,0,0,0,0,0,0,0,0,1,0,0,0,0,1,0,1,1,0,1,0,1,0,0,0,0,0,0,0,0,1,1,0,0,1,0,0,1,0,0,0,0,0,0,0,0,0,0,0,0,0,0,0,0,0,0,0,0,0,0,0,0,0,0,0,0,1,0,0,0,0,0,0,0,0,0,0,0,0,0,0,0,0,0,0,0,0,0,0,0,0,0,0,0,0,0,0,0,0,1,3,5,2,5,2,0,1,0,1,2,0,2,1,3,0,0,2,0,0,1,1,1,2,0,0,0,0,0,2.308030429,29.22221151
H3-16-all-fractions_conc_3,0,0,0,2,0,0,6,0,3,1,1,3,0,5,3,0,8,8,8,1,1,1,1,1,0,0,0,0,0,1,1,1,0,1,0,0,1,0,1,4,0,5,4,2,3,8,5,34,0,0,1,0,1,1,1,1,0,0,0,0,1,0,0,0,0,0,0,1,0,0,1,0,0,0,0,0,0,0,1,1,1,0,1,0,0,0,1,0,0,0,0,1,1,0,0,0,0,1,1,0,0,0,0,0,0,0,0,0,0,0,0,0,0,0,0,0,0,0,0,0,0,0,0,0,0,0,0,0,0,0,0,0,0,0,0,0,0,0,0,0,0,0,0,1,1,0,0,0,0,0,0,1,0,0,0,0,0,0,0,0,2,3,5,2,5,2,1,0,1,1,1,1,2,3,3,0,0,2,1,1,1,1,3,2,1,1,0,0,1,4.620450028,34.93275062
H3-16-all-fractions_conc_58,0,0,1,0,0,0,6,0,3,1,1,2,3,1,2,0,5,5,7,0,0,1,0,1,0,0,0,1,0,0,0,1,0,4,0,0,1,0,0,3,0,5,3,2,3,9,6,34,0,0,1,0,1,0,1,0,0,0,1,0,0,0,0,0,0,0,0,1,0,0,0,0,1,0,1,0,0,0,1,1,0,0,0,0,0,1,0,0,0,0,0,1,1,0,0,0,1,0,1,0,0,0,0,0,0,0,0,0,0,0,0,0,0,0,0,0,0,0,0,0,0,0,0,0,0,0,0,0,0,0,0,0,0,0,0,0,0,0,0,0,0,0,0,0,0,0,0,0,0,0,0,0,0,0,0,0,0,0,0,0,0,2,5,2,5,2,1,0,0,1,0,0,1,2,2,0,0,2,0,0,1,0,2,1,0,0,0,0,0,13.92128527,32.75224397
H3-16-all-fractions_maxb_26,0,2,0,0,0,0,1,0,1,0,0,0,0,0,0,0,2,3,3,2,0,1,0,1,0,0,0,0,0,0,0,1,0,2,0,0,0,0,0,0,0,5,3,2,4,11,6,23,0,0,0,0,1,0,1,1,0,0,0,0,0,0,0,0,0,0,0,0,0,0,1,0,0,0,0,0,0,1,1,1,1,0,1,0,0,0,0,0,0,0,0,1,1,0,0,0,0,0,0,0,0,0,0,0,0,0,0,0,0,0,0,0,0,0,0,0,0,0,0,0,0,0,0,0,0,0,0,0,0,0,0,0,0,0,0,0,0,0,0,0,0,0,0,0,0,0,0,0,0,0,0,0,0,0,0,0,0,0,0,0,0,1,3,1,3,1,0,1,0,1,1,0,1,1,1,0,0,1,0,0,0,1,4,1,0,0,0,0,0,5.62848317,35.18581369
H3-16-all-fractions_metab_130,0,2,0,0,0,0,1,0,0,0,0,1,0,2,0,0,5,2,7,1,0,0,0,0,0,0,0,0,0,0,0,1,0,3,0,0,0,1,0,0,0,2,0,1,1,4,1,24,0,0,0,0,1,1,0,0,0,0,0,0,0,0,0,0,0,0,0,0,0,1,1,0,0,0,0,0,0,1,1,0,0,0,0,0,0,0,1,0,0,0,0,0,1,0,0,0,0,0,1,0,0,0,0,0,0,0,0,0,0,0,0,0,0,1,0,0,0,0,0,0,0,0,0,0,0,0,0,0,0,1,0,0,0,0,0,0,0,0,0,0,0,0,0,0,0,0,0,0,0,0,0,0,0,0,0,0,0,0,0,0,1,1,5,2,5,2,0,0,1,1,1,0,1,1,1,0,0,2,0,0,0,0,1,2,0,0,0,0,0,9.553475977,29.32650206
H3-16-all-fractions_metab_140,0,2,0,1,0,0,0,0,1,0,0,2,0,0,0,0,6,3,5,1,0,1,0,1,0,0,0,0,0,0,0,1,0,2,1,0,1,0,0,1,0,2,4,1,2,5,2,31,0,0,0,0,0,0,0,0,0,0,0,0,0,0,0,0,0,0,0,0,0,1,1,0,1,0,0,0,0,0,1,1,0,0,0,0,0,0,0,0,0,0,0,0,1,0,0,0,0,0,0,0,0,0,0,0,0,0,0,0,0,0,0,0,0,0,0,0,0,0,0,0,0,0,0,0,0,0,0,1,0,0,0,0,0,0,0,0,0,0,0,0,0,0,0,0,0,0,0,0,0,0,0,0,0,0,0,0,0,0,0,0,0,1,3,2,3,2,0,0,1,1,0,0,1,0,1,0,0,2,1,0,0,0,3,1,0,0,0,1,1,5.33224086,33.87516234
H3-16-all-fractions_metab_147,1,0,2,1,1,0,4,1,5,1,1,6,1,4,2,1,7,4,8,1,1,1,1,1,0,0,0,0,0,1,1,1,0,1,1,0,1,1,0,1,0,9,4,2,3,13,7,30,0,0,1,0,1,1,1,0,0,0,1,0,0,0,0,0,0,0,0,0,0,0,1,0,0,0,0,1,0,1,1,1,1,0,0,0,0,0,1,0,0,0,0,1,0,0,0,0,1,1,0,0,0,0,0,0,0,0,0,0,0,0,0,0,0,0,0,0,0,0,0,0,0,0,0,0,1,0,0,0,0,0,0,0,0,0,0,0,0,0,0,0,0,0,0,0,0,0,0,0,0,0,0,0,0,0,0,0,0,0,0,0,1,1,4,2,4,2,1,0,1,1,1,1,1,3,1,0,0,2,1,1,1,1,2,1,1,1,0,0,1,15.97104074,25.11672441
H3-16-all-fractions_metab_148,1,0,0,0,0,0,1,0,0,0,0,1,0,1,0,0,4,5,4,1,0,0,0,1,0,0,0,0,0,0,1,0,0,1,0,0,0,1,1,1,0,3,2,2,2,5,4,26,0,1,1,0,0,0,0,1,0,0,0,0,0,0,0,0,0,0,0,0,0,0,1,0,0,0,0,0,0,0,1,1,0,0,1,0,0,0,0,0,0,0,0,1,0,0,0,0,0,0,0,0,0,0,0,0,0,0,0,0,0,0,0,0,0,0,0,0,0,0,0,0,0,0,0,0,1,0,0,0,0,0,0,0,0,0,0,0,0,0,0,0,0,0,0,0,0,0,0,0,0,0,0,0,0,0,0,0,0,0,0,0,1,3,4,2,4,2,1,1,1,0,1,0,1,1,3,0,0,2,1,0,0,0,0,2,0,0,0,0,1,4.189891747,29.48190117
H3-16-all-fractions_metab_155,0,0,0,0,0,0,1,0,2,0,0,2,0,1,1,0,5,6,6,1,0,1,0,1,0,0,0,0,0,0,0,1,0,1,1,0,0,1,0,3,0,2,1,0,0,3,3,24,0,0,1,0,1,0,0,1,0,0,0,0,0,0,0,0,0,0,0,0,0,0,1,0,0,0,0,0,0,1,1,1,0,0,1,0,0,0,1,0,0,0,0,1,1,0,0,0,1,1,1,0,0,0,0,0,0,0,0,0,0,0,0,0,0,0,0,0,0,0,0,0,0,0,0,0,0,0,0,0,0,0,0,0,0,0,0,0,0,0,0,0,0,0,0,0,0,0,0,0,0,0,0,0,0,0,0,0,0,0,0,0,1,1,5,2,5,2,1,0,1,1,0,1,1,1,1,0,0,2,1,0,0,0,1,1,0,0,0,0,0,8.71413558,33.15030973
H3-16-all-fractions_metab_25,0,3,0,0,0,0,4,1,4,0,0,3,0,3,1,0,7,7,6,2,0,1,1,1,0,0,1,0,0,0,0,1,0,3,1,0,1,1,0,1,0,5,4,1,1,6,4,39,0,1,1,0,1,0,0,1,0,0,0,0,0,0,0,0,0,0,0,1,0,0,1,0,1,0,0,0,0,1,1,1,1,1,1,0,0,0,1,0,0,0,0,1,1,0,0,0,0,0,0,0,0,0,0,0,0,0,0,0,0,0,0,0,0,0,0,0,0,0,0,0,0,0,0,0,1,0,0,0,0,0,0,0,0,0,0,0,0,0,0,0,0,0,0,0,0,0,0,0,0,0,0,0,0,0,0,0,0,0,0,0,0,2,5,2,5,2,1,0,1,1,2,0,0,1,2,0,0,2,1,1,0,1,1,1,1,1,0,0,1,4.624644279,32.72691228
H3-16-all-fractions_metab_34,0,0,0,0,0,0,5,0,1,0,0,2,2,2,1,0,4,6,5,0,0,0,0,1,0,0,0,0,0,0,1,1,0,2,0,0,0,0,1,4,0,5,2,1,2,7,3,25,0,1,1,0,1,1,1,0,0,0,0,0,0,0,0,0,0,0,0,1,1,0,0,0,1,0,0,0,0,0,1,1,0,0,1,0,0,0,0,0,0,0,0,1,1,0,0,0,0,0,0,0,0,0,0,0,0,0,0,0,0,0,0,0,0,0,0,0,0,0,0,0,0,0,1,0,0,0,0,0,0,0,0,0,0,0,0,0,0,0,0,0,0,0,0,1,1,1,0,1,0,0,0,0,0,0,0,0,0,0,0,0,0,0,3,1,3,1,1,0,1,1,0,1,1,3,0,0,0,1,0,1,0,0,2,0,1,1,0,0,1,6.046750783,40.61576824
H3-16-all-fractions_metab_43,0,3,0,0,0,0,2,0,1,0,0,0,0,2,1,0,4,2,4,1,0,0,0,1,0,0,0,0,0,0,0,0,0,2,0,0,0,0,1,1,0,3,3,1,1,10,3,27,0,0,0,0,1,0,1,1,0,0,0,0,0,0,0,0,0,0,0,0,0,1,0,0,0,0,1,0,0,1,1,1,0,0,0,0,0,0,1,0,0,0,0,1,0,0,0,0,0,0,1,0,0,0,0,0,0,0,0,0,0,0,0,0,0,0,0,0,0,0,0,0,0,0,0,0,0,0,0,0,0,0,0,0,0,0,0,0,0,0,0,0,0,0,0,0,0,0,0,0,0,0,0,0,0,0,0,0,0,0,0,0,0,2,5,2,5,2,1,0,1,1,0,1,1,0,2,0,0,2,0,0,0,0,3,0,0,0,0,0,1,9.79610316,33.04193868
H3-16-all-fractions_metab_44,0,2,0,1,0,0,2,0,0,0,0,0,0,0,1,0,2,4,7,1,0,0,0,1,0,0,0,0,0,0,0,0,0,2,0,0,1,0,0,2,0,6,5,1,4,8,6,21,0,0,0,0,0,0,1,0,0,0,0,0,0,0,0,0,0,0,0,0,0,0,1,0,0,0,0,1,0,1,1,1,0,0,1,0,0,0,0,0,0,0,0,0,0,0,0,0,0,0,1,0,0,0,0,0,0,0,0,0,0,0,0,0,0,0,0,0,0,0,0,0,0,0,0,0,0,0,0,0,0,0,0,0,0,0,0,0,0,0,0,0,0,0,0,0,0,0,0,0,0,0,0,0,0,0,0,0,0,0,0,0,0,3,4,2,4,2,0,0,1,1,2,0,1,1,3,0,0,2,0,0,0,0,1,1,0,0,0,0,0,2.071558674,31.31886224
H3-16-all-fractions_metab_47,0,2,0,0,0,0,3,0,1,0,0,1,0,0,1,1,2,3,4,1,0,0,0,1,0,0,0,0,0,0,1,1,0,1,0,0,1,1,1,3,0,6,4,1,4,13,7,33,0,1,1,0,1,1,0,1,0,0,0,0,0,0,0,0,0,0,1,0,0,0,1,0,0,0,0,0,0,1,1,1,0,0,0,0,0,0,1,0,0,0,0,1,1,0,0,0,0,0,1,0,0,0,0,0,0,0,0,0,0,0,0,0,0,1,0,0,0,0,0,0,0,0,0,0,0,0,0,0,0,1,0,0,0,0,0,0,0,0,0,0,0,0,0,0,0,0,0,0,0,0,0,0,0,0,0,0,0,0,0,0,0,3,5,2,5,2,1,0,1,1,0,0,1,1,3,0,0,2,0,0,0,0,3,1,0,0,0,2,1,9.124129103,32.39915752
H3-16-all-fractions_metab_64,0,2,0,1,0,0,4,0,1,0,0,2,0,3,1,0,2,1,5,2,0,0,1,1,0,0,0,0,0,0,2,1,0,2,0,0,1,1,0,0,0,5,4,2,5,10,4,11,0,0,0,0,0,0,1,0,0,0,0,0,0,0,0,0,0,0,0,0,0,0,0,0,0,0,0,0,0,1,1,1,0,0,0,0,1,0,0,0,0,0,0,1,0,0,0,0,0,0,1,0,0,0,0,0,0,0,0,0,0,0,0,0,0,0,0,0,0,0,0,0,0,0,0,0,0,0,0,0,0,0,0,0,0,0,0,0,0,0,0,0,0,0,0,0,0,0,0,0,0,0,0,0,0,0,0,0,0,0,0,0,1,2,3,2,3,2,0,1,0,1,2,1,1,0,2,0,0,2,0,0,0,1,3,2,0,0,0,0,0,12.80788375,26.61538306
H3-16-all-fractions_metab_67,0,0,0,0,0,0,0,0,3,0,0,2,0,0,0,0,3,4,6,0,0,0,0,1,0,0,0,0,0,0,1,1,0,1,1,0,0,0,0,3,0,3,3,1,1,6,3,20,0,0,1,0,1,0,1,1,0,0,0,0,0,0,0,0,0,0,0,0,0,0,1,0,0,0,0,0,0,0,1,1,0,0,0,0,0,0,0,0,0,0,0,0,0,0,0,0,0,1,1,0,0,0,0,0,0,0,0,0,0,0,0,0,0,0,0,0,0,0,0,0,1,0,0,0,0,0,0,0,0,0,0,0,0,0,0,0,0,0,0,0,0,0,0,0,0,0,0,0,0,0,0,0,0,0,0,0,0,0,0,0,0,1,5,2,5,2,1,0,0,0,1,0,1,0,1,0,0,2,0,0,0,1,0,0,0,0,0,0,1,5.104508244,36.72876211
H3-16-all-fractions_metab_76,1,3,0,0,0,0,7,0,4,1,1,3,0,4,2,1,8,10,7,4,1,1,1,1,0,0,1,1,0,0,0,1,0,3,2,0,2,1,0,5,0,4,4,1,2,10,2,26,0,1,1,0,1,0,0,1,0,0,0,0,0,0,0,0,0,0,0,0,0,1,1,0,1,1,0,0,0,1,1,1,1,0,1,0,1,0,0,0,0,0,0,0,1,0,0,0,1,1,1,0,0,0,0,0,0,0,0,0,0,0,0,0,0,1,0,0,0,0,0,0,1,0,0,0,0,0,1,0,0,1,0,0,0,0,0,1,1,0,0,0,0,0,1,1,1,0,0,0,0,0,0,0,1,0,1,0,0,0,0,0,2,3,4,2,4,2,1,1,1,1,2,0,2,2,3,0,0,2,1,1,1,1,2,2,1,1,0,0,0,16.17217056,31.03157227
H3-16-all-fractions_metab_conc_1,0,2,0,0,0,0,1,0,0,0,0,1,0,0,1,0,3,3,4,2,0,0,0,0,0,0,0,0,0,0,1,1,0,1,0,0,1,0,1,2,0,3,3,3,2,4,1,27,0,0,0,0,1,0,1,1,0,0,0,0,0,0,0,0,0,0,0,0,0,1,0,0,0,0,0,0,0,1,1,1,1,0,1,0,0,0,0,0,0,0,0,1,1,0,0,0,0,0,0,0,0,0,0,0,0,0,0,0,0,0,0,0,0,0,0,0,0,0,0,0,0,0,0,0,0,0,0,0,0,0,0,0,0,0,0,0,0,0,0,0,0,0,0,0,0,0,0,0,0,0,0,0,0,0,0,0,0,0,0,0,0,2,5,2,5,2,0,0,0,1,1,0,1,1,2,0,0,2,0,0,1,0,2,1,0,0,0,0,0,13.5963794,31.98730196
H3-16-all-fractions_metab_conc_10,0,2,0,1,0,0,2,0,1,0,0,2,0,2,0,0,6,4,6,2,0,1,1,1,0,0,0,0,0,0,0,0,0,1,1,0,1,0,1,2,0,4,4,1,3,6,3,30,0,1,0,0,1,0,0,1,0,0,0,0,0,0,0,0,0,0,0,0,0,1,1,0,0,0,0,0,0,0,1,1,0,0,0,0,0,1,1,0,0,0,0,1,1,0,0,0,0,0,0,0,0,0,0,0,0,0,0,0,0,0,0,0,0,0,0,0,0,0,0,0,0,0,0,0,0,0,0,0,0,0,0,0,0,0,0,0,0,0,0,0,0,0,0,0,0,0,0,0,0,0,0,0,0,0,0,0,0,0,0,0,0,2,5,2,5,2,1,0,1,1,1,0,1,1,2,0,0,2,1,0,0,0,2,1,0,0,0,0,1,5.604883602,31.43086821
H3-16-all-fractions_metab_conc_100,0,3,0,1,0,0,6,1,5,1,1,4,0,4,1,1,10,6,8,4,0,1,0,1,1,1,1,1,0,0,1,0,0,2,2,0,2,2,1,2,0,6,3,2,4,13,5,28,1,0,1,0,1,0,0,0,0,0,0,0,0,0,0,0,0,0,0,1,0,0,1,0,1,0,0,0,0,0,1,1,1,0,1,0,0,0,1,0,0,0,0,1,1,0,0,0,0,1,1,0,0,0,0,0,0,0,0,0,0,0,0,0,0,0,0,0,0,0,0,0,0,0,0,0,0,0,0,0,0,0,0,0,0,0,0,0,0,0,0,0,0,0,0,0,0,0,0,0,0,0,0,0,0,0,0,0,0,0,0,0,0,3,1,1,1,1,1,1,1,1,1,0,2,1,3,0,0,1,1,0,1,1,0,2,0,0,0,0,0,4.160397111,28.54643661
H3-16-all-fractions_metab_conc_11,0,3,0,0,0,0,3,1,3,0,0,3,0,3,1,0,7,7,6,2,0,1,1,1,0,0,1,0,0,0,1,0,0,3,1,0,1,1,1,3,0,4,3,1,2,6,5,38,0,0,1,0,1,0,1,1,0,0,0,0,0,0,0,0,0,0,0,0,0,0,1,0,1,0,0,0,0,1,1,1,1,1,1,0,0,0,1,0,0,0,0,1,1,0,0,0,0,0,0,0,0,0,0,0,0,0,0,0,0,0,0,0,0,0,0,0,0,0,0,0,0,0,0,0,1,0,0,0,0,0,0,0,0,0,0,0,0,0,0,0,0,0,0,1,1,1,0,1,0,0,0,0,0,0,1,0,0,0,0,0,0,1,4,2,4,2,1,1,1,1,2,0,1,1,1,0,0,2,1,1,1,1,2,1,1,1,0,0,1,4.48158109,32.77156875
H3-16-all-fractions_metab_conc_110,0,2,0,0,0,0,3,0,0,0,0,0,0,1,1,0,2,3,4,1,0,0,0,0,0,0,0,0,0,0,0,1,0,0,0,0,1,0,1,3,0,3,3,1,1,4,1,19,0,0,0,0,0,0,1,1,0,0,0,0,0,0,0,0,0,0,0,0,0,1,0,0,0,0,0,0,0,1,1,1,1,0,1,0,0,0,0,0,0,0,0,0,0,0,0,0,0,0,0,0,0,0,0,0,0,0,0,0,0,0,0,0,0,0,0,0,0,0,0,0,0,0,0,0,0,0,0,0,0,0,0,0,0,0,0,0,0,0,0,0,0,0,0,0,0,0,0,0,0,0,0,0,0,0,0,0,0,0,0,0,0,2,4,0,4,0,0,0,0,1,0,0,0,0,2,0,0,0,0,0,1,0,2,1,0,0,0,0,0,13.3447788,34.87849772
H3-16-all-fractions_metab_conc_113,0,2,0,0,0,0,0,0,0,0,0,0,0,0,0,0,2,2,3,2,0,0,0,1,0,0,0,0,0,0,0,0,1,2,0,0,1,0,1,0,0,3,4,1,2,4,3,25,0,1,0,0,0,0,0,0,0,0,0,0,0,0,0,0,0,0,0,0,0,0,1,0,0,0,0,0,0,1,1,0,0,0,0,0,0,0,0,0,0,0,0,0,1,0,0,0,0,0,1,0,0,0,0,0,0,0,0,0,0,0,0,0,0,0,0,0,0,0,0,0,0,0,0,0,0,0,0,1,0,0,0,0,0,0,0,0,0,0,0,0,0,0,0,0,0,0,0,0,0,0,0,0,0,0,0,0,0,0,0,0,0,3,5,2,5,2,0,0,1,1,2,0,1,1,3,0,0,2,1,0,0,0,1,1,0,0,0,0,0,3.226127398,24.92865937
H3-16-all-fractions_metab_conc_118,0,0,1,1,0,0,6,0,0,0,0,4,1,3,2,1,10,9,9,1,0,1,1,1,0,0,0,0,0,1,0,1,0,1,2,0,0,2,2,1,0,4,2,1,3,6,2,27,1,1,1,0,1,1,1,1,0,0,0,0,0,0,0,0,0,0,0,0,0,1,1,0,1,0,0,0,0,0,1,1,1,0,0,0,0,0,1,0,0,0,0,1,1,1,1,0,1,1,1,0,0,0,0,0,0,0,0,0,0,0,0,0,0,0,0,0,0,0,0,0,0,0,0,0,0,0,0,0,0,0,0,0,0,0,0,0,0,0,0,0,0,0,0,1,1,1,1,1,1,1,0,1,0,0,0,0,0,0,0,0,2,2,5,2,5,2,1,0,1,1,1,1,3,3,2,0,0,2,1,0,1,1,4,2,0,0,1,0,1,5.854040022,32.88648289
H3-16-all-fractions_metab_conc_126,0,0,0,0,0,0,0,0,0,0,0,1,0,1,1,0,2,4,5,0,0,0,0,1,0,1,0,0,0,0,0,0,0,0,0,0,0,0,0,1,0,2,2,0,0,4,1,17,0,0,0,0,0,0,0,0,0,0,0,0,0,0,0,0,0,0,0,0,0,0,1,0,0,0,0,0,0,1,1,1,0,0,1,0,0,0,0,0,0,0,0,1,0,0,0,0,0,1,0,0,0,0,0,0,0,0,0,0,0,0,0,0,0,0,0,0,0,0,0,0,0,0,0,0,0,0,0,0,0,0,0,0,0,0,0,0,0,0,0,0,0,0,0,1,1,1,0,1,0,0,0,0,0,0,0,0,0,0,0,0,2,0,3,1,3,1,1,0,1,1,0,0,1,1,0,0,0,1,0,0,0,0,1,3,0,0,0,0,1,5.750055145,41.61144021
H3-16-all-fractions_metab_conc_13,0,3,0,0,0,0,0,0,0,0,0,1,0,0,0,0,3,2,5,2,0,0,0,0,0,0,1,0,0,0,0,0,0,3,0,0,1,1,0,2,0,2,2,1,1,4,1,27,0,0,0,0,0,1,0,0,0,0,0,0,0,0,0,0,0,0,0,1,0,1,1,0,1,0,0,0,0,0,1,0,0,0,1,0,0,0,0,0,0,0,0,1,0,1,1,0,1,1,1,0,0,0,0,0,0,0,0,0,0,0,0,0,0,0,0,0,0,0,0,0,0,0,0,0,0,0,1,0,0,0,0,0,0,0,0,0,0,0,0,0,0,0,0,0,0,0,0,0,0,0,0,0,0,0,0,0,0,0,0,0,0,2,5,2,5,2,1,0,1,1,2,1,1,1,2,1,0,2,1,0,1,0,3,1,0,0,0,0,0,3.008841507,34.32585067
H3-16-all-fractions_metab_conc_152,0,2,0,1,0,0,1,0,0,0,0,2,0,0,0,0,6,2,6,1,0,1,0,1,0,0,0,0,0,0,0,0,0,1,1,0,2,0,0,1,0,4,4,1,2,6,3,33,0,1,1,0,0,0,0,0,0,0,0,0,0,0,0,0,0,0,0,0,0,1,1,0,0,0,0,0,0,0,1,1,0,0,0,0,0,0,0,0,0,0,0,1,1,0,0,0,0,0,1,0,0,0,0,0,0,0,0,0,0,0,0,0,0,0,0,0,0,0,0,0,0,0,0,0,0,0,0,1,0,0,0,0,0,0,0,0,0,0,0,0,0,0,0,0,0,0,0,0,0,0,0,0,0,0,0,0,0,0,0,0,0,3,5,2,5,2,1,0,1,1,0,0,1,1,3,0,0,2,1,0,0,0,3,1,0,0,0,1,1,7.582090112,32.32295583
H3-16-all-fractions_metab_conc_29,1,0,0,0,0,0,2,0,4,1,1,2,0,2,2,0,7,6,8,0,1,0,0,1,0,0,0,0,0,0,0,1,0,1,1,0,0,1,0,1,0,7,4,3,4,7,5,29,0,1,1,0,0,1,1,1,0,0,0,0,0,0,0,1,0,0,0,1,0,0,1,0,1,0,1,0,0,1,1,1,1,0,1,0,0,0,1,0,0,0,0,1,1,0,0,0,0,1,0,0,0,0,0,0,0,0,0,0,0,0,0,0,0,0,0,0,0,0,0,0,1,0,0,0,0,0,0,0,0,0,0,0,0,0,0,0,0,0,0,0,0,0,0,1,1,1,1,1,1,1,0,1,0,0,0,0,0,0,0,0,1,0,3,2,3,2,1,0,1,1,1,1,1,4,0,0,0,2,1,1,1,1,2,1,1,1,0,0,1,9.401963625,27.95981866
H3-16-all-fractions_metab_conc_30,1,0,0,0,0,0,2,0,0,0,0,2,0,1,1,0,4,5,7,1,0,0,0,1,0,0,0,0,0,0,0,0,0,1,0,0,0,2,0,2,0,1,1,1,2,3,1,17,0,1,1,0,0,0,0,1,0,0,0,0,0,0,0,0,0,0,0,0,0,0,0,0,0,0,0,1,0,0,1,1,1,0,0,0,0,0,1,0,0,0,0,0,1,0,0,0,0,1,0,0,0,0,0,0,0,0,0,0,0,0,0,0,0,0,0,0,0,0,0,0,0,0,0,0,0,0,0,0,0,0,0,0,0,0,0,0,0,0,0,0,0,0,0,0,0,0,0,0,0,0,0,0,0,0,0,0,0,0,0,0,1,0,4,1,4,1,1,0,0,1,1,1,1,2,0,0,0,1,1,1,1,0,0,1,1,1,0,0,0,2.356264656,32.91396729
H3-16-all-fractions_metab_conc_31,0,3,0,0,0,0,3,0,1,0,0,2,0,2,1,1,8,2,8,0,0,0,0,1,0,0,0,1,0,0,1,0,0,2,0,0,0,1,0,3,0,2,2,1,1,4,1,27,0,0,0,0,1,0,0,1,0,0,0,0,0,0,0,0,0,0,0,0,0,0,1,0,1,0,0,0,0,1,1,1,1,0,0,0,0,0,0,0,0,0,0,0,0,0,0,1,1,1,0,0,0,0,0,0,0,0,0,0,0,0,0,0,0,0,0,0,0,0,0,0,0,0,0,0,1,0,0,1,0,0,0,0,0,0,0,0,0,0,0,0,0,0,0,0,0,0,0,0,0,0,0,0,0,0,0,0,0,0,0,0,2,4,5,2,5,2,1,1,1,1,1,0,1,2,4,0,0,2,1,1,1,1,1,3,1,1,0,0,0,16.5588907,34.87634549
H3-16-all-fractions_metab_conc_32,0,0,0,0,0,0,3,0,4,1,1,2,1,2,1,0,4,6,7,0,0,1,0,1,0,0,0,0,0,0,0,1,0,0,1,0,0,1,0,1,0,3,2,1,1,6,3,21,0,0,1,0,0,0,0,1,0,0,0,0,0,0,0,0,0,0,0,0,0,0,0,0,0,0,0,0,0,0,1,1,0,0,0,0,0,0,0,0,0,0,0,1,1,0,0,0,0,1,0,0,0,0,0,0,0,0,0,0,0,0,0,0,0,0,0,0,0,0,0,0,1,0,0,0,0,0,0,0,0,0,0,0,0,0,0,0,0,0,0,0,0,0,0,0,0,0,0,0,0,0,0,0,0,0,0,0,0,0,0,0,0,3,5,1,5,1,1,0,1,0,1,1,1,1,3,0,0,1,0,0,0,0,2,1,0,0,0,0,1,4.359789844,38.88461072
H3-16-all-fractions_metab_conc_36,0,2,0,0,0,0,3,0,0,0,0,0,0,3,0,0,3,2,6,1,0,0,0,1,0,0,0,0,0,0,1,0,0,1,0,0,0,0,0,2,0,5,4,1,2,10,5,27,0,1,1,0,1,0,1,1,0,0,0,0,0,0,0,0,0,0,0,0,0,0,1,0,0,0,0,0,0,1,1,1,1,0,0,0,0,0,0,0,0,0,0,0,1,0,0,1,0,0,1,0,0,0,0,0,0,0,0,0,0,0,0,0,0,1,0,0,0,0,0,0,0,0,0,0,0,0,0,0,0,1,0,0,0,0,0,0,0,0,0,0,0,0,0,0,0,0,0,0,0,0,0,0,0,0,0,0,0,0,0,0,2,2,5,2,5,2,1,0,1,1,0,1,1,2,2,0,0,2,0,0,0,0,2,3,0,0,0,2,1,13.2329311,33.57342946
H3-16-all-fractions_metab_conc_38,0,2,0,0,0,0,3,0,1,0,0,1,0,0,1,0,2,3,4,0,0,0,0,1,0,0,0,0,0,0,1,0,0,1,0,0,1,1,0,4,0,5,5,1,3,8,6,32,0,0,1,0,1,0,1,1,0,0,0,0,0,0,0,0,0,0,1,0,0,0,1,0,0,0,0,0,0,1,1,1,0,0,0,0,0,1,1,0,0,0,0,1,0,0,0,0,0,0,0,0,0,0,0,0,0,0,0,0,0,0,0,0,0,1,0,0,0,0,0,0,0,0,0,0,1,0,0,0,0,1,0,0,0,0,0,0,0,0,0,0,0,0,0,1,1,0,0,0,0,0,0,0,0,0,0,0,0,0,0,0,1,1,5,2,5,2,1,0,0,1,1,0,1,1,1,0,0,2,0,0,0,0,3,2,0,0,0,2,1,7.294300583,34.8523412
H3-16-all-fractions_metab_conc_40,0,2,0,0,0,0,1,0,0,0,0,0,0,2,0,0,2,2,4,2,0,0,1,0,0,0,0,0,0,0,0,0,1,2,0,0,1,0,1,0,0,4,2,2,3,6,4,21,0,0,0,0,0,0,0,0,0,0,0,0,0,0,0,0,0,0,0,0,0,0,1,0,1,0,0,0,0,1,1,0,0,0,0,0,0,0,1,0,0,0,0,0,0,0,0,0,0,0,1,0,0,0,0,0,0,0,0,0,0,0,0,0,0,0,0,0,0,0,0,0,0,0,0,0,0,0,0,0,0,0,0,0,0,0,0,0,0,0,0,0,0,0,0,0,0,0,0,0,0,0,0,0,0,0,0,0,0,0,0,0,0,3,5,2,5,2,0,0,1,0,1,0,1,0,3,0,0,2,0,0,0,0,1,1,0,0,0,0,0,2.363416913,26.65978858
H3-16-all-fractions_metab_conc_46,0,3,0,0,0,0,2,0,0,0,0,0,0,1,0,0,5,2,3,2,0,0,0,0,0,0,1,0,0,0,0,0,0,2,1,0,1,0,0,1,0,4,3,1,1,4,2,23,0,0,0,0,1,0,0,1,0,0,0,0,0,0,0,0,0,0,0,0,0,1,1,0,0,0,0,0,0,1,0,1,0,0,0,0,0,0,0,0,0,0,0,1,0,0,0,1,1,1,0,0,0,0,0,0,0,0,0,0,0,0,0,0,0,0,0,0,0,0,0,0,0,0,0,0,0,0,0,0,0,0,0,0,0,0,0,0,0,0,0,0,0,0,0,0,0,0,0,0,0,0,0,0,0,0,0,0,0,0,0,0,0,2,5,1,5,1,1,0,1,1,1,0,1,1,2,0,0,1,1,1,0,0,2,1,1,1,0,0,0,13.04253872,31.01182151
H3-16-all-fractions_metab_conc_6,0,0,0,0,0,0,1,0,3,0,0,2,0,0,0,0,3,5,5,0,0,0,0,1,0,0,0,0,0,0,1,1,0,0,2,0,0,0,0,3,0,2,3,1,2,7,4,11,0,0,1,0,1,0,1,0,0,0,0,0,0,0,0,0,0,0,0,0,0,0,1,0,0,0,1,0,0,1,1,1,0,0,0,0,0,0,0,0,0,0,0,1,0,0,0,0,0,1,0,0,0,0,0,0,0,0,0,0,0,0,0,0,0,0,0,0,0,0,0,0,1,0,0,0,0,0,0,0,0,0,0,0,0,0,0,0,0,0,0,0,0,0,0,0,0,0,0,0,0,0,0,0,0,0,0,0,0,0,0,0,0,1,3,1,3,1,1,0,0,0,0,0,3,0,1,0,0,1,0,0,0,0,1,0,0,0,0,0,1,5.37190262,36.88130696
H3-16-all-fractions_metab_conc_60,0,2,0,1,0,0,3,0,1,0,0,2,0,1,2,0,6,4,6,2,0,1,0,1,0,0,0,0,0,0,0,0,0,2,0,0,1,0,0,3,0,4,3,1,3,7,3,32,0,1,1,0,1,0,0,1,0,0,0,0,0,0,0,0,0,0,0,0,0,1,1,0,0,0,0,0,0,0,1,1,0,0,0,0,0,0,1,0,0,0,0,1,1,0,0,0,0,0,1,0,0,0,0,0,0,0,0,0,0,0,0,0,0,0,0,0,0,0,0,0,0,0,0,0,0,0,0,0,0,0,0,0,0,0,0,0,0,0,0,0,0,0,0,0,0,0,0,0,0,0,0,0,0,0,0,0,0,0,0,0,0,3,5,2,5,2,1,1,1,1,1,0,1,2,3,0,0,2,1,0,1,0,4,1,0,0,0,0,1,7.336175804,30.2564786
H3-16-all-fractions_metab_conc_62,0,0,0,0,0,0,1,0,0,0,0,0,0,1,2,0,3,5,5,1,0,0,0,1,0,0,0,0,0,0,0,0,0,1,0,0,0,1,0,1,0,3,3,1,2,8,3,26,0,1,1,0,0,1,0,0,0,0,0,0,0,0,0,0,0,0,0,0,0,0,1,0,1,0,0,0,0,0,1,1,0,0,1,0,0,0,1,0,0,0,0,1,1,0,0,0,0,1,1,0,0,0,0,0,0,0,0,0,0,0,0,0,0,0,0,0,0,0,0,0,0,0,0,0,0,0,0,0,0,0,0,0,0,0,0,0,0,0,0,0,0,0,0,0,0,0,0,0,0,0,0,0,0,0,0,0,0,0,0,0,1,2,2,2,2,2,1,0,1,1,1,0,0,3,2,0,0,2,1,0,1,0,3,2,0,0,0,0,1,10.9659278,37.06321538
H3-16-all-fractions_metab_conc_77,0,2,0,0,0,0,1,0,0,0,0,0,0,0,1,0,1,1,3,2,0,0,0,0,0,0,0,0,0,0,0,0,0,2,0,0,1,0,1,2,0,3,3,2,2,3,1,27,0,0,0,0,1,0,0,1,0,0,0,0,0,0,0,0,0,0,0,0,0,1,0,0,0,0,0,0,0,1,1,1,1,0,1,0,0,0,0,0,0,0,0,0,0,0,0,0,0,0,0,0,0,0,0,0,0,0,0,0,0,0,0,0,0,0,0,0,0,0,0,0,0,0,0,0,0,0,0,0,0,0,0,0,0,0,0,0,0,0,0,0,0,0,0,0,0,0,0,0,0,0,0,0,0,0,0,0,0,0,0,0,0,2,4,2,4,2,0,0,0,1,1,0,0,1,2,0,0,2,0,0,1,0,2,1,0,0,0,1,0,11.04050981,34.76969725
H3-16-all-fractions_metab_conc_78,1,3,1,2,0,0,11,0,2,1,1,2,2,7,2,1,23,5,11,3,0,2,1,1,0,0,1,2,0,1,2,1,0,2,2,1,4,2,2,4,1,3,2,1,1,5,2,31,0,0,1,0,1,0,1,1,0,0,0,0,1,0,0,0,0,0,0,1,0,1,1,0,1,1,0,0,0,0,1,1,1,0,0,0,0,0,1,0,0,0,0,1,1,0,0,1,0,1,0,1,0,0,0,0,0,0,0,0,0,0,0,0,0,1,0,0,0,0,0,0,0,0,0,1,0,0,0,0,0,1,0,0,0,0,0,0,0,0,0,0,0,0,0,0,0,0,0,0,0,0,0,0,0,0,0,0,0,0,0,0,1,4,5,2,5,2,1,0,1,0,1,0,3,3,4,0,0,2,1,0,1,1,3,3,0,0,0,0,1,2.973180753,29.12073381
H3-16-all-fractions_metab_conc_83,0,0,0,0,0,0,3,0,2,0,0,2,1,1,2,0,2,3,5,1,0,1,0,1,0,0,0,0,0,0,1,0,0,1,1,0,0,1,1,1,0,5,2,2,4,8,4,20,0,0,1,0,0,1,1,1,0,0,0,0,0,0,0,0,0,0,0,1,0,0,1,0,0,0,0,0,0,0,1,1,0,0,1,0,0,0,0,0,0,0,0,1,0,0,0,0,0,0,0,0,0,0,0,0,0,0,0,0,0,0,0,0,0,0,0,0,0,0,0,0,0,0,0,0,0,0,0,0,0,0,0,0,0,0,0,0,0,0,0,0,0,0,0,0,0,0,0,0,0,0,0,0,0,0,0,0,0,0,0,0,1,1,5,2,5,2,1,1,1,1,1,0,1,1,1,0,0,2,1,0,1,0,3,2,0,0,0,0,1,5.842270216,35.39371275
H3-16-all-fractions_metab_conc_87,0,0,0,0,0,0,1,0,0,0,0,0,0,1,0,0,5,2,7,1,1,0,0,1,0,0,0,1,0,0,0,0,0,1,0,0,0,1,1,0,0,2,1,1,2,2,2,20,0,0,0,0,0,0,1,0,0,0,0,0,0,0,0,0,0,0,0,0,0,0,1,0,1,0,0,1,0,0,1,1,1,0,0,0,0,0,0,0,0,0,0,1,1,0,0,0,0,1,1,0,0,0,0,0,0,0,0,0,0,0,0,0,0,0,0,0,0,0,0,0,0,0,0,0,0,0,0,0,0,0,0,0,0,0,0,0,0,0,0,0,0,0,0,0,0,0,0,0,0,0,0,0,0,0,0,0,0,0,0,0,1,1,5,1,5,1,1,0,1,1,1,0,1,3,1,0,0,1,1,0,1,1,0,2,0,0,0,0,0,3.829944513,34.91901481
H3-16-all-fractions_metab_conc_90,0,3,0,0,0,0,3,0,2,0,0,1,0,0,1,1,4,3,5,1,0,1,0,1,0,0,0,0,0,0,0,1,0,1,0,0,0,1,1,0,0,5,4,1,3,10,6,32,0,1,1,0,1,1,0,1,0,0,0,0,0,0,0,0,0,0,0,0,0,1,1,0,0,0,0,0,0,1,1,1,1,0,0,0,0,0,1,0,0,0,0,1,1,0,0,0,0,0,1,0,0,0,0,0,0,0,0,0,0,0,0,0,0,1,0,0,0,0,0,0,0,0,0,0,0,0,0,0,0,1,0,0,0,0,0,0,0,0,0,0,0,0,0,0,0,0,0,0,0,0,0,0,0,0,0,0,0,0,0,0,0,3,5,2,5,2,1,0,1,1,1,1,1,1,3,0,0,2,1,0,0,0,3,1,0,0,0,1,1,13.2184636,32.41490568
H3-16-all-fractions_metab_conc_98,0,3,0,0,0,0,4,0,2,0,0,1,1,1,0,1,7,4,8,2,0,1,0,1,0,0,1,1,0,0,0,0,0,4,1,0,0,1,0,3,0,3,3,1,1,5,3,27,0,0,0,0,1,0,0,1,0,0,0,0,0,0,0,0,0,0,0,1,0,1,1,0,1,0,0,0,0,1,1,1,0,0,1,0,0,0,1,0,0,0,0,1,0,0,0,0,0,1,1,0,0,0,0,0,0,0,0,0,0,0,0,0,0,0,0,0,0,0,0,0,0,0,0,0,1,0,1,0,0,0,0,0,0,0,0,0,0,0,0,0,0,0,0,0,0,0,0,0,0,0,0,0,0,0,0,0,0,0,0,0,2,3,5,2,5,2,1,1,1,1,1,0,2,2,3,0,0,2,1,1,0,1,1,3,1,1,0,0,0,18.84766478,33.8194973
H3-16-all-fractions_metab_maxb_73,0,0,0,0,0,0,2,0,0,0,0,0,0,2,0,0,2,2,4,2,0,0,1,1,0,0,0,0,0,0,0,1,0,2,1,0,1,0,0,0,0,5,4,2,3,9,6,23,0,1,1,0,1,0,1,1,0,0,0,0,0,0,0,0,0,0,0,0,0,0,1,0,0,0,0,0,0,0,1,1,1,0,0,0,0,0,0,0,0,0,0,0,1,0,0,0,0,0,1,0,0,0,0,0,0,0,0,0,0,0,0,0,0,0,0,0,0,0,0,0,0,0,0,0,0,0,0,1,0,0,0,0,0,0,0,0,0,0,0,0,0,0,0,0,0,0,0,0,0,0,0,0,0,0,0,0,0,0,0,0,0,1,4,2,4,2,0,0,0,1,2,0,1,0,1,0,0,2,1,0,1,0,2,1,0,0,0,0,0,8.038258139,36.51018832
H3-16-all-fractions_metab_maxbC_112,0,3,0,0,0,0,4,0,3,0,0,2,0,5,1,0,10,2,7,3,0,0,1,1,1,1,1,0,0,0,1,1,0,2,1,0,1,2,1,3,0,3,4,1,2,7,3,36,0,0,0,0,0,0,0,0,0,0,0,0,0,0,0,0,0,0,0,1,0,0,0,0,1,0,0,0,0,0,1,1,1,0,1,0,0,0,0,0,0,0,0,0,1,1,0,0,1,1,1,0,0,0,0,0,0,0,0,0,0,0,0,0,0,0,0,0,0,0,0,0,0,0,0,0,0,0,0,0,0,0,0,0,0,0,0,0,0,0,0,0,0,0,0,0,0,0,0,0,0,0,0,0,0,0,0,0,0,0,0,0,0,2,5,1,5,1,1,0,1,1,2,1,2,1,2,0,0,1,1,0,1,1,1,0,0,0,0,2,0,0.900657436,28.62054949
H3-16-all-fractions_metab_maxbC_136,0,3,0,0,0,0,1,0,1,0,0,2,0,3,0,0,4,3,5,2,0,0,1,1,0,0,1,0,0,0,0,0,0,2,0,0,0,1,0,1,0,4,4,1,2,6,2,24,0,0,1,0,1,0,1,1,0,0,0,0,0,0,0,0,0,0,0,0,0,0,0,0,1,0,0,0,0,0,1,1,0,0,0,0,0,0,1,0,0,0,0,0,0,0,0,0,0,0,0,0,0,0,0,0,0,0,0,0,0,0,0,0,0,0,0,0,0,0,0,0,0,0,0,0,0,0,0,0,0,0,0,0,0,0,0,0,0,0,0,0,0,0,0,0,0,0,0,0,0,0,0,0,0,0,0,0,0,0,0,0,0,3,4,1,4,1,1,0,1,1,2,0,1,1,3,0,0,1,1,0,1,1,0,1,0,0,0,0,1,2.075600241,31.06398615
H3-16-all-fractions_metab_maxbC_4,0,3,0,0,0,0,2,0,0,0,0,0,0,1,0,0,3,4,4,1,0,0,0,1,0,0,0,0,0,0,2,0,0,3,1,0,1,0,0,0,0,2,2,1,2,5,1,30,0,0,0,0,0,1,0,0,0,0,0,0,0,0,0,0,0,0,0,0,0,0,1,0,0,0,0,0,0,1,1,1,0,0,0,0,0,0,0,0,0,0,0,0,0,0,0,0,0,0,0,0,0,0,0,0,0,0,0,0,0,0,0,0,0,0,0,0,0,0,0,0,0,0,0,0,0,0,0,0,0,0,0,0,0,0,0,0,0,0,0,0,0,0,0,0,0,0,0,0,0,0,0,0,0,0,0,0,0,0,0,0,0,1,4,2,4,2,0,0,0,1,1,0,2,1,1,0,0,2,0,0,0,1,1,0,0,0,0,0,0,0.884399559,33.55402131
H3-18-all-fractions_conc_114,0,0,0,1,0,0,5,0,3,1,1,2,2,2,2,0,7,5,8,1,1,1,0,1,0,0,0,0,0,0,1,0,0,1,0,0,1,0,0,1,0,9,4,1,4,16,6,32,0,0,1,0,0,1,1,1,0,0,0,0,0,0,0,0,0,0,0,1,0,0,1,0,0,0,1,0,0,1,1,1,0,0,1,0,0,0,1,0,0,0,0,1,1,0,0,1,0,1,0,0,0,0,0,0,0,0,0,0,0,0,0,0,0,0,0,0,0,0,0,0,0,0,0,0,0,0,0,0,0,0,0,0,0,0,0,0,0,0,0,0,0,0,0,1,1,1,0,1,0,0,0,0,0,0,0,0,0,0,0,0,0,1,5,2,5,2,1,0,1,1,0,1,1,3,1,0,0,2,0,1,1,0,3,0,1,1,0,0,1,4.232874406,35.13584419
H3-18-all-fractions_conc_15,0,0,0,0,0,0,1,0,0,0,0,2,0,2,2,0,5,7,6,1,0,1,0,0,0,0,0,0,0,0,0,1,0,2,1,0,0,1,0,1,0,4,2,1,3,9,4,20,0,1,1,0,0,1,0,1,0,0,0,0,1,0,0,0,0,0,0,1,0,0,1,0,1,1,0,0,0,0,1,1,0,0,0,0,0,0,1,0,0,0,0,1,1,0,0,0,0,0,0,0,0,0,0,0,0,0,0,0,0,0,0,0,0,1,0,0,0,0,0,0,1,0,0,0,1,0,0,0,0,1,0,0,0,0,0,0,0,0,0,0,0,0,0,0,0,0,0,0,0,0,0,0,0,0,0,0,0,0,0,0,1,2,3,1,3,1,1,0,1,0,0,1,0,2,2,0,0,1,1,1,0,0,1,1,1,1,0,0,1,10.63561441,28.21961783
H3-18-all-fractions_metab_8,0,2,0,0,0,0,1,0,0,0,0,2,0,2,0,0,5,4,6,2,0,0,1,1,0,0,0,0,0,1,1,0,0,1,1,0,1,0,2,3,0,4,3,1,2,6,1,31,0,1,0,0,1,0,0,1,0,0,0,0,1,0,0,0,0,0,0,1,0,1,1,0,0,1,0,0,0,0,1,1,0,0,0,0,0,0,0,0,0,0,0,1,1,0,0,0,0,0,1,0,0,0,0,0,0,0,0,0,0,0,0,0,0,1,0,0,0,0,0,0,0,0,0,0,0,0,0,0,0,1,0,0,0,0,0,0,0,0,0,0,0,0,0,0,0,0,0,0,0,0,0,0,0,0,0,0,0,0,0,0,0,2,4,2,4,2,0,0,1,1,1,0,1,1,2,0,0,2,1,0,0,0,2,1,0,0,0,0,1,8.934057164,36.99991846
H3-18-all-fractions_metab_conc_100,0,0,0,0,0,0,1,0,0,0,0,0,0,1,2,0,3,5,5,1,0,0,0,1,0,0,0,0,0,0,0,0,0,1,0,0,0,1,0,1,0,3,3,1,2,8,3,24,0,1,1,0,0,1,0,0,0,0,0,0,0,0,0,0,0,0,0,0,0,0,1,0,1,0,0,0,0,0,1,1,0,0,1,0,0,0,1,0,0,0,0,1,1,0,0,0,0,0,1,0,0,0,0,0,0,0,0,0,0,0,0,0,0,0,0,0,0,0,0,0,0,0,0,0,0,0,0,0,0,0,0,0,0,0,0,0,0,0,0,0,0,0,0,0,0,0,0,0,0,0,0,0,0,0,0,0,0,0,0,0,1,2,3,2,3,2,1,0,1,1,2,0,0,2,2,0,0,2,1,0,1,0,3,2,0,0,0,0,1,9.240223838,37.29975241
H3-18-all-fractions_metab_conc_14,0,3,0,0,0,0,1,0,0,0,0,0,0,2,1,0,6,3,4,1,0,0,0,1,0,0,0,0,0,0,1,0,0,1,0,0,0,0,0,0,0,3,3,1,1,5,2,28,0,1,1,0,1,0,1,1,0,0,0,0,0,0,0,0,0,0,0,0,0,1,1,0,0,0,0,0,0,1,1,1,1,0,1,0,0,0,1,0,0,0,0,1,1,0,0,0,0,1,1,0,0,0,0,0,0,0,0,0,0,0,0,0,0,1,0,0,0,0,0,0,0,0,0,0,0,0,0,0,0,1,0,0,0,0,0,0,0,0,0,0,0,0,0,0,0,0,0,0,0,0,0,0,0,0,0,0,0,0,0,0,0,2,5,2,5,2,1,0,1,1,0,1,1,2,2,0,0,2,0,0,1,0,3,1,0,0,0,2,1,16.94911792,28.73664722
H3-18-all-fractions_metab_conc_20,1,0,0,0,0,0,1,0,0,0,0,2,0,0,0,0,3,5,6,1,0,0,0,1,0,0,0,1,0,0,1,0,0,1,0,0,0,1,1,2,0,1,1,1,2,1,2,18,0,0,1,0,0,0,0,1,0,0,0,0,0,0,0,0,0,0,0,0,0,0,1,0,1,0,0,0,0,0,1,1,1,0,0,0,0,0,1,0,0,0,0,1,0,0,0,0,0,1,0,0,0,0,0,0,0,0,0,0,0,0,0,0,0,0,0,0,0,0,0,0,0,0,0,0,0,0,0,0,0,0,0,0,0,0,0,0,0,0,0,0,0,0,0,0,0,0,0,0,0,0,0,0,0,0,0,0,0,0,0,0,2,1,3,1,3,1,1,0,1,1,1,1,1,3,1,0,0,1,1,1,0,1,0,2,1,1,0,0,0,6.475050861,31.86370921
H3-18-all-fractions_metab_conc_21,0,2,0,0,0,0,2,0,0,0,0,1,0,3,1,0,4,2,6,2,0,0,0,0,0,1,0,1,0,0,0,0,0,3,0,0,0,1,0,2,0,2,2,1,2,4,3,26,0,0,0,0,1,1,1,0,1,0,0,0,0,0,0,0,0,0,0,0,0,0,1,0,0,1,0,0,0,1,1,1,1,0,0,0,1,0,0,0,0,0,0,1,1,0,0,0,0,0,0,0,0,0,0,0,0,0,0,0,0,0,0,0,0,1,0,0,0,0,0,0,0,0,0,0,0,0,0,0,0,1,0,0,0,0,0,0,0,0,0,0,0,0,0,0,0,0,0,0,0,0,0,0,0,0,0,0,0,0,0,0,0,2,5,2,5,2,0,0,0,1,1,0,1,1,2,0,0,2,1,0,0,1,1,1,0,0,0,0,0,19.87555521,33.79622017
H3-18-all-fractions_metab_conc_25,0,3,0,0,0,0,6,0,1,0,0,0,1,2,1,1,5,3,3,1,0,2,0,1,0,0,0,0,0,0,2,1,0,2,0,0,0,0,0,3,0,6,4,1,3,13,6,36,0,1,1,0,1,1,1,1,0,0,0,0,0,0,0,0,0,0,0,0,0,1,1,0,0,0,0,0,0,0,1,1,1,0,0,0,0,0,1,0,0,0,0,1,1,0,0,1,0,0,1,0,0,0,0,0,0,0,0,0,0,0,0,0,0,1,0,0,0,0,0,0,1,0,0,0,0,0,0,0,0,1,0,0,0,0,0,1,0,0,0,0,0,0,0,0,0,0,0,0,0,0,0,0,0,0,0,0,0,0,0,0,1,3,5,2,5,2,1,0,1,1,0,1,1,2,3,0,0,2,1,0,0,0,3,2,0,0,0,2,1,14.5417161,26.85933338
H3-18-all-fractions_metab_conc_26,1,0,0,0,0,0,2,0,0,0,0,2,0,0,0,0,4,4,7,1,0,0,0,1,0,0,0,0,0,0,1,0,0,1,0,0,0,1,1,2,0,2,2,1,2,4,1,15,0,0,0,0,1,0,1,0,0,0,0,0,0,0,0,0,0,0,0,0,0,0,1,0,0,0,0,1,0,0,1,1,0,0,0,0,0,0,1,0,0,0,0,1,0,0,0,0,0,0,0,0,0,0,0,0,0,0,0,0,0,0,0,0,0,0,0,0,0,0,0,0,0,0,0,0,0,0,0,0,0,0,0,0,0,0,0,0,0,0,0,0,0,0,0,0,0,0,0,0,0,0,0,0,0,0,0,0,0,0,0,0,1,0,4,0,4,0,1,0,0,1,1,1,1,3,0,0,0,0,1,0,1,0,0,1,0,0,0,0,0,2.759202239,33.01594503
H3-18-all-fractions_metab_conc_30,0,0,0,0,0,0,0,0,4,0,0,2,0,1,1,0,3,7,3,0,0,0,0,1,0,0,0,0,0,0,0,1,0,1,1,0,0,0,0,1,0,3,2,1,1,9,1,26,0,0,1,0,0,0,1,0,0,0,0,0,0,0,0,0,0,0,0,0,0,0,1,0,0,0,0,0,0,0,1,1,0,0,0,0,0,0,1,0,0,0,0,1,1,0,0,0,0,1,0,0,0,0,0,0,0,0,0,0,0,0,0,0,0,0,0,0,0,0,0,0,0,0,0,0,0,0,0,0,0,0,0,0,0,0,0,0,0,0,0,0,0,0,0,0,0,0,0,0,0,0,0,0,0,0,0,0,0,0,0,0,0,2,4,2,4,2,1,0,1,0,1,0,0,2,2,0,0,2,0,0,1,0,1,1,0,0,0,0,1,6.033908925,39.03805656
H3-18-all-fractions_metab_conc_35,0,3,0,0,0,0,4,0,2,0,0,1,1,1,0,0,8,5,6,3,0,1,0,1,0,0,1,1,0,0,0,0,0,3,1,0,0,1,0,3,0,3,2,1,1,5,3,26,0,0,0,0,1,0,0,1,0,0,0,0,0,0,0,0,0,0,0,0,0,1,1,0,1,0,0,0,0,1,1,1,0,0,1,0,0,0,1,0,0,0,0,1,0,0,0,0,1,1,1,0,0,0,0,0,0,0,0,0,0,0,0,0,0,0,0,0,0,0,0,0,0,0,0,0,0,0,1,0,0,0,0,0,0,0,0,0,0,0,0,0,0,0,0,0,0,0,0,0,0,0,0,0,0,0,0,0,0,0,0,0,2,3,5,2,5,2,1,0,1,1,1,0,2,2,3,0,0,2,1,1,0,1,1,3,1,1,0,0,0,19.04914411,33.56687161
H3-18-all-fractions_metab_conc_37,0,3,0,1,0,0,7,0,2,0,0,2,2,7,3,2,11,8,7,4,0,1,1,1,0,0,1,1,0,0,1,0,0,3,1,0,0,2,0,5,0,3,2,1,2,6,3,23,0,0,0,0,1,0,0,1,0,0,0,0,1,0,0,0,0,0,0,0,0,1,1,0,1,0,0,0,1,1,1,1,1,0,0,0,0,1,1,0,0,0,0,1,1,0,0,0,1,0,1,0,0,1,1,0,0,0,0,0,0,0,0,0,0,0,0,0,0,0,0,0,0,0,0,0,0,0,0,0,0,0,0,0,0,0,0,1,1,0,0,0,0,0,1,1,1,0,0,0,0,0,0,0,1,0,1,0,0,0,0,0,2,4,4,2,4,2,1,0,1,0,2,0,1,2,4,0,0,2,1,0,1,1,1,4,0,0,0,0,0,8.450108012,24.37192175
H3-18-all-fractions_metab_conc_4,0,3,0,0,0,0,3,0,1,0,0,2,0,4,1,1,7,4,9,1,0,1,1,1,1,1,1,0,0,0,1,0,0,2,1,0,0,2,1,4,0,2,2,1,2,4,1,23,0,0,1,0,1,0,0,1,0,0,0,0,1,0,0,0,0,0,0,0,0,1,1,0,1,0,0,0,0,1,1,1,1,0,1,0,0,0,0,0,0,0,0,1,0,0,0,0,0,1,0,0,0,0,0,0,0,0,0,0,0,0,0,0,0,0,0,0,0,0,0,0,0,0,0,0,0,0,0,0,0,0,0,0,0,0,0,0,0,0,0,0,0,0,0,0,0,0,0,0,0,0,0,0,0,0,0,0,0,0,0,0,0,3,5,0,5,0,1,0,1,1,1,0,2,2,3,0,0,0,1,1,1,1,2,1,1,1,0,0,0,6.616253253,32.63259011
H3-18-all-fractions_metab_conc_49,0,0,0,0,0,0,4,0,4,1,1,2,0,2,1,0,5,7,5,0,0,0,0,1,0,0,0,0,0,0,0,1,0,1,1,0,0,1,0,1,0,3,3,2,2,8,2,24,0,0,0,0,0,0,0,1,0,0,0,0,0,0,0,0,0,0,0,0,0,0,1,0,0,0,0,0,0,0,1,1,0,0,0,0,0,0,1,0,0,0,0,1,1,0,0,0,0,1,0,0,0,0,0,0,0,0,0,0,0,0,0,0,0,0,0,0,0,0,0,0,1,0,0,0,0,0,0,0,0,0,0,0,0,0,0,0,0,0,0,0,0,0,0,0,0,0,0,0,0,0,0,0,0,0,0,0,0,0,0,0,0,1,4,2,4,2,1,0,1,0,1,1,1,1,1,0,0,2,0,0,0,0,2,1,0,0,0,0,1,4.861153926,37.52208016
H3-18-all-fractions_metab_conc_51,0,2,0,0,0,0,3,0,1,0,0,1,0,0,1,0,3,3,4,1,0,0,0,1,0,0,0,0,0,0,1,1,0,2,0,0,1,1,0,3,0,5,5,1,3,9,6,33,0,0,0,0,1,1,1,1,0,0,0,0,0,0,0,0,0,0,1,0,0,1,1,0,0,0,0,0,0,1,1,1,0,0,0,0,0,1,1,0,0,0,0,1,0,0,0,0,0,0,1,0,0,0,0,0,0,0,0,0,0,0,0,0,0,1,0,0,0,0,0,0,0,0,0,0,1,0,0,0,0,1,0,0,0,0,0,0,0,0,0,0,0,0,0,1,1,0,0,0,0,0,0,0,0,0,0,0,0,0,0,0,1,1,5,2,5,2,1,0,1,1,1,0,1,1,1,0,0,2,0,0,0,0,3,2,0,0,0,2,1,6.667436864,34.44603672
H3-18-all-fractions_metab_conc_55,0,3,0,0,0,0,1,0,0,0,0,1,0,1,0,0,4,1,5,2,0,0,0,0,0,0,1,0,0,0,2,0,0,0,1,0,1,0,1,1,0,2,3,1,1,5,0,28,0,0,0,0,0,0,0,0,0,0,0,0,0,0,0,0,0,0,0,0,0,1,1,0,1,0,0,0,0,0,1,1,0,0,0,0,0,0,0,0,0,0,0,0,0,0,0,0,0,1,0,0,0,0,0,0,0,0,0,0,0,0,0,0,0,0,0,0,0,0,0,0,0,0,0,0,0,0,0,0,0,0,0,0,0,0,0,0,0,0,0,0,0,0,0,0,0,0,0,0,0,0,0,0,0,0,0,0,0,0,0,0,1,2,4,2,4,2,1,0,1,1,2,0,2,1,2,0,0,2,1,0,1,0,2,2,0,0,0,0,1,5.847347791,31.81766969
H3-18-all-fractions_metab_conc_57,0,3,0,1,0,0,3,0,0,0,0,0,0,2,0,0,6,2,3,1,0,1,0,1,0,0,0,0,0,0,1,1,0,1,0,0,0,0,0,3,0,5,4,1,3,12,5,30,0,0,1,0,1,1,1,1,0,0,0,0,0,0,0,0,0,0,0,0,0,1,1,0,0,0,0,0,0,1,1,1,0,0,0,0,0,0,1,0,0,0,0,1,1,0,0,1,0,0,1,0,0,0,0,0,0,0,0,0,0,0,0,0,0,1,0,0,0,0,0,0,0,0,0,0,0,0,0,0,0,1,0,0,0,0,0,0,0,0,0,0,0,0,0,0,0,0,0,0,0,0,0,0,0,0,0,0,0,0,0,0,0,3,5,2,5,2,1,0,1,1,0,0,1,0,3,0,0,2,0,0,0,0,3,1,0,0,0,2,1,17.12691014,27.75644446
H3-18-all-fractions_metab_conc_6,0,2,0,0,0,0,3,0,1,0,0,1,0,0,0,0,6,3,4,0,0,0,0,0,0,0,0,0,0,0,0,1,0,1,0,0,1,1,0,3,0,3,5,1,2,7,5,32,0,0,1,0,1,0,0,1,0,0,0,0,0,0,0,0,0,0,1,0,0,1,1,0,0,0,0,0,0,1,1,1,0,0,1,0,0,1,1,0,0,0,0,1,0,0,0,0,0,0,1,0,0,0,0,0,0,0,0,0,0,0,0,0,0,0,0,0,0,0,0,0,0,0,0,0,1,0,0,0,0,0,0,0,0,0,0,0,0,0,0,0,0,0,0,1,1,0,0,0,0,0,0,0,0,0,0,0,0,0,0,0,0,1,4,2,4,2,1,0,1,1,0,0,1,1,1,0,0,2,0,0,0,0,4,1,0,0,0,2,1,10.14406088,32.04725981
H3-18-all-fractions_metab_conc_69,0,2,0,0,0,0,3,0,1,0,0,1,0,2,1,0,7,2,5,1,0,1,0,1,0,0,0,0,0,0,1,1,0,2,0,0,0,0,0,1,0,4,5,1,2,11,5,25,0,0,0,0,1,1,1,1,0,0,0,0,0,0,0,0,0,0,0,1,0,1,1,0,0,0,0,0,0,1,1,1,0,0,1,0,0,0,1,0,0,0,0,1,1,0,0,1,0,0,1,0,0,0,0,0,0,0,0,0,0,0,0,0,0,0,0,0,0,0,0,0,0,0,0,0,0,0,0,0,0,0,0,0,0,0,0,0,0,0,0,0,0,0,0,0,0,0,0,0,0,0,0,0,0,0,0,0,0,0,0,0,1,3,5,2,5,2,1,0,1,1,0,1,1,2,3,0,0,2,0,0,1,0,4,2,0,0,0,0,0,21.30908172,31.36569027
H3-18-all-fractions_metab_conc_70,0,2,0,0,0,0,1,0,0,0,0,1,0,1,1,0,1,2,3,2,0,0,0,1,0,0,0,0,0,0,0,1,0,2,0,0,0,0,0,1,0,3,2,2,2,2,1,21,0,0,0,0,0,0,1,1,0,0,0,0,0,0,0,0,0,0,0,0,0,1,1,0,0,0,0,0,0,0,1,1,1,0,1,0,0,0,0,0,0,0,0,1,1,0,0,0,0,0,1,0,0,0,0,0,0,0,0,0,0,0,0,0,0,0,0,0,0,0,0,0,0,0,0,0,0,0,0,0,0,0,0,0,0,0,0,0,0,0,0,0,0,0,0,0,0,0,0,0,0,0,0,0,0,0,0,0,0,0,0,0,0,2,3,1,3,1,0,0,0,1,1,0,1,1,2,0,0,1,0,0,1,0,0,1,0,0,0,1,0,12.00913637,34.62039052
H3-18-all-fractions_metab_conc_75,0,3,0,0,0,0,0,0,1,0,0,2,0,4,2,1,7,3,7,3,0,1,0,1,0,0,1,1,0,0,0,1,0,3,0,0,2,1,0,3,0,4,3,1,2,5,1,34,0,0,0,0,0,1,0,0,0,0,0,0,0,0,0,0,0,0,0,0,0,0,1,0,1,0,0,0,0,0,1,1,0,0,0,0,0,0,0,0,0,0,0,0,1,0,0,0,0,1,1,0,0,0,0,0,0,0,0,0,0,0,0,0,0,0,0,0,0,0,0,0,0,0,0,0,0,0,0,0,0,0,0,0,0,0,0,0,0,0,0,0,0,0,0,0,0,0,0,0,0,0,0,0,0,0,0,0,0,0,0,0,0,2,4,1,4,1,1,0,1,1,0,0,0,1,2,1,0,1,1,0,1,1,1,1,0,0,0,0,0,4.280852539,36.48412712
H3-18-all-fractions_metab_conc_87,0,2,0,0,0,0,1,0,0,0,0,0,0,2,1,0,7,3,3,1,0,0,0,1,0,0,0,0,0,0,0,0,0,2,0,0,1,0,0,2,0,2,2,2,2,5,1,24,0,0,0,0,1,0,0,1,0,0,0,0,0,0,0,0,0,0,0,0,0,1,0,0,0,0,0,0,0,1,1,1,0,0,1,0,0,0,0,0,0,0,0,1,0,0,0,0,0,0,0,0,0,0,0,0,0,0,0,0,0,0,0,0,0,0,0,0,0,0,0,0,0,0,0,0,0,0,0,0,0,0,0,0,0,0,0,0,0,0,0,0,0,0,0,0,0,0,0,0,0,0,0,0,0,0,0,0,0,0,0,0,0,3,2,2,2,2,0,0,0,1,1,0,1,1,3,0,0,2,0,0,1,0,2,1,0,0,0,0,0,18.59556707,37.50541918
H3-18-all-fractions_metab_maxbC_50,0,0,0,0,0,0,0,0,2,1,1,1,0,2,1,0,1,2,4,0,0,0,0,0,0,0,0,0,0,0,1,1,0,2,0,0,0,1,0,2,0,2,2,2,3,4,1,19,0,0,0,0,0,0,0,0,0,0,0,0,0,0,0,0,0,0,0,1,0,0,1,0,0,0,0,0,0,0,1,1,1,0,0,0,0,0,0,0,0,0,0,0,0,0,0,0,1,1,1,0,0,0,0,0,0,0,0,0,0,0,0,0,0,0,0,0,0,0,0,0,0,0,0,0,0,0,0,0,0,0,0,0,0,0,0,0,0,0,0,0,0,0,0,0,0,0,0,0,0,0,0,0,0,0,0,0,0,0,0,0,0,0,4,1,4,1,1,0,1,1,0,1,1,1,0,0,0,1,0,0,0,0,0,0,0,0,0,0,0,7.649614031,37.14738177
H3-18-all-fractions_metab_maxbC_83,0,2,0,0,0,0,5,0,1,0,0,0,1,2,0,0,2,3,4,2,0,1,1,1,0,0,0,0,0,0,0,1,0,1,0,0,1,0,0,2,0,3,3,1,1,6,1,23,0,0,0,0,1,0,1,1,0,0,0,0,0,0,0,0,0,0,0,0,0,0,1,0,0,0,0,0,0,1,1,1,0,0,1,0,0,0,0,0,0,0,0,1,0,0,0,0,0,0,0,0,0,0,0,0,0,0,0,0,0,0,0,0,0,0,0,0,0,0,0,0,0,0,0,0,0,0,0,0,0,0,0,0,0,0,0,0,0,0,0,0,0,0,0,0,0,0,0,0,0,0,0,0,0,0,0,0,0,0,0,0,0,2,1,2,1,2,0,0,0,1,2,0,1,0,2,0,0,2,1,0,0,0,1,1,0,0,0,0,0,8.986815477,36.46987392