id,name,code,binning project,project group,taxonomy,description,bin length,GC%,coverage,# contigs,# features,longest contig,RP Inventory (total: 55),RP multiple,BSCG Inventory (total: 51),BSCG multiple,ASCG Inventory (total: 38),ASCG multiple,curation status,completion status
461286,A1-16-all-fractions_metab_conc_1,wsip-metawrap-drep-bins_Amycolatopsis_69_1,wsip-metawrap-drep-bins,Grassland Soil 18O-H2O SIP,"Amycolatopsis, Pseudonocardiales, Actinobacteria, Actinobacteria, Bacteria",,8408526,69.01,0.98,907,8244,55981,37,5,39,5,12,5,Uncurated genome,partial
461287,A1-16-all-fractions_metab_conc_103,wsip-metawrap-drep-bins_Deltaproteobacteria_68_2,wsip-metawrap-drep-bins,Grassland Soil 18O-H2O SIP,"Deltaproteobacteria, Proteobacteria, Bacteria",,5488013,68.07,1.99,258,5357,122527,47,10,48,12,12,1,Uncurated genome,megabin
461288,A1-16-all-fractions_metab_12,wsip-metawrap-drep-bins_Actinobacteria_71_1,wsip-metawrap-drep-bins,Grassland Soil 18O-H2O SIP,"Actinobacteria, Actinobacteria, Bacteria",,5341751,70.72,0.66,1126,5687,21824,38,8,37,13,10,1,Uncurated genome,partial
461289,A1-16-all-fractions_metab_conc_25,wsip-metawrap-drep-bins_Massilia_66_2,wsip-metawrap-drep-bins,Grassland Soil 18O-H2O SIP,"Massilia, Burkholderiales, Betaproteobacteria, Proteobacteria, Bacteria",,4416742,65.55,2.07,224,4032,103450,18,0,19,3,10,2,Uncurated genome,partial
461290,A1-16-all-fractions_metab_conc_31,wsip-metawrap-drep-bins_Burkholderia_63_1,wsip-metawrap-drep-bins,Grassland Soil 18O-H2O SIP,"Burkholderia, Burkholderiales, Betaproteobacteria, Proteobacteria, Bacteria",,5609343,63.28,0.96,334,5403,84639,24,2,24,2,12,1,Uncurated genome,partial
461291,A1-16-all-fractions_metab_conc_40,wsip-metawrap-drep-bins_Propionibacteriales_72_1,wsip-metawrap-drep-bins,Grassland Soil 18O-H2O SIP,"Propionibacteriales, Actinobacteria, Actinobacteria, Bacteria",,4042433,71.64,1.42,69,3929,345080,28,1,28,1,13,1,Uncurated genome,partial
461292,A1-16-all-fractions_metab_conc_44,wsip-metawrap-drep-bins_Myxococcales_72_1,wsip-metawrap-drep-bins,Grassland Soil 18O-H2O SIP,"Myxococcales, Deltaproteobacteria, Proteobacteria, Bacteria",,5689809,71.7,0.75,491,5488,73964,33,1,36,3,9,0,Uncurated genome,partial
461293,A1-16-all-fractions_metab_conc_5,wsip-metawrap-drep-bins_Burkholderiales_69_6,wsip-metawrap-drep-bins,Grassland Soil 18O-H2O SIP,"Burkholderiales, Betaproteobacteria, Proteobacteria, Bacteria",,6390465,68.77,5.65,779,6345,200375,27,4,27,7,10,1,Uncurated genome,partial
461294,A1-16-all-fractions_metab_conc_51,wsip-metawrap-drep-bins_Terrabacter_sp__28_72_1,wsip-metawrap-drep-bins,Grassland Soil 18O-H2O SIP,"Terrabacter sp. 28, Terrabacter, Micrococcales, Actinobacteria, Actinobacteria, Bacteria",,3156959,71.58,0.69,357,3207,42302,27,3,28,5,8,2,Uncurated genome,partial
461295,A1-16-all-fractions_metab_58,wsip-metawrap-drep-bins_Bacteria_65_1,wsip-metawrap-drep-bins,Grassland Soil 18O-H2O SIP,Bacteria,,4100978,65.36,0.64,822,4338,23752,48,2,48,5,13,3,Uncurated genome,near complete
461296,A1-16-all-fractions_conc_68,wsip-metawrap-drep-bins_Arthrobacter_phenanthrenivorans_65_3,wsip-metawrap-drep-bins,Grassland Soil 18O-H2O SIP,"Arthrobacter phenanthrenivorans, Arthrobacter, Micrococcales, Actinobacteria, Actinobacteria, Bacteria",,4714014,65.3,3.3,812,5106,61631,47,3,49,7,13,2,Uncurated genome,near complete
461297,A1-16-all-fractions_metab_conc_72,wsip-metawrap-drep-bins_Actinobacteria_69_2,wsip-metawrap-drep-bins,Grassland Soil 18O-H2O SIP,"Actinobacteria, Actinobacteria, Bacteria",,2388919,69.36,1.67,297,2780,40335,41,3,46,5,11,1,Uncurated genome,near complete
461298,A1-16-all-fractions_metab_conc_76,wsip-metawrap-drep-bins_Deltaproteobacteria_68_1,wsip-metawrap-drep-bins,Grassland Soil 18O-H2O SIP,"Deltaproteobacteria, Proteobacteria, Bacteria",,3922472,68.06,1.15,105,3720,191127,27,0,27,3,12,0,Uncurated genome,partial
461299,A1-16-all-fractions_metab_conc_86,wsip-metawrap-drep-bins_Bacteria_72_1,wsip-metawrap-drep-bins,Grassland Soil 18O-H2O SIP,Bacteria,,4791616,72.04,1.11,201,4991,86906,49,1,50,2,14,1,Uncurated genome,near complete
461300,A1-16-all-fractions_metab_conc_89,wsip-metawrap-drep-bins_Catenulispora_acidiphila_71_2,wsip-metawrap-drep-bins,Grassland Soil 18O-H2O SIP,"Catenulispora acidiphila, Catenulispora, Catenulisporales, Actinobacteria, Actinobacteria, Bacteria",,6365638,71.37,1.55,849,6191,40672,34,1,38,4,11,1,Uncurated genome,partial
461301,A1-16-all-fractions_metab_91,wsip-metawrap-drep-bins_Actinobacteria_71_2,wsip-metawrap-drep-bins,Grassland Soil 18O-H2O SIP,"Actinobacteria, Actinobacteria, Bacteria",,8156144,71.35,1.69,1995,9300,22865,30,7,33,13,14,6,Uncurated genome,partial
461302,A1-16-all-fractions_metab_conc_99,wsip-metawrap-drep-bins_Micromonosporales_71_2,wsip-metawrap-drep-bins,Grassland Soil 18O-H2O SIP,"Micromonosporales, Actinobacteria, Actinobacteria, Bacteria",,4547789,71.42,1.98,279,4497,74369,44,0,43,3,13,1,Uncurated genome,near complete
461303,A1-18-all-fractions_metab_maxbC_14,wsip-metawrap-drep-bins_Bdellovibrionales_51_4,wsip-metawrap-drep-bins,Grassland Soil 18O-H2O SIP,"Bdellovibrionales, Bdellovibrio, Bacteria",,4215251,50.96,4.41,74,4068,521090,49,1,50,0,10,1,Uncurated genome,near complete
461304,A1-18-all-fractions_metab_conc_18,wsip-metawrap-drep-bins_Caulobacterales_70_4,wsip-metawrap-drep-bins,Grassland Soil 18O-H2O SIP,"Caulobacterales, Alphaproteobacteria, Proteobacteria, Bacteria",,3579377,69.96,4.1,491,3950,84946,52,3,51,2,11,1,Uncurated genome,near complete
461305,A1-18-all-fractions_metab_22,wsip-metawrap-drep-bins_Betaproteobacteria_63_1,wsip-metawrap-drep-bins,Grassland Soil 18O-H2O SIP,"Betaproteobacteria, Proteobacteria, Bacteria",,3473589,62.96,1.21,1116,4062,12074,36,4,42,7,11,0,Uncurated genome,near complete
461306,A1-18-all-fractions_conc_32,wsip-metawrap-drep-bins_Bacteria_67_2,wsip-metawrap-drep-bins,Grassland Soil 18O-H2O SIP,Bacteria,,5733532,66.58,2.47,1199,6263,21031,39,2,40,4,12,0,Uncurated genome,partial
461307,A1-18-all-fractions_metab_conc_35,wsip-metawrap-drep-bins_Caulobacterales_71_2,wsip-metawrap-drep-bins,Grassland Soil 18O-H2O SIP,"Caulobacterales, Alphaproteobacteria, Proteobacteria, Bacteria",,3403305,70.99,2.15,547,3875,27784,38,0,40,2,12,1,Uncurated genome,partial
461308,A1-18-all-fractions_metab_conc_4,wsip-metawrap-drep-bins_Deltaproteobacteria_68_4,wsip-metawrap-drep-bins,Grassland Soil 18O-H2O SIP,"Deltaproteobacteria, Proteobacteria, Bacteria",,5202567,68.38,4.4,181,4982,113115,52,7,51,9,12,0,Uncurated genome,near complete
461309,A1-18-all-fractions_metab_41,wsip-metawrap-drep-bins_Solirubrobacterales_74_2,wsip-metawrap-drep-bins,Grassland Soil 18O-H2O SIP,"Solirubrobacterales, Thermoleophilia, Actinobacteria, Bacteria",,2390617,73.67,2.48,678,2948,17861,36,4,39,8,11,2,Uncurated genome,partial
461310,A1-18-all-fractions_metab_conc_42,wsip-metawrap-drep-bins_Sphingomonadales_61_3,wsip-metawrap-drep-bins,Grassland Soil 18O-H2O SIP,"Sphingomonadales, Alphaproteobacteria, Proteobacteria, Bacteria",,2980871,60.57,2.93,274,3201,55530,36,4,37,1,12,1,Uncurated genome,partial
461311,A1-18-all-fractions_metab_conc_44,wsip-metawrap-drep-bins_Alphaproteobacteria_65_3,wsip-metawrap-drep-bins,Grassland Soil 18O-H2O SIP,"Alphaproteobacteria, Proteobacteria, Bacteria",,5063428,64.54,3.27,125,4800,147901,51,1,51,0,11,0,Uncurated genome,near complete
461312,A1-18-all-fractions_conc_50,wsip-metawrap-drep-bins_Burkholderia_graminis_63_2,wsip-metawrap-drep-bins,Grassland Soil 18O-H2O SIP,"Burkholderia graminis, Burkholderia, Burkholderiales, Betaproteobacteria, Proteobacteria, Bacteria",,5546311,63.28,2.03,2092,6474,11079,41,6,44,10,12,3,Uncurated genome,near complete
461313,A1-18-all-fractions_metab_conc_51,wsip-metawrap-drep-bins_Gemmatimonadetes_62_3,wsip-metawrap-drep-bins,Grassland Soil 18O-H2O SIP,"Gemmatimonadetes, Bacteria",,2590589,61.79,2.89,717,2950,14218,45,4,45,6,9,1,Uncurated genome,near complete
461314,A1-18-all-fractions_metab_conc_57,wsip-metawrap-drep-bins_Sphingomonadales_65_4,wsip-metawrap-drep-bins,Grassland Soil 18O-H2O SIP,"Sphingomonadales, Alphaproteobacteria, Proteobacteria, Bacteria",,2782643,64.88,4.39,162,2913,111913,49,3,49,2,11,0,Uncurated genome,near complete
461315,A1-18-all-fractions_conc_60,wsip-metawrap-drep-bins_Alphaproteobacteria_66_2,wsip-metawrap-drep-bins,Grassland Soil 18O-H2O SIP,"Alphaproteobacteria, Proteobacteria, Bacteria",,2879913,65.88,2.04,899,3475,13234,42,0,47,4,7,1,Uncurated genome,near complete
461316,A1-18-all-fractions_metab_conc_64,wsip-metawrap-drep-bins_Burkholderiales_71_4,wsip-metawrap-drep-bins,Grassland Soil 18O-H2O SIP,"Burkholderiales, Betaproteobacteria, Proteobacteria, Bacteria",,5886940,70.76,3.98,1025,5990,44527,20,4,21,8,7,3,Uncurated genome,partial
461317,A1-18-all-fractions_metab_conc_65,wsip-metawrap-drep-bins_Rhizobiales_63_1,wsip-metawrap-drep-bins,Grassland Soil 18O-H2O SIP,"Rhizobiales, Alphaproteobacteria, Proteobacteria, Bacteria",,3297799,62.67,1.25,706,3909,24102,50,2,51,3,10,1,Uncurated genome,near complete
461318,A1-18-all-fractions_metab_conc_67,wsip-metawrap-drep-bins_Propionibacteriales_68_3,wsip-metawrap-drep-bins,Grassland Soil 18O-H2O SIP,"Propionibacteriales, Actinobacteria, Actinobacteria, Bacteria",,3216090,67.68,2.59,237,3321,54460,50,2,49,4,14,1,Uncurated genome,near complete
461319,A1-18-all-fractions_metab_conc_68,wsip-metawrap-drep-bins_Amycolatopsis_69_1,wsip-metawrap-drep-bins,Grassland Soil 18O-H2O SIP,"Amycolatopsis, Pseudonocardiales, Actinobacteria, Actinobacteria, Bacteria",,7603314,69.07,1.4,1115,7789,39179,36,1,36,7,12,5,Uncurated genome,partial
461320,A1-18-all-fractions_metab_conc_9,wsip-metawrap-drep-bins_Rhizobiales_62_1,wsip-metawrap-drep-bins,Grassland Soil 18O-H2O SIP,"Rhizobiales, Alphaproteobacteria, Proteobacteria, Bacteria",,3024080,62.19,1.2,155,3059,76556,39,1,42,1,8,2,Uncurated genome,near complete
461321,A2-16-all-fractions_metab_conc_100,wsip-metawrap-drep-bins_Sphingomonadales_65_5,wsip-metawrap-drep-bins,Grassland Soil 18O-H2O SIP,"Sphingomonadales, Alphaproteobacteria, Proteobacteria, Bacteria",,2458447,64.9,5.24,129,2600,125942,51,1,51,2,13,0,Uncurated genome,near complete
461322,A2-16-all-fractions_metab_conc_113,wsip-metawrap-drep-bins_Actinobacteria_70_2,wsip-metawrap-drep-bins,Grassland Soil 18O-H2O SIP,"Actinobacteria, Actinobacteria, Bacteria",,3433275,70.36,1.68,145,3459,118509,30,9,31,12,11,2,Uncurated genome,partial
461323,A2-16-all-fractions_metab_conc_14,wsip-metawrap-drep-bins_Burkholderiales_69_5,wsip-metawrap-drep-bins,Grassland Soil 18O-H2O SIP,"Burkholderiales, Betaproteobacteria, Proteobacteria, Bacteria",,6200158,69.02,5.15,980,6360,50845,21,3,22,6,10,2,Uncurated genome,partial
461324,A2-16-all-fractions_metab_conc_2,wsip-metawrap-drep-bins_Sphingomonadales_61_1,wsip-metawrap-drep-bins,Grassland Soil 18O-H2O SIP,"Sphingomonadales, Alphaproteobacteria, Proteobacteria, Bacteria",,1951083,60.71,1.36,181,2069,33899,25,0,26,1,10,0,Uncurated genome,partial
461325,A2-16-all-fractions_metab_22,wsip-metawrap-drep-bins_Alphaproteobacteria_65_1,wsip-metawrap-drep-bins,Grassland Soil 18O-H2O SIP,"Alphaproteobacteria, Proteobacteria, Bacteria",,3702604,65.23,1.11,868,4194,31899,41,11,41,12,13,4,Uncurated genome,megabin
461326,A2-16-all-fractions_metab_conc_27,wsip-metawrap-drep-bins_Massilia_sp__JS1662_67_2,wsip-metawrap-drep-bins,Grassland Soil 18O-H2O SIP,"Massilia sp. JS1662, Massilia, Burkholderiales, Betaproteobacteria, Proteobacteria, Bacteria",,5743775,66.85,2.34,953,5734,51469,32,4,35,7,9,3,Uncurated genome,partial
461327,A2-16-all-fractions_metab_conc_31,wsip-metawrap-drep-bins_Deltaproteobacteria_69_2,wsip-metawrap-drep-bins,Grassland Soil 18O-H2O SIP,"Deltaproteobacteria, Proteobacteria, Bacteria",,3835569,69.01,1.77,193,3713,73599,21,0,27,3,10,1,Uncurated genome,partial
461328,A2-16-all-fractions_metab_conc_41,wsip-metawrap-drep-bins_Actinobacteria_70_1,wsip-metawrap-drep-bins,Grassland Soil 18O-H2O SIP,"Actinobacteria, Actinobacteria, Bacteria",,3093389,69.79,1.16,383,3314,40648,26,2,31,3,9,1,Uncurated genome,partial
461329,A2-16-all-fractions_metab_conc_44,wsip-metawrap-drep-bins_Burkholderia_graminis_63_2,wsip-metawrap-drep-bins,Grassland Soil 18O-H2O SIP,"Burkholderia graminis, Burkholderia, Burkholderiales, Betaproteobacteria, Proteobacteria, Bacteria",,6750721,63.28,1.91,564,6388,129653,20,2,23,2,12,1,Uncurated genome,partial
461330,A2-16-all-fractions_metab_conc_58,wsip-metawrap-drep-bins_Gemmatimonadetes_61_1,wsip-metawrap-drep-bins,Grassland Soil 18O-H2O SIP,"Gemmatimonadetes, Bacteria",,2516938,60.86,1.38,313,2579,37523,45,1,43,2,11,2,Uncurated genome,near complete
461331,A2-16-all-fractions_metab_conc_59,wsip-metawrap-drep-bins_Bacteria_67_1,wsip-metawrap-drep-bins,Grassland Soil 18O-H2O SIP,Bacteria,,4696797,66.58,1.03,913,5041,18220,35,1,39,4,11,2,Uncurated genome,partial
461332,A2-16-all-fractions_metab_63,wsip-metawrap-drep-bins_Cystobacter_violaceus_70_3,wsip-metawrap-drep-bins,Grassland Soil 18O-H2O SIP,"Cystobacter violaceus, Cystobacter, Myxococcales, Deltaproteobacteria, Proteobacteria, Bacteria",,8532069,69.94,2.59,548,7441,125389,52,1,51,4,14,2,Uncurated genome,near complete
461333,A2-16-all-fractions_metab_conc_68,wsip-metawrap-drep-bins_Bacteria_66_2,wsip-metawrap-drep-bins,Grassland Soil 18O-H2O SIP,Bacteria,,2091470,65.81,2.49,128,2213,66493,41,0,43,0,8,0,Uncurated genome,near complete
461334,A2-16-all-fractions_metab_conc_7,wsip-metawrap-drep-bins_Actinobacteria_71_4,wsip-metawrap-drep-bins,Grassland Soil 18O-H2O SIP,"Actinobacteria, Actinobacteria, Bacteria",,6562770,71.49,4.44,1333,7228,23777,44,3,45,8,13,4,Uncurated genome,near complete
461335,A2-16-all-fractions_metab_conc_73,wsip-metawrap-drep-bins_Actinobacteria_72_2,wsip-metawrap-drep-bins,Grassland Soil 18O-H2O SIP,"Actinobacteria, Actinobacteria, Bacteria",,4479102,71.83,1.73,500,4691,48909,38,2,46,4,12,0,Uncurated genome,near complete
461336,A2-16-all-fractions_metab_74,wsip-metawrap-drep-bins_Actinobacteria_73_2,wsip-metawrap-drep-bins,Grassland Soil 18O-H2O SIP,"Actinobacteria, Actinobacteria, Bacteria",,4587838,72.86,2.13,809,5302,37190,30,4,34,7,11,3,Uncurated genome,partial
461337,A2-16-all-fractions_metab_conc_89,wsip-metawrap-drep-bins_Alphaproteobacteria_64_2,wsip-metawrap-drep-bins,Grassland Soil 18O-H2O SIP,"Alphaproteobacteria, Proteobacteria, Bacteria",,5177889,63.98,1.6,330,5144,97343,27,2,28,3,11,2,Uncurated genome,partial
461338,A2-16-all-fractions_metab_maxb_93,wsip-metawrap-drep-bins_Betaproteobacteria_63_1,wsip-metawrap-drep-bins,Grassland Soil 18O-H2O SIP,"Betaproteobacteria, Proteobacteria, Bacteria",,3658138,62.94,1.32,441,3738,52849,43,0,48,2,12,1,Uncurated genome,near complete
461339,A2-16-all-fractions_metab_conc_99,wsip-metawrap-drep-bins_Acidobacteriales_58_2,wsip-metawrap-drep-bins,Grassland Soil 18O-H2O SIP,"Acidobacteriales, Acidobacteriia, Acidobacteria, Bacteria",,5194328,58.19,1.78,753,4952,41948,33,2,30,1,9,1,Uncurated genome,partial
461340,A2-18-all-fractions_metab_maxb_102,wsip-metawrap-drep-bins_Actinobacteria_69_1,wsip-metawrap-drep-bins,Grassland Soil 18O-H2O SIP,"Actinobacteria, Actinobacteria, Bacteria",,1542696,68.71,0.83,282,1862,22048,48,2,50,6,11,3,Uncurated genome,near complete
461341,A2-18-all-fractions_metab_107,wsip-metawrap-drep-bins_Actinobacteria_69_1,wsip-metawrap-drep-bins,Grassland Soil 18O-H2O SIP,"Actinobacteria, Actinobacteria, Bacteria",,2785108,68.74,0.89,159,2923,108532,41,1,43,4,13,2,Uncurated genome,near complete
461342,A2-18-all-fractions_metab_conc_111,wsip-metawrap-drep-bins_Actinobacteria_70_3,wsip-metawrap-drep-bins,Grassland Soil 18O-H2O SIP,"Actinobacteria, Actinobacteria, Bacteria",,3101822,69.55,2.73,146,3273,93904,15,1,18,2,10,3,Uncurated genome,partial
461343,A2-18-all-fractions_metab_112,wsip-metawrap-drep-bins_Solirubrobacterales_74_2,wsip-metawrap-drep-bins,Grassland Soil 18O-H2O SIP,"Solirubrobacterales, Thermoleophilia, Actinobacteria, Bacteria",,2700415,73.76,1.83,664,3317,18734,46,3,48,8,13,1,Uncurated genome,near complete
461344,A2-18-all-fractions_metab_conc_121,wsip-metawrap-drep-bins_Actinobacteria_67_1,wsip-metawrap-drep-bins,Grassland Soil 18O-H2O SIP,"Actinobacteria, Actinobacteria, Bacteria",,3490494,67.21,0.72,655,4036,26640,34,1,38,3,9,2,Uncurated genome,partial
461345,A2-18-all-fractions_metab_conc_122,wsip-metawrap-drep-bins_Actinobacteria_71_6,wsip-metawrap-drep-bins,Grassland Soil 18O-H2O SIP,"Actinobacteria, Actinobacteria, Bacteria",,6214547,71.43,5.78,1413,6994,26108,43,10,48,13,11,3,Uncurated genome,megabin
461346,A2-18-all-fractions_conc_14,wsip-metawrap-drep-bins_Deltaproteobacteria_69_1,wsip-metawrap-drep-bins,Grassland Soil 18O-H2O SIP,"Deltaproteobacteria, Proteobacteria, Bacteria",,8228005,69,1.19,193,7405,323421,51,2,51,4,11,1,Uncurated genome,near complete
461347,A2-18-all-fractions_metab_conc_20,wsip-metawrap-drep-bins_Bacteria_69_1,wsip-metawrap-drep-bins,Grassland Soil 18O-H2O SIP,Bacteria,,2074500,69.06,1.35,288,2382,33055,25,0,26,2,8,2,Uncurated genome,partial
461348,A2-18-all-fractions_metab_maxbC_23,wsip-metawrap-drep-bins_Bacteria_65_2,wsip-metawrap-drep-bins,Grassland Soil 18O-H2O SIP,Bacteria,,4108933,65.1,2.26,393,4033,39653,46,0,45,5,14,2,Uncurated genome,near complete
461349,A2-18-all-fractions_metab_conc_29,wsip-metawrap-drep-bins_Bacteria_69_2,wsip-metawrap-drep-bins,Grassland Soil 18O-H2O SIP,Bacteria,,5979491,69.04,1.61,322,6026,118962,47,0,49,3,14,2,Uncurated genome,near complete
461350,A2-18-all-fractions_metab_conc_33,wsip-metawrap-drep-bins_Actinobacteria_68_1,wsip-metawrap-drep-bins,Grassland Soil 18O-H2O SIP,"Actinobacteria, Actinobacteria, Bacteria",,3303269,67.95,1.17,186,3382,54983,38,0,41,0,13,1,Uncurated genome,near complete
461351,A2-18-all-fractions_metab_conc_34,wsip-metawrap-drep-bins_Bacteria_65_1,wsip-metawrap-drep-bins,Grassland Soil 18O-H2O SIP,Bacteria,,3364632,64.88,1.01,179,3570,298756,47,7,50,9,13,3,Uncurated genome,near complete
461352,A2-18-all-fractions_metab_conc_49,wsip-metawrap-drep-bins_Actinobacteria_68_1,wsip-metawrap-drep-bins,Grassland Soil 18O-H2O SIP,"Actinobacteria, Actinobacteria, Bacteria",,4246576,67.58,0.9,223,4434,95902,48,0,50,3,12,1,Uncurated genome,near complete
461353,A2-18-all-fractions_metab_51,wsip-metawrap-drep-bins_Geodermatophilales_72_3,wsip-metawrap-drep-bins,Grassland Soil 18O-H2O SIP,"Geodermatophilales, Actinobacteria, Actinobacteria, Bacteria",,4833049,72.39,3.35,831,5192,41005,22,3,22,4,10,3,Uncurated genome,partial
461354,A2-18-all-fractions_metab_54,wsip-metawrap-drep-bins_Actinobacteria_72_1,wsip-metawrap-drep-bins,Grassland Soil 18O-H2O SIP,"Actinobacteria, Actinobacteria, Bacteria",,4145935,71.8,1.43,366,4399,83759,33,4,36,5,12,0,Uncurated genome,partial
461355,A2-18-all-fractions_metab_conc_61,wsip-metawrap-drep-bins_Gemmatimonadetes_63_2,wsip-metawrap-drep-bins,Grassland Soil 18O-H2O SIP,"Gemmatimonadetes, Bacteria",,5014351,63.17,1.63,316,4664,99417,49,5,47,4,14,1,Uncurated genome,near complete
461356,A2-18-all-fractions_metab_conc_68,wsip-metawrap-drep-bins_Actinobacteria_70_2,wsip-metawrap-drep-bins,Grassland Soil 18O-H2O SIP,"Actinobacteria, Actinobacteria, Bacteria",,3779428,69.54,1.5,155,4004,159349,27,2,31,5,10,2,Uncurated genome,partial
461357,A2-18-all-fractions_metab_conc_69,wsip-metawrap-drep-bins_Actinobacteria_69_1,wsip-metawrap-drep-bins,Grassland Soil 18O-H2O SIP,"Actinobacteria, Actinobacteria, Bacteria",,2827530,68.7,1.39,135,3052,67012,23,2,23,1,11,3,Uncurated genome,partial
461358,A2-18-all-fractions_conc_77,wsip-metawrap-drep-bins_Actinobacteria_72_2,wsip-metawrap-drep-bins,Grassland Soil 18O-H2O SIP,"Actinobacteria, Actinobacteria, Bacteria",,5416081,71.5,1.76,782,5791,65363,32,3,38,1,12,2,Uncurated genome,partial
461359,A2-18-all-fractions_metab_conc_82,wsip-metawrap-drep-bins_Actinobacteria_72_2,wsip-metawrap-drep-bins,Grassland Soil 18O-H2O SIP,"Actinobacteria, Actinobacteria, Bacteria",,3564550,71.8,2.38,175,3752,109476,39,0,42,1,12,2,Uncurated genome,near complete
461360,A2-18-all-fractions_metab_conc_83,wsip-metawrap-drep-bins_Gemmatimonadetes_61_2,wsip-metawrap-drep-bins,Grassland Soil 18O-H2O SIP,"Gemmatimonadetes, Bacteria",,2702507,60.83,1.68,353,2758,38931,37,0,30,1,10,1,Uncurated genome,partial
461361,A2-18-all-fractions_metab_conc_89,wsip-metawrap-drep-bins_Actinobacteria_70_2,wsip-metawrap-drep-bins,Grassland Soil 18O-H2O SIP,"Actinobacteria, Actinobacteria, Bacteria",,3257068,69.56,1.71,256,3328,97816,35,0,40,0,11,0,Uncurated genome,partial
461362,A2-18-all-fractions_metab_90,wsip-metawrap-drep-bins_Elusimicrobia_70_1,wsip-metawrap-drep-bins,Grassland Soil 18O-H2O SIP,"Elusimicrobia, Elusimicrobia, Bacteria",,3370750,70.05,0.89,666,3674,24661,50,1,49,1,13,0,Uncurated genome,near complete
461363,A2-18-all-fractions_metab_maxb_92,wsip-metawrap-drep-bins_Betaproteobacteria_63_1,wsip-metawrap-drep-bins,Grassland Soil 18O-H2O SIP,"Betaproteobacteria, Proteobacteria, Bacteria",,3632998,63.12,1.49,550,3809,32850,41,0,44,3,10,0,Uncurated genome,near complete
461364,A2-18-all-fractions_metab_conc_94,wsip-metawrap-drep-bins_Bacteria_70_1,wsip-metawrap-drep-bins,Grassland Soil 18O-H2O SIP,Bacteria,,2603686,69.79,1.21,130,2830,80315,49,1,49,4,13,1,Uncurated genome,near complete
461365,A2-18-all-fractions_metab_conc_98,wsip-metawrap-drep-bins_Gemmatimonadetes_69_2,wsip-metawrap-drep-bins,Grassland Soil 18O-H2O SIP,"Gemmatimonadetes, Bacteria",,5091287,68.55,2.23,598,4880,71509,21,0,24,3,11,1,Uncurated genome,partial
461366,A3-16-all-fractions_metab_10,wsip-metawrap-drep-bins_Solirubrobacterales_71_1,wsip-metawrap-drep-bins,Grassland Soil 18O-H2O SIP,"Solirubrobacterales, Thermoleophilia, Actinobacteria, Bacteria",,2765567,70.72,1.46,624,3135,21685,33,5,36,5,7,4,Uncurated genome,partial
461367,A3-16-all-fractions_conc_105,wsip-metawrap-drep-bins_Gemmatimonadetes_64_1,wsip-metawrap-drep-bins,Grassland Soil 18O-H2O SIP,"Gemmatimonadetes, Bacteria",,5580570,64.37,1.3,320,5215,136343,42,2,44,1,12,0,Uncurated genome,near complete
461368,A3-16-all-fractions_metab_107,wsip-metawrap-drep-bins_Actinobacteria_69_2,wsip-metawrap-drep-bins,Grassland Soil 18O-H2O SIP,"Actinobacteria, Actinobacteria, Bacteria",,2270386,68.79,1.58,366,2679,43135,44,9,44,12,12,6,Uncurated genome,megabin
461369,A3-16-all-fractions_metab_conc_15,wsip-metawrap-drep-bins_Massilia_sp__JS1662_66_3,wsip-metawrap-drep-bins,Grassland Soil 18O-H2O SIP,"Massilia sp. JS1662, Massilia, Burkholderiales, Betaproteobacteria, Proteobacteria, Bacteria",,6448865,66.02,2.66,265,5640,140335,23,0,22,2,8,3,Uncurated genome,partial
461370,A3-16-all-fractions_metab_17,wsip-metawrap-drep-bins_Actinobacteria_70_1,wsip-metawrap-drep-bins,Grassland Soil 18O-H2O SIP,"Actinobacteria, Actinobacteria, Bacteria",,3416088,69.66,1.14,459,3511,71999,23,3,25,3,9,1,Uncurated genome,partial
461371,A3-16-all-fractions_metab_20,wsip-metawrap-drep-bins_Actinobacteria_73_2,wsip-metawrap-drep-bins,Grassland Soil 18O-H2O SIP,"Actinobacteria, Actinobacteria, Bacteria",,4634452,72.87,1.69,807,5485,33151,28,9,28,7,11,4,Uncurated genome,partial
461372,A3-16-all-fractions_metab_conc_22,wsip-metawrap-drep-bins_Actinobacteria_72_3,wsip-metawrap-drep-bins,Grassland Soil 18O-H2O SIP,"Actinobacteria, Actinobacteria, Bacteria",,4231846,71.93,2.77,562,4488,38188,28,2,33,4,10,2,Uncurated genome,partial
461373,A3-16-all-fractions_metab_conc_44,wsip-metawrap-drep-bins_Actinobacteria_69_3,wsip-metawrap-drep-bins,Grassland Soil 18O-H2O SIP,"Actinobacteria, Actinobacteria, Bacteria",,3630224,69.38,2.92,249,3906,77778,34,1,37,3,12,2,Uncurated genome,partial
461374,A3-16-all-fractions_metab_46,wsip-metawrap-drep-bins_Actinobacteria_69_3,wsip-metawrap-drep-bins,Grassland Soil 18O-H2O SIP,"Actinobacteria, Actinobacteria, Bacteria",,2936614,69.01,3.31,576,3513,30350,39,27,43,29,8,3,Uncurated genome,megabin
461375,A3-16-all-fractions_metab_conc_50,wsip-metawrap-drep-bins_Actinobacteria_71_4,wsip-metawrap-drep-bins,Grassland Soil 18O-H2O SIP,"Actinobacteria, Actinobacteria, Bacteria",,6314464,71.39,3.71,1190,6919,21194,42,3,47,8,11,6,Uncurated genome,near complete
461376,A3-16-all-fractions_metab_conc_58,wsip-metawrap-drep-bins_Micromonosporales_72_2,wsip-metawrap-drep-bins,Grassland Soil 18O-H2O SIP,"Micromonosporales, Actinobacteria, Actinobacteria, Bacteria",,4350998,71.7,1.6,573,4563,39894,21,1,21,4,11,3,Uncurated genome,partial
461377,A3-16-all-fractions_conc_61,wsip-metawrap-drep-bins_Catenulispora_acidiphila_72_1,wsip-metawrap-drep-bins,Grassland Soil 18O-H2O SIP,"Catenulispora acidiphila, Catenulispora, Catenulisporales, Actinobacteria, Actinobacteria, Bacteria",,6257709,71.53,1.23,899,6147,44907,33,2,35,7,10,4,Uncurated genome,partial
461378,A3-16-all-fractions_metab_maxb_64,wsip-metawrap-drep-bins_Arthrobacter_phenanthrenivorans_66_2,wsip-metawrap-drep-bins,Grassland Soil 18O-H2O SIP,"Arthrobacter phenanthrenivorans, Arthrobacter, Micrococcales, Actinobacteria, Actinobacteria, Bacteria",,3915870,66.09,2.42,563,4083,57015,24,1,26,1,12,0,Uncurated genome,partial
461379,A3-16-all-fractions_metab_conc_65,wsip-metawrap-drep-bins_Rhizobiales_63_3,wsip-metawrap-drep-bins,Grassland Soil 18O-H2O SIP,"Rhizobiales, Alphaproteobacteria, Proteobacteria, Bacteria",,3592585,62.52,2.63,200,3760,96914,47,0,49,2,11,0,Uncurated genome,near complete
461380,A3-16-all-fractions_metab_conc_66,wsip-metawrap-drep-bins_Actinobacteria_69_2,wsip-metawrap-drep-bins,Grassland Soil 18O-H2O SIP,"Actinobacteria, Actinobacteria, Bacteria",,2956632,69.14,2.04,245,3207,64731,40,1,42,0,12,2,Uncurated genome,near complete
461381,A3-16-all-fractions_metab_69,wsip-metawrap-drep-bins_Deltaproteobacteria_71_1,wsip-metawrap-drep-bins,Grassland Soil 18O-H2O SIP,"Deltaproteobacteria, Proteobacteria, Bacteria",,4483247,70.64,1.46,452,4497,50604,33,10,36,12,12,1,Uncurated genome,partial
461382,A3-16-all-fractions_metab_72,wsip-metawrap-drep-bins_Actinobacteria_70_1,wsip-metawrap-drep-bins,Grassland Soil 18O-H2O SIP,"Actinobacteria, Actinobacteria, Bacteria",,3332414,69.85,0.98,588,3680,26108,27,1,32,2,11,1,Uncurated genome,partial
461383,A3-16-all-fractions_metab_conc_75,wsip-metawrap-drep-bins_Burkholderiales_69_9,wsip-metawrap-drep-bins,Grassland Soil 18O-H2O SIP,"Burkholderiales, Betaproteobacteria, Proteobacteria, Bacteria",,6497424,68.88,9.09,877,6540,57944,26,6,26,7,10,2,Uncurated genome,partial
461384,A3-16-all-fractions_metab_maxbC_84,wsip-metawrap-drep-bins_Bacteria_73_2,wsip-metawrap-drep-bins,Grassland Soil 18O-H2O SIP,Bacteria,,5609358,72.53,1.82,165,4930,203412,27,2,29,2,10,0,Uncurated genome,partial
461385,A3-16-all-fractions_maxb_87,wsip-metawrap-drep-bins_Bacteria_53_0,wsip-metawrap-drep-bins,Grassland Soil 18O-H2O SIP,Bacteria,,3269326,52.53,0.48,730,3667,25374,36,1,37,1,8,2,Uncurated genome,partial
461386,A3-16-all-fractions_metab_94,wsip-metawrap-drep-bins_Burkholderiales_63_1,wsip-metawrap-drep-bins,Grassland Soil 18O-H2O SIP,"Burkholderiales, Betaproteobacteria, Proteobacteria, Bacteria",,5567515,63.26,1.33,696,5468,58881,25,5,27,8,13,3,Uncurated genome,partial
461387,A3-16-all-fractions_metab_99,wsip-metawrap-drep-bins_Solirubrobacterales_71_2,wsip-metawrap-drep-bins,Grassland Soil 18O-H2O SIP,"Solirubrobacterales, Thermoleophilia, Actinobacteria, Bacteria",,2255290,70.94,1.92,281,2501,47601,41,4,42,4,10,1,Uncurated genome,near complete
461388,A3-18-all-fractions_conc_100,wsip-metawrap-drep-bins_Bacteria_63_0,wsip-metawrap-drep-bins,Grassland Soil 18O-H2O SIP,Bacteria,,3202945,63.4,0.37,335,3306,35792,42,2,47,2,12,0,Uncurated genome,near complete
461389,A3-18-all-fractions_metab_conc_101,wsip-metawrap-drep-bins_Solirubrobacterales_70_2,wsip-metawrap-drep-bins,Grassland Soil 18O-H2O SIP,"Solirubrobacterales, Thermoleophilia, Actinobacteria, Bacteria",,2592799,69.81,1.5,70,2615,173259,42,1,48,1,13,1,Uncurated genome,near complete
461390,A3-18-all-fractions_metab_conc_103,wsip-metawrap-drep-bins_Actinobacteria_72_1,wsip-metawrap-drep-bins,Grassland Soil 18O-H2O SIP,"Actinobacteria, Actinobacteria, Bacteria",,3137679,72.34,0.99,135,3382,118118,22,0,24,1,11,2,Uncurated genome,partial
461391,A3-18-all-fractions_metab_conc_126,wsip-metawrap-drep-bins_Deltaproteobacteria_69_1,wsip-metawrap-drep-bins,Grassland Soil 18O-H2O SIP,"Deltaproteobacteria, Proteobacteria, Bacteria",,4303456,68.97,0.68,434,4265,36055,24,2,23,4,12,3,Uncurated genome,partial
461392,A3-18-all-fractions_metab_conc_127,wsip-metawrap-drep-bins_Actinobacteria_72_1,wsip-metawrap-drep-bins,Grassland Soil 18O-H2O SIP,"Actinobacteria, Actinobacteria, Bacteria",,4571789,71.88,1.06,442,4779,46914,24,0,28,1,13,2,Uncurated genome,partial
461393,A3-18-all-fractions_metab_131,wsip-metawrap-drep-bins_Proteobacteria_70_1,wsip-metawrap-drep-bins,Grassland Soil 18O-H2O SIP,"Proteobacteria, Bacteria",,4804886,69.62,0.76,1499,5651,14843,25,7,27,10,12,3,Uncurated genome,partial
461394,A3-18-all-fractions_metab_conc_132,wsip-metawrap-drep-bins_Micrococcales_73_1,wsip-metawrap-drep-bins,Grassland Soil 18O-H2O SIP,"Micrococcales, Actinobacteria, Actinobacteria, Bacteria",,3416132,72.63,0.62,193,3476,104252,24,2,22,5,10,1,Uncurated genome,partial
461395,A3-18-all-fractions_metab_conc_133,wsip-metawrap-drep-bins_Myxococcales_66_1,wsip-metawrap-drep-bins,Grassland Soil 18O-H2O SIP,"Myxococcales, Deltaproteobacteria, Proteobacteria, Bacteria",,6209803,66.3,0.8,455,5663,62837,51,0,50,3,13,0,Uncurated genome,near complete
461396,A3-18-all-fractions_metab_134,wsip-metawrap-drep-bins_Bacteria_65_1,wsip-metawrap-drep-bins,Grassland Soil 18O-H2O SIP,Bacteria,,4963055,64.95,1.14,657,5071,39060,49,0,48,4,14,3,Uncurated genome,near complete
461397,A3-18-all-fractions_metab_138,wsip-metawrap-drep-bins_Bdellovibrionales_52_2,wsip-metawrap-drep-bins,Grassland Soil 18O-H2O SIP,"Bdellovibrionales, Bdellovibrio, Bacteria",,3974026,52.49,2,240,3904,101839,50,2,50,1,11,1,Uncurated genome,near complete
461398,A3-18-all-fractions_metab_conc_140,wsip-metawrap-drep-bins_Deltaproteobacteria_69_1,wsip-metawrap-drep-bins,Grassland Soil 18O-H2O SIP,"Deltaproteobacteria, Proteobacteria, Bacteria",,7379846,69.1,0.68,609,7105,89852,24,0,23,4,12,1,Uncurated genome,partial
461399,A3-18-all-fractions_metab_conc_17,wsip-metawrap-drep-bins_Actinobacteria_67_1,wsip-metawrap-drep-bins,Grassland Soil 18O-H2O SIP,"Actinobacteria, Actinobacteria, Bacteria",,3895225,67.3,0.98,126,3967,198599,51,1,50,2,13,2,Uncurated genome,near complete
461400,A3-18-all-fractions_metab_22,wsip-metawrap-drep-bins_Conexibacter_woesei_74_2,wsip-metawrap-drep-bins,Grassland Soil 18O-H2O SIP,"Conexibacter woesei, Conexibacter, Solirubrobacterales, Thermoleophilia, Actinobacteria, Bacteria",,2407782,73.87,2.07,545,2902,23457,32,1,35,1,11,1,Uncurated genome,partial
461401,A3-18-all-fractions_metab_conc_27,wsip-metawrap-drep-bins_Mycobacterium_68_1,wsip-metawrap-drep-bins,Grassland Soil 18O-H2O SIP,"Mycobacterium, Corynebacteriales, Actinobacteria, Actinobacteria, Bacteria",,3616948,68.39,0.76,139,3524,106717,48,3,48,2,11,0,Uncurated genome,near complete
461402,A3-18-all-fractions_metab_conc_38,wsip-metawrap-drep-bins_Sphingomonadales_68_1,wsip-metawrap-drep-bins,Grassland Soil 18O-H2O SIP,"Sphingomonadales, Alphaproteobacteria, Proteobacteria, Bacteria",,3238418,68.26,1.09,432,3416,34602,26,2,30,5,8,2,Uncurated genome,partial
461403,A3-18-all-fractions_metab_conc_43,wsip-metawrap-drep-bins_Burkholderiales_70_3,wsip-metawrap-drep-bins,Grassland Soil 18O-H2O SIP,"Burkholderiales, Betaproteobacteria, Proteobacteria, Bacteria",,5540234,69.95,2.55,428,5577,87736,48,16,49,12,12,1,Uncurated genome,megabin
461404,A3-18-all-fractions_metab_46,wsip-metawrap-drep-bins_Solirubrobacterales_71_1,wsip-metawrap-drep-bins,Grassland Soil 18O-H2O SIP,"Solirubrobacterales, Thermoleophilia, Actinobacteria, Bacteria",,2609397,70.51,1.18,488,2937,33766,33,3,34,6,10,3,Uncurated genome,partial
461405,A3-18-all-fractions_conc_47,wsip-metawrap-drep-bins_Burkholderia_graminis_63_3,wsip-metawrap-drep-bins,Grassland Soil 18O-H2O SIP,"Burkholderia graminis, Burkholderia, Burkholderiales, Betaproteobacteria, Proteobacteria, Bacteria",,5614995,63.25,2.57,1225,5917,26974,42,2,47,6,12,1,Uncurated genome,near complete
461406,A3-18-all-fractions_metab_conc_49,wsip-metawrap-drep-bins_Solirubrobacterales_68_1,wsip-metawrap-drep-bins,Grassland Soil 18O-H2O SIP,"Solirubrobacterales, Thermoleophilia, Actinobacteria, Bacteria",,2667142,67.94,0.64,114,2669,90704,42,0,44,2,10,1,Uncurated genome,near complete
461407,A3-18-all-fractions_metab_72,wsip-metawrap-drep-bins_Gemmatimonadetes_69_1,wsip-metawrap-drep-bins,Grassland Soil 18O-H2O SIP,"Gemmatimonadetes, Bacteria",,5798656,68.62,1.26,991,5819,59668,22,2,23,8,8,2,Uncurated genome,partial
461408,A3-18-all-fractions_metab_conc_79,wsip-metawrap-drep-bins_Propionibacteriales_71_0,wsip-metawrap-drep-bins,Grassland Soil 18O-H2O SIP,"Propionibacteriales, Actinobacteria, Actinobacteria, Bacteria",,3142145,70.82,0.3,218,3183,60767,27,3,27,2,11,0,Uncurated genome,partial
461409,A3-18-all-fractions_metab_conc_92,wsip-metawrap-drep-bins_Burkholderiales_69_9,wsip-metawrap-drep-bins,Grassland Soil 18O-H2O SIP,"Burkholderiales, Betaproteobacteria, Proteobacteria, Bacteria",,6689467,68.95,8.54,785,6581,67541,42,13,42,14,13,3,Uncurated genome,megabin
461410,H1-16-all-fractions_metab_conc_1,wsip-metawrap-drep-bins_Actinobacteria_71_6,wsip-metawrap-drep-bins,Grassland Soil 18O-H2O SIP,"Actinobacteria, Actinobacteria, Bacteria",,3190104,70.8,6.14,310,3446,63763,48,1,51,2,13,3,Uncurated genome,near complete
461411,H1-16-all-fractions_metab_conc_12,wsip-metawrap-drep-bins_Actinobacteria_70_7,wsip-metawrap-drep-bins,Grassland Soil 18O-H2O SIP,"Actinobacteria, Actinobacteria, Bacteria",,4026304,69.7,7.36,577,4558,30846,48,11,48,12,13,2,Uncurated genome,megabin
461412,H1-16-all-fractions_metab_conc_2,wsip-metawrap-drep-bins_Bradyrhizobium_62_3,wsip-metawrap-drep-bins,Grassland Soil 18O-H2O SIP,"Bradyrhizobium, Rhizobiales, Alphaproteobacteria, Proteobacteria, Bacteria",,5024840,62.33,3.48,820,5359,27860,45,6,44,6,10,2,Uncurated genome,near complete
461413,H1-16-all-fractions_metab_conc_20,wsip-metawrap-drep-bins_Bacteria_65_2,wsip-metawrap-drep-bins,Grassland Soil 18O-H2O SIP,Bacteria,,3126185,64.8,1.84,282,3109,65397,49,0,47,3,12,0,Uncurated genome,near complete
461414,H1-16-all-fractions_metab_conc_21,wsip-metawrap-drep-bins_Actinobacteria_69_3,wsip-metawrap-drep-bins,Grassland Soil 18O-H2O SIP,"Actinobacteria, Actinobacteria, Bacteria",,2643828,69.07,3.01,397,3072,33426,47,4,49,8,13,1,Uncurated genome,near complete
461415,H1-16-all-fractions_metab_conc_28,wsip-metawrap-drep-bins_Actinobacteria_70_4,wsip-metawrap-drep-bins,Grassland Soil 18O-H2O SIP,"Actinobacteria, Actinobacteria, Bacteria",,3173154,70.34,3.89,258,3473,59607,37,0,39,0,12,1,Uncurated genome,partial
461416,H1-16-all-fractions_metab_31,wsip-metawrap-drep-bins_Corynebacterium_durum_57_0,wsip-metawrap-drep-bins,Grassland Soil 18O-H2O SIP,"Corynebacterium durum, Corynebacterium, Corynebacteriales, Actinobacteria, Actinobacteria, Bacteria",,2747925,57.28,0.17,82,2581,220502,50,0,51,0,13,0,Uncurated genome,near complete
461417,H1-16-all-fractions_metab_conc_37,wsip-metawrap-drep-bins_Actinobacteria_70_2,wsip-metawrap-drep-bins,Grassland Soil 18O-H2O SIP,"Actinobacteria, Actinobacteria, Bacteria",,3023131,70.31,2.27,107,3187,92300,47,1,51,2,12,2,Uncurated genome,near complete
461418,H1-16-all-fractions_metab_conc_39,wsip-metawrap-drep-bins_Actinobacteria_66_2,wsip-metawrap-drep-bins,Grassland Soil 18O-H2O SIP,"Actinobacteria, Actinobacteria, Bacteria",,5001333,66.21,1.77,319,5172,72808,37,1,51,5,14,2,Uncurated genome,near complete
461419,H1-16-all-fractions_metab_conc_42,wsip-metawrap-drep-bins_Ktedonobacter_racemifer_53_2,wsip-metawrap-drep-bins,Grassland Soil 18O-H2O SIP,"Ktedonobacter racemifer, Ktedonobacter, Ktedonobacterales, Ktedonobacteria, Chloroflexi, Bacteria",,6485173,53.07,2.24,473,6049,92873,47,1,46,5,12,3,Uncurated genome,near complete
461420,H1-16-all-fractions_metab_48,wsip-metawrap-drep-bins_Actinobacteria_68_5,wsip-metawrap-drep-bins,Grassland Soil 18O-H2O SIP,"Actinobacteria, Actinobacteria, Bacteria",,2498950,67.98,4.7,144,2664,175226,44,8,49,11,13,1,Uncurated genome,megabin
461421,H1-16-all-fractions_conc_50,wsip-metawrap-drep-bins_Massilia_sp__JS1662_67_2,wsip-metawrap-drep-bins,Grassland Soil 18O-H2O SIP,"Massilia sp. JS1662, Massilia, Burkholderiales, Betaproteobacteria, Proteobacteria, Bacteria",,6971725,66.53,1.76,472,6355,98940,32,1,36,5,13,2,Uncurated genome,partial
461422,H1-16-all-fractions_metab_conc_51,wsip-metawrap-drep-bins_Actinobacteria_75_2,wsip-metawrap-drep-bins,Grassland Soil 18O-H2O SIP,"Actinobacteria, Actinobacteria, Bacteria",,3963092,74.66,1.58,222,3785,75921,18,0,21,2,12,4,Uncurated genome,partial
461423,H1-16-all-fractions_metab_maxb_54,wsip-metawrap-drep-bins_Actinobacteria_74_1,wsip-metawrap-drep-bins,Grassland Soil 18O-H2O SIP,"Actinobacteria, Actinobacteria, Bacteria",,3405348,74.38,0.89,533,3746,33956,18,0,22,2,10,4,Uncurated genome,partial
461424,H1-16-all-fractions_metab_conc_57,wsip-metawrap-drep-bins_Solirubrobacterales_72_6,wsip-metawrap-drep-bins,Grassland Soil 18O-H2O SIP,"Solirubrobacterales, Thermoleophilia, Actinobacteria, Bacteria",,2664009,71.83,6.23,53,2795,221271,49,1,50,0,11,0,Uncurated genome,near complete
461425,H1-16-all-fractions_metab_conc_6,wsip-metawrap-drep-bins_Bacteria_69_3,wsip-metawrap-drep-bins,Grassland Soil 18O-H2O SIP,Bacteria,,7516630,68.58,2.7,109,6364,357238,51,1,50,4,12,1,Uncurated genome,near complete
461426,H1-16-all-fractions_metab_conc_65,wsip-metawrap-drep-bins_Bacteria_66_3,wsip-metawrap-drep-bins,Grassland Soil 18O-H2O SIP,Bacteria,,7136862,66.17,2.58,259,5864,191841,49,5,48,4,14,0,Uncurated genome,near complete
461427,H1-16-all-fractions_metab_conc_68,wsip-metawrap-drep-bins_Ktedonobacter_racemifer_52_2,wsip-metawrap-drep-bins,Grassland Soil 18O-H2O SIP,"Ktedonobacter racemifer, Ktedonobacter, Ktedonobacterales, Ktedonobacteria, Chloroflexi, Bacteria",,6314257,52,2.33,1192,6578,32107,42,2,43,7,14,4,Uncurated genome,near complete
461428,H1-16-all-fractions_metab_74,wsip-metawrap-drep-bins_Sphingomonadales_70_3,wsip-metawrap-drep-bins,Grassland Soil 18O-H2O SIP,"Sphingomonadales, Alphaproteobacteria, Proteobacteria, Bacteria",,2545672,70.38,2.59,502,2854,71326,23,0,24,4,9,5,Uncurated genome,partial
461429,H1-16-all-fractions_conc_93,wsip-metawrap-drep-bins_Chloroflexi_54_1,wsip-metawrap-drep-bins,Grassland Soil 18O-H2O SIP,"Chloroflexi, Bacteria",,7976920,53.73,1.16,896,7680,44870,45,0,46,4,13,3,Uncurated genome,near complete
461430,H1-16-all-fractions_metab_conc_94,wsip-metawrap-drep-bins_Propionibacteriales_69_4,wsip-metawrap-drep-bins,Grassland Soil 18O-H2O SIP,"Propionibacteriales, Actinobacteria, Actinobacteria, Bacteria",,4129197,69.27,4.13,442,4487,108036,50,12,49,13,12,1,Uncurated genome,megabin
461431,H1-16-all-fractions_metab_conc_99,wsip-metawrap-drep-bins_Alphaproteobacteria_63_3,wsip-metawrap-drep-bins,Grassland Soil 18O-H2O SIP,"Alphaproteobacteria, Proteobacteria, Bacteria",,5962518,63.02,2.52,776,6338,42147,45,2,51,6,11,3,Uncurated genome,near complete
461432,H1-18-all-fractions_metab_conc_10,wsip-metawrap-drep-bins_Actinobacteria_67_1,wsip-metawrap-drep-bins,Grassland Soil 18O-H2O SIP,"Actinobacteria, Actinobacteria, Bacteria",,3593456,67.31,1.25,34,3578,429298,46,1,49,0,12,1,Uncurated genome,near complete
461433,H1-18-all-fractions_metab_maxb_101,wsip-metawrap-drep-bins_Bacteria_63_1,wsip-metawrap-drep-bins,Grassland Soil 18O-H2O SIP,Bacteria,,5050636,62.55,1.21,549,4322,51723,45,0,48,1,14,0,Uncurated genome,near complete
461434,H1-18-all-fractions_metab_conc_103,wsip-metawrap-drep-bins_Sphingomonadales_66_4,wsip-metawrap-drep-bins,Grassland Soil 18O-H2O SIP,"Sphingomonadales, Alphaproteobacteria, Proteobacteria, Bacteria",,2194343,65.78,3.85,184,2393,54614,30,1,32,2,10,0,Uncurated genome,partial
461435,H1-18-all-fractions_metab_conc_105,wsip-metawrap-drep-bins_Acidobacteria_57_1,wsip-metawrap-drep-bins,Grassland Soil 18O-H2O SIP,"Acidobacteria, Bacteria",,3973080,56.58,1.06,528,3963,69193,35,1,36,3,8,0,Uncurated genome,partial
461436,H1-18-all-fractions_conc_108,wsip-metawrap-drep-bins_Bacteria_69_1,wsip-metawrap-drep-bins,Grassland Soil 18O-H2O SIP,Bacteria,,6933267,68.93,1.01,668,6442,67373,51,3,50,7,12,1,Uncurated genome,near complete
461437,H1-18-all-fractions_conc_118,wsip-metawrap-drep-bins_Deltaproteobacteria_70_1,wsip-metawrap-drep-bins,Grassland Soil 18O-H2O SIP,"Deltaproteobacteria, Proteobacteria, Bacteria",,4813784,70.01,0.77,558,4808,43280,39,1,38,2,11,2,Uncurated genome,partial
461438,H1-18-all-fractions_conc_122,wsip-metawrap-drep-bins_Actinobacteria_70_2,wsip-metawrap-drep-bins,Grassland Soil 18O-H2O SIP,"Actinobacteria, Actinobacteria, Bacteria",,4667634,70.45,1.67,408,5203,44937,19,3,22,8,11,4,Uncurated genome,partial
461439,H1-18-all-fractions_conc_125,wsip-metawrap-drep-bins_Pseudonocardiales_71_0,wsip-metawrap-drep-bins,Grassland Soil 18O-H2O SIP,"Pseudonocardiales, Actinobacteria, Actinobacteria, Bacteria",,10371010,70.62,0.45,836,9701,83704,31,3,47,3,12,3,Uncurated genome,near complete
461440,H1-18-all-fractions_metab_conc_14,wsip-metawrap-drep-bins_Actinobacteria_70_5,wsip-metawrap-drep-bins,Grassland Soil 18O-H2O SIP,"Actinobacteria, Actinobacteria, Bacteria",,4276527,69.79,5.16,802,4991,27219,47,19,47,16,10,3,Uncurated genome,megabin
461441,H1-18-all-fractions_metab_conc_17,wsip-metawrap-drep-bins_Bacteria_55_2,wsip-metawrap-drep-bins,Grassland Soil 18O-H2O SIP,Bacteria,,3411861,54.9,1.7,399,3731,61848,41,4,42,3,14,0,Uncurated genome,near complete
461442,H1-18-all-fractions_metab_conc_19,wsip-metawrap-drep-bins_Rhizobiales_64_1,wsip-metawrap-drep-bins,Grassland Soil 18O-H2O SIP,"Rhizobiales, Alphaproteobacteria, Proteobacteria, Bacteria",,2604427,63.56,0.86,223,2726,39001,25,1,25,1,10,0,Uncurated genome,partial
461443,H1-18-all-fractions_metab_conc_2,wsip-metawrap-drep-bins_Burkholderia_graminis_63_1,wsip-metawrap-drep-bins,Grassland Soil 18O-H2O SIP,"Burkholderia graminis, Burkholderia, Burkholderiales, Betaproteobacteria, Proteobacteria, Bacteria",,6080508,63.32,0.8,775,6004,38493,48,2,51,4,12,1,Uncurated genome,near complete
461444,H1-18-all-fractions_metab_conc_20,wsip-metawrap-drep-bins_Bacteria_57_1,wsip-metawrap-drep-bins,Grassland Soil 18O-H2O SIP,Bacteria,,3502274,56.84,0.77,155,3179,113849,48,2,48,2,14,1,Uncurated genome,near complete
461445,H1-18-all-fractions_metab_maxbC_21,wsip-metawrap-drep-bins_Verrucomicrobia_59_1,wsip-metawrap-drep-bins,Grassland Soil 18O-H2O SIP,"Verrucomicrobia, Bacteria",,2052034,59.37,1.22,260,2087,42170,43,0,45,3,13,1,Uncurated genome,near complete
461446,H1-18-all-fractions_metab_conc_22,wsip-metawrap-drep-bins_Bacteria_59_1,wsip-metawrap-drep-bins,Grassland Soil 18O-H2O SIP,Bacteria,,2680896,58.6,0.79,260,2614,44256,46,2,48,3,10,0,Uncurated genome,near complete
461447,H1-18-all-fractions_metab_conc_23,wsip-metawrap-drep-bins_RIF_CHLX_70_2,wsip-metawrap-drep-bins,Grassland Soil 18O-H2O SIP,"RIF-CHLX, Bacteria",,2606019,69.8,1.82,319,2695,45021,44,3,47,4,11,0,Uncurated genome,near complete
461448,H1-18-all-fractions_conc_24,wsip-metawrap-drep-bins_Gemmatimonadetes_68_2,wsip-metawrap-drep-bins,Grassland Soil 18O-H2O SIP,"Gemmatimonadetes, Bacteria",,4253190,67.97,2.32,812,4438,33687,46,14,47,15,12,1,Uncurated genome,megabin
461449,H1-18-all-fractions_metab_conc_27,wsip-metawrap-drep-bins_Propionibacteriales_69_3,wsip-metawrap-drep-bins,Grassland Soil 18O-H2O SIP,"Propionibacteriales, Actinobacteria, Actinobacteria, Bacteria",,3916357,69.34,3.32,391,4228,136375,38,5,38,5,10,2,Uncurated genome,partial
461450,H1-18-all-fractions_metab_maxb_28,wsip-metawrap-drep-bins_Actinobacteria_74_1,wsip-metawrap-drep-bins,Grassland Soil 18O-H2O SIP,"Actinobacteria, Actinobacteria, Bacteria",,3823048,73.93,1.02,428,4083,50391,24,0,27,1,11,4,Uncurated genome,partial
461451,H1-18-all-fractions_conc_3,wsip-metawrap-drep-bins_Bacteria_68_2,wsip-metawrap-drep-bins,Grassland Soil 18O-H2O SIP,Bacteria,,4313864,68.42,1.55,438,4314,70699,35,1,35,1,12,0,Uncurated genome,partial
461452,H1-18-all-fractions_conc_32,wsip-metawrap-drep-bins_Gemmatimonadetes_61_1,wsip-metawrap-drep-bins,Grassland Soil 18O-H2O SIP,"Gemmatimonadetes, Bacteria",,2751470,61.47,1.49,513,2952,29636,27,0,27,1,10,1,Uncurated genome,partial
461453,H1-18-all-fractions_metab_conc_36,wsip-metawrap-drep-bins_Alphaproteobacteria_64_1,wsip-metawrap-drep-bins,Grassland Soil 18O-H2O SIP,"Alphaproteobacteria, Proteobacteria, Bacteria",,4029404,64.23,0.87,386,4071,48542,39,3,42,4,8,1,Uncurated genome,near complete
461454,H1-18-all-fractions_metab_conc_37,wsip-metawrap-drep-bins_Gemmatimonadetes_69_2,wsip-metawrap-drep-bins,Grassland Soil 18O-H2O SIP,"Gemmatimonadetes, Bacteria",,4706290,68.6,1.79,282,4346,96314,24,1,27,2,13,1,Uncurated genome,partial
461455,H1-18-all-fractions_metab_conc_40,wsip-metawrap-drep-bins_Bacteria_65_2,wsip-metawrap-drep-bins,Grassland Soil 18O-H2O SIP,Bacteria,,3148417,64.72,1.77,363,3251,46585,50,1,49,2,14,0,Uncurated genome,near complete
461456,H1-18-all-fractions_metab_conc_44,wsip-metawrap-drep-bins_Gemmatimonadetes_61_2,wsip-metawrap-drep-bins,Grassland Soil 18O-H2O SIP,"Gemmatimonadetes, Bacteria",,2902539,60.78,1.5,146,2828,77906,31,7,27,5,13,0,Uncurated genome,partial
461457,H1-18-all-fractions_metab_maxb_45,wsip-metawrap-drep-bins_Sphingobacteriales_37_0,wsip-metawrap-drep-bins,Grassland Soil 18O-H2O SIP,"Sphingobacteriales, Sphingobacteriia, Bacteroidetes, Bacteria",,3620094,36.89,0.38,619,3590,49168,43,2,45,1,11,1,Uncurated genome,near complete
461458,H1-18-all-fractions_metab_conc_47,wsip-metawrap-drep-bins_Burkholderiales_71_1,wsip-metawrap-drep-bins,Grassland Soil 18O-H2O SIP,"Burkholderiales, Betaproteobacteria, Proteobacteria, Bacteria",,6407978,70.55,1.09,491,5960,97423,51,6,51,6,14,1,Uncurated genome,near complete
461459,H1-18-all-fractions_metab_conc_5,wsip-metawrap-drep-bins_Alphaproteobacteria_63_3,wsip-metawrap-drep-bins,Grassland Soil 18O-H2O SIP,"Alphaproteobacteria, Proteobacteria, Bacteria",,5243836,62.98,2.6,710,5590,41571,44,3,49,1,12,0,Uncurated genome,near complete
461460,H1-18-all-fractions_conc_53,wsip-metawrap-drep-bins_Chloroflexi_64_1,wsip-metawrap-drep-bins,Grassland Soil 18O-H2O SIP,"Chloroflexi, Bacteria",,8784585,64.36,0.82,967,8011,45044,48,1,50,5,14,3,Uncurated genome,near complete
461461,H1-18-all-fractions_conc_55,wsip-metawrap-drep-bins_Burkholderiales_64_3,wsip-metawrap-drep-bins,Grassland Soil 18O-H2O SIP,"Burkholderiales, Betaproteobacteria, Proteobacteria, Bacteria",,4935414,63.72,2.76,373,4762,76258,45,1,51,0,13,2,Uncurated genome,near complete
461462,H1-18-all-fractions_metab_conc_56,wsip-metawrap-drep-bins_Chloroflexi_54_1,wsip-metawrap-drep-bins,Grassland Soil 18O-H2O SIP,"Chloroflexi, Bacteria",,7909950,53.57,1.19,665,7402,65524,48,0,48,4,14,1,Uncurated genome,near complete
461463,H1-18-all-fractions_metab_conc_57,wsip-metawrap-drep-bins_Acidobacteria_55_7,wsip-metawrap-drep-bins,Grassland Soil 18O-H2O SIP,"Acidobacteria, Bacteria",,5425631,54.94,6.57,17,4849,1050464,52,3,50,0,13,0,Uncurated genome,near complete
461464,H1-18-all-fractions_metab_conc_61,wsip-metawrap-drep-bins_Actinobacteria_70_3,wsip-metawrap-drep-bins,Grassland Soil 18O-H2O SIP,"Actinobacteria, Actinobacteria, Bacteria",,2433400,69.78,2.56,230,2606,60199,32,7,36,6,11,3,Uncurated genome,partial
461465,H1-18-all-fractions_metab_conc_62,wsip-metawrap-drep-bins_Sphingomonadales_68_7,wsip-metawrap-drep-bins,Grassland Soil 18O-H2O SIP,"Sphingomonadales, Alphaproteobacteria, Proteobacteria, Bacteria",,3602972,67.67,7.03,53,3495,219211,50,3,51,2,12,0,Uncurated genome,near complete
461466,H1-18-all-fractions_metab_maxbC_65,wsip-metawrap-drep-bins_Verrucomicrobia_60_2,wsip-metawrap-drep-bins,Grassland Soil 18O-H2O SIP,"Verrucomicrobia, Bacteria",,2279898,60.47,1.78,453,2487,20005,39,1,38,1,8,1,Uncurated genome,partial
461467,H1-18-all-fractions_metab_69,wsip-metawrap-drep-bins_Sphingomonadales_65_8,wsip-metawrap-drep-bins,Grassland Soil 18O-H2O SIP,"Sphingomonadales, Alphaproteobacteria, Proteobacteria, Bacteria",,2542617,65.27,7.84,20,2604,466520,41,0,41,1,12,1,Uncurated genome,near complete
461468,H1-18-all-fractions_metab_conc_71,wsip-metawrap-drep-bins_Actinobacteria_71_2,wsip-metawrap-drep-bins,Grassland Soil 18O-H2O SIP,"Actinobacteria, Actinobacteria, Bacteria",,1950784,71.19,2.47,100,2230,118024,25,1,31,1,12,1,Uncurated genome,partial
461469,H1-18-all-fractions_metab_8,wsip-metawrap-drep-bins_Bdellovibrionales_52_1,wsip-metawrap-drep-bins,Grassland Soil 18O-H2O SIP,"Bdellovibrionales, Bdellovibrio, Bacteria",,4221683,51.71,0.97,262,4151,80438,48,1,50,1,11,1,Uncurated genome,near complete
461470,H1-18-all-fractions_metab_conc_80,wsip-metawrap-drep-bins_Solirubrobacterales_69_3,wsip-metawrap-drep-bins,Grassland Soil 18O-H2O SIP,"Solirubrobacterales, Thermoleophilia, Actinobacteria, Bacteria",,2429613,68.64,3.35,21,2416,411304,43,0,48,3,13,1,Uncurated genome,near complete
461471,H1-18-all-fractions_metab_85,wsip-metawrap-drep-bins_Ktedonobacter_racemifer_51_1,wsip-metawrap-drep-bins,Grassland Soil 18O-H2O SIP,"Ktedonobacter racemifer, Ktedonobacter, Ktedonobacterales, Ktedonobacteria, Chloroflexi, Bacteria",,6001450,51.22,0.69,1133,6077,26546,28,4,31,8,11,3,Uncurated genome,partial
461472,H1-18-all-fractions_metab_conc_86,wsip-metawrap-drep-bins_Conexibacter_woesei_72_2,wsip-metawrap-drep-bins,Grassland Soil 18O-H2O SIP,"Conexibacter woesei, Conexibacter, Solirubrobacterales, Thermoleophilia, Actinobacteria, Bacteria",,3022353,71.77,2.33,124,3121,111240,47,0,49,2,12,0,Uncurated genome,near complete
461473,H1-18-all-fractions_conc_96,wsip-metawrap-drep-bins_Pseudonocardiales_70_0,wsip-metawrap-drep-bins,Grassland Soil 18O-H2O SIP,"Pseudonocardiales, Actinobacteria, Actinobacteria, Bacteria",,5967540,70.06,0.38,106,5733,300031,31,0,49,1,12,1,Uncurated genome,near complete
461474,H1-18-all-fractions_maxb_99,wsip-metawrap-drep-bins_Actinobacteria_69_1,wsip-metawrap-drep-bins,Grassland Soil 18O-H2O SIP,"Actinobacteria, Actinobacteria, Bacteria",,2851814,68.61,1.29,145,2941,134637,49,1,50,0,13,1,Uncurated genome,near complete
461475,H2-16-all-fractions_metab_conc_1,wsip-metawrap-drep-bins_Acidobacteriales_58_1,wsip-metawrap-drep-bins,Grassland Soil 18O-H2O SIP,"Acidobacteriales, Acidobacteriia, Acidobacteria, Bacteria",,4412935,57.81,0.91,241,4035,98057,26,4,28,5,11,1,Uncurated genome,partial
461476,H2-16-all-fractions_metab_conc_100,wsip-metawrap-drep-bins_Burkholderia_graminis_63_1,wsip-metawrap-drep-bins,Grassland Soil 18O-H2O SIP,"Burkholderia graminis, Burkholderia, Burkholderiales, Betaproteobacteria, Proteobacteria, Bacteria",,6191342,63.36,1.49,771,6064,51067,21,0,23,1,12,0,Uncurated genome,partial
461477,H2-16-all-fractions_metab_conc_101,wsip-metawrap-drep-bins_Burkholderiales_63_2,wsip-metawrap-drep-bins,Grassland Soil 18O-H2O SIP,"Burkholderiales, Betaproteobacteria, Proteobacteria, Bacteria",,5351632,63.13,2.49,999,5533,46431,44,4,46,6,14,4,Uncurated genome,near complete
461478,H2-16-all-fractions_metab_conc_111,wsip-metawrap-drep-bins_Actinobacteria_70_7,wsip-metawrap-drep-bins,Grassland Soil 18O-H2O SIP,"Actinobacteria, Actinobacteria, Bacteria",,4067991,69.8,6.78,818,4846,27603,46,15,45,13,13,3,Uncurated genome,megabin
461479,H2-16-all-fractions_metab_114,wsip-metawrap-drep-bins_Bacteria_70_1,wsip-metawrap-drep-bins,Grassland Soil 18O-H2O SIP,Bacteria,,4340102,69.91,0.6,1214,5046,31606,30,8,32,10,10,3,Uncurated genome,partial
461480,H2-16-all-fractions_metab_conc_119,wsip-metawrap-drep-bins_Actinobacteria_73_2,wsip-metawrap-drep-bins,Grassland Soil 18O-H2O SIP,"Actinobacteria, Actinobacteria, Bacteria",,6865070,72.86,2.2,323,6561,190486,21,0,23,3,14,3,Uncurated genome,partial
461481,H2-16-all-fractions_metab_12,wsip-metawrap-drep-bins_Bacteria_57_1,wsip-metawrap-drep-bins,Grassland Soil 18O-H2O SIP,Bacteria,,2834960,56.56,0.77,396,2909,31626,43,3,45,3,10,0,Uncurated genome,near complete
461482,H2-16-all-fractions_metab_121,wsip-metawrap-drep-bins_Acidobacteria_65_1,wsip-metawrap-drep-bins,Grassland Soil 18O-H2O SIP,"Acidobacteria, Bacteria",,4992368,64.76,1.14,439,4459,65147,50,2,50,2,11,1,Uncurated genome,near complete
461483,H2-16-all-fractions_metab_123,wsip-metawrap-drep-bins_Actinobacteria_72_2,wsip-metawrap-drep-bins,Grassland Soil 18O-H2O SIP,"Actinobacteria, Actinobacteria, Bacteria",,2386429,72.24,2.27,482,2946,23313,32,2,33,5,11,4,Uncurated genome,partial
461484,H2-16-all-fractions_metab_126,wsip-metawrap-drep-bins_Actinobacteria_69_2,wsip-metawrap-drep-bins,Grassland Soil 18O-H2O SIP,"Actinobacteria, Actinobacteria, Bacteria",,4566868,69.44,2.3,41,4056,738825,45,0,49,0,13,2,Uncurated genome,near complete
461485,H2-16-all-fractions_metab_conc_131,wsip-metawrap-drep-bins_Actinobacteria_71_2,wsip-metawrap-drep-bins,Grassland Soil 18O-H2O SIP,"Actinobacteria, Actinobacteria, Bacteria",,3555524,70.91,2.15,89,3428,149875,26,1,24,0,12,0,Uncurated genome,partial
461486,H2-16-all-fractions_metab_conc_137,wsip-metawrap-drep-bins_Bacteria_60_2,wsip-metawrap-drep-bins,Grassland Soil 18O-H2O SIP,Bacteria,,2790374,60.09,1.68,465,2952,23452,40,2,38,4,14,4,Uncurated genome,partial
461487,H2-16-all-fractions_metab_138,wsip-metawrap-drep-bins_Actinobacteria_69_3,wsip-metawrap-drep-bins,Grassland Soil 18O-H2O SIP,"Actinobacteria, Actinobacteria, Bacteria",,2699576,69.06,2.89,135,2775,182006,46,7,49,7,13,0,Uncurated genome,near complete
461488,H2-16-all-fractions_metab_conc_16,wsip-metawrap-drep-bins_Bacteria_60_1,wsip-metawrap-drep-bins,Grassland Soil 18O-H2O SIP,Bacteria,,6104098,60.28,1.2,280,4996,103191,50,2,51,3,11,2,Uncurated genome,near complete
461489,H2-16-all-fractions_metab_conc_17,wsip-metawrap-drep-bins_Alphaproteobacteria_61_1,wsip-metawrap-drep-bins,Grassland Soil 18O-H2O SIP,"Alphaproteobacteria, Proteobacteria, Bacteria",,4401139,60.73,1.46,562,4884,53626,33,9,34,8,11,3,Uncurated genome,partial
461490,H2-16-all-fractions_metab_conc_19,wsip-metawrap-drep-bins_Actinobacteria_69_3,wsip-metawrap-drep-bins,Grassland Soil 18O-H2O SIP,"Actinobacteria, Actinobacteria, Bacteria",,2300719,69.19,3.48,109,2550,148774,41,0,40,0,12,1,Uncurated genome,partial
461491,H2-16-all-fractions_maxb_conc_24,wsip-metawrap-drep-bins_Ktedonobacter_racemifer_50_2,wsip-metawrap-drep-bins,Grassland Soil 18O-H2O SIP,"Ktedonobacter racemifer, Ktedonobacter, Ktedonobacterales, Ktedonobacteria, Chloroflexi, Bacteria",,5457381,50.47,1.61,1121,5735,26338,27,1,27,7,12,2,Uncurated genome,partial
461492,H2-16-all-fractions_metab_conc_25,wsip-metawrap-drep-bins_Burkholderiales_70_1,wsip-metawrap-drep-bins,Grassland Soil 18O-H2O SIP,"Burkholderiales, Betaproteobacteria, Proteobacteria, Bacteria",,4732178,70.21,1.24,904,5167,21306,28,3,30,7,10,1,Uncurated genome,partial
461493,H2-16-all-fractions_metab_conc_33,wsip-metawrap-drep-bins_Sphingomonadales_63_1,wsip-metawrap-drep-bins,Grassland Soil 18O-H2O SIP,"Sphingomonadales, Alphaproteobacteria, Proteobacteria, Bacteria",,2086231,63.21,1.25,134,2179,87165,25,0,25,1,10,0,Uncurated genome,partial
461494,H2-16-all-fractions_metab_conc_41,wsip-metawrap-drep-bins_Actinobacteria_74_1,wsip-metawrap-drep-bins,Grassland Soil 18O-H2O SIP,"Actinobacteria, Actinobacteria, Bacteria",,3538615,74.08,0.67,330,3730,52399,36,0,38,4,10,4,Uncurated genome,partial
461495,H2-16-all-fractions_metab_conc_42,wsip-metawrap-drep-bins_Caulobacterales_70_2,wsip-metawrap-drep-bins,Grassland Soil 18O-H2O SIP,"Caulobacterales, Alphaproteobacteria, Proteobacteria, Bacteria",,3913082,69.94,1.55,161,4004,117938,27,4,27,2,10,2,Uncurated genome,partial
461496,H2-16-all-fractions_metab_conc_43,wsip-metawrap-drep-bins_Acidobacteriales_58_1,wsip-metawrap-drep-bins,Grassland Soil 18O-H2O SIP,"Acidobacteriales, Acidobacteriia, Acidobacteria, Bacteria",,3128160,58.33,1.47,130,2999,136278,23,0,23,0,10,1,Uncurated genome,partial
461497,H2-16-all-fractions_metab_conc_47,wsip-metawrap-drep-bins_Alphaproteobacteria_65_2,wsip-metawrap-drep-bins,Grassland Soil 18O-H2O SIP,"Alphaproteobacteria, Proteobacteria, Bacteria",,7132915,65.07,1.98,859,7371,49909,37,3,38,3,8,2,Uncurated genome,partial
461498,H2-16-all-fractions_metab_conc_5,wsip-metawrap-drep-bins_Streptomyces_sviceus_71_2,wsip-metawrap-drep-bins,Grassland Soil 18O-H2O SIP,"Streptomyces sviceus, Streptomyces, Streptomycetales, Actinobacteria, Actinobacteria, Bacteria",,9032007,70.56,1.88,658,8739,63575,29,3,32,3,12,2,Uncurated genome,partial
461499,H2-16-all-fractions_metab_conc_54,wsip-metawrap-drep-bins_Actinobacteria_70_2,wsip-metawrap-drep-bins,Grassland Soil 18O-H2O SIP,"Actinobacteria, Actinobacteria, Bacteria",,2222060,70.32,1.7,97,2347,92210,41,1,39,1,8,0,Uncurated genome,partial
461500,H2-16-all-fractions_metab_56,wsip-metawrap-drep-bins_Actinobacteria_73_4,wsip-metawrap-drep-bins,Grassland Soil 18O-H2O SIP,"Actinobacteria, Actinobacteria, Bacteria",,4443026,73.15,3.57,55,4099,358885,28,0,28,1,12,2,Uncurated genome,partial
461501,H2-16-all-fractions_metab_57,wsip-metawrap-drep-bins_Sphingomonadales_64_3,wsip-metawrap-drep-bins,Grassland Soil 18O-H2O SIP,"Sphingomonadales, Alphaproteobacteria, Proteobacteria, Bacteria",,3255206,63.73,3.21,230,3509,145351,27,3,25,5,9,1,Uncurated genome,partial
461502,H2-16-all-fractions_metab_conc_60,wsip-metawrap-drep-bins_Proteobacteria_70_1,wsip-metawrap-drep-bins,Grassland Soil 18O-H2O SIP,"Proteobacteria, Bacteria",,5887350,69.76,1.02,290,5297,93168,23,0,25,1,11,1,Uncurated genome,partial
461503,H2-16-all-fractions_metab_conc_62,wsip-metawrap-drep-bins_Propionibacteriales_70_3,wsip-metawrap-drep-bins,Grassland Soil 18O-H2O SIP,"Propionibacteriales, Actinobacteria, Actinobacteria, Bacteria",,3468110,69.56,2.59,400,3835,123541,28,3,25,4,8,2,Uncurated genome,partial
461504,H2-16-all-fractions_metab_63_CM_curated,wsip-metawrap-drep-bins_Actinobacteria_69_7,wsip-metawrap-drep-bins,Grassland Soil 18O-H2O SIP,"Actinobacteria, Actinobacteria, Bacteria",,2929297,68.64,6.82,20,3120,389836,47,1,50,1,13,1,Uncurated genome,near complete
461505,H2-16-all-fractions_metab_conc_65,wsip-metawrap-drep-bins_Actinobacteria_69_1,wsip-metawrap-drep-bins,Grassland Soil 18O-H2O SIP,"Actinobacteria, Actinobacteria, Bacteria",,3216359,68.76,1.08,169,3147,84622,46,0,47,1,11,0,Uncurated genome,near complete
461506,H2-16-all-fractions_metab_conc_71,wsip-metawrap-drep-bins_Burkholderiales_69_3,wsip-metawrap-drep-bins,Grassland Soil 18O-H2O SIP,"Burkholderiales, Betaproteobacteria, Proteobacteria, Bacteria",,5388556,69.2,2.95,528,5208,43467,23,1,22,6,10,1,Uncurated genome,partial
461507,H2-16-all-fractions_metab_75,wsip-metawrap-drep-bins_Sphingomonadales_65_6,wsip-metawrap-drep-bins,Grassland Soil 18O-H2O SIP,"Sphingomonadales, Alphaproteobacteria, Proteobacteria, Bacteria",,2419722,65.26,5.57,400,2799,31821,44,22,46,25,13,4,Uncurated genome,megabin
461508,H2-16-all-fractions_metab_conc_77,wsip-metawrap-drep-bins_Actinobacteria_71_4,wsip-metawrap-drep-bins,Grassland Soil 18O-H2O SIP,"Actinobacteria, Actinobacteria, Bacteria",,3438692,71.07,4.24,697,4155,28917,46,3,48,6,15,1,Uncurated genome,near complete
461509,H2-16-all-fractions_metab_conc_97,wsip-metawrap-drep-bins_Actinobacteria_72_4,wsip-metawrap-drep-bins,Grassland Soil 18O-H2O SIP,"Actinobacteria, Actinobacteria, Bacteria",,3157618,72.28,3.97,282,3350,58684,25,0,24,1,11,0,Uncurated genome,partial
461510,H2-18-all-fractions_metab_conc_15,wsip-metawrap-drep-bins_Gemmatimonadetes_61_3,wsip-metawrap-drep-bins,Grassland Soil 18O-H2O SIP,"Gemmatimonadetes, Bacteria",,2281750,61.44,2.69,306,2361,29523,40,2,43,2,12,0,Uncurated genome,near complete
461511,H2-18-all-fractions_metab_conc_22,wsip-metawrap-drep-bins_Proteobacteria_61_2,wsip-metawrap-drep-bins,Grassland Soil 18O-H2O SIP,"Proteobacteria, Bacteria",,8089889,61.34,2.35,67,7213,396999,51,0,51,0,13,0,Uncurated genome,near complete
461512,H2-18-all-fractions_metab_conc_34,wsip-metawrap-drep-bins_Actinobacteria_69_3,wsip-metawrap-drep-bins,Grassland Soil 18O-H2O SIP,"Actinobacteria, Actinobacteria, Bacteria",,3126968,68.98,3.29,336,3625,43126,43,7,46,7,11,1,Uncurated genome,near complete
461513,H2-18-all-fractions_metab_36,wsip-metawrap-drep-bins_Geodermatophilales_73_9,wsip-metawrap-drep-bins,Grassland Soil 18O-H2O SIP,"Geodermatophilales, Actinobacteria, Actinobacteria, Bacteria",,3892102,72.54,9.49,1116,4775,83461,29,3,29,4,10,3,Uncurated genome,partial
461514,H2-18-all-fractions_metab_conc_39,wsip-metawrap-drep-bins_Bacteria_66_1,wsip-metawrap-drep-bins,Grassland Soil 18O-H2O SIP,Bacteria,,5371659,65.77,1.37,666,4748,58568,38,3,38,4,10,1,Uncurated genome,partial
461515,H2-18-all-fractions_metab_conc_45,wsip-metawrap-drep-bins_Bacteria_60_2,wsip-metawrap-drep-bins,Grassland Soil 18O-H2O SIP,Bacteria,,2391659,60.3,1.57,437,2603,21067,41,4,44,5,12,1,Uncurated genome,near complete
461516,H2-18-all-fractions_metab_49,wsip-metawrap-drep-bins_Bacteria_55_0,wsip-metawrap-drep-bins,Grassland Soil 18O-H2O SIP,Bacteria,,3234460,54.57,0.32,992,3942,16397,40,1,43,6,11,4,Uncurated genome,near complete
461517,H2-18-all-fractions_metab_conc_56,wsip-metawrap-drep-bins_Bacteria_56_3,wsip-metawrap-drep-bins,Grassland Soil 18O-H2O SIP,Bacteria,,7032272,56.46,3.04,289,6746,257598,50,1,51,1,13,0,Uncurated genome,near complete
461518,H2-18-all-fractions_metab_conc_57,wsip-metawrap-drep-bins_Sphingobacteriales_44_2,wsip-metawrap-drep-bins,Grassland Soil 18O-H2O SIP,"Sphingobacteriales, Sphingobacteriia, Bacteroidetes, Bacteria",,5480678,44.04,1.79,253,4683,97815,50,1,51,0,13,0,Uncurated genome,near complete
461519,H2-18-all-fractions_metab_conc_62,wsip-metawrap-drep-bins_Actinobacteria_69_2,wsip-metawrap-drep-bins,Grassland Soil 18O-H2O SIP,"Actinobacteria, Actinobacteria, Bacteria",,4197783,68.99,1.93,253,4184,78360,33,3,32,2,12,1,Uncurated genome,partial
461520,H2-18-all-fractions_metab_63,wsip-metawrap-drep-bins_Massilia_66_5,wsip-metawrap-drep-bins,Grassland Soil 18O-H2O SIP,"Massilia, Burkholderiales, Betaproteobacteria, Proteobacteria, Bacteria",,5547559,65.59,4.84,311,5041,160650,28,3,30,6,14,4,Uncurated genome,partial
461521,H2-18-all-fractions_metab_conc_74,wsip-metawrap-drep-bins_Bradyrhizobium_62_4,wsip-metawrap-drep-bins,Grassland Soil 18O-H2O SIP,"Bradyrhizobium, Rhizobiales, Alphaproteobacteria, Proteobacteria, Bacteria",,5461542,62.19,3.5,776,5775,34416,26,7,26,8,10,3,Uncurated genome,partial
461522,H2-18-all-fractions_metab_maxbC_80,wsip-metawrap-drep-bins_Verrucomicrobia_59_2,wsip-metawrap-drep-bins,Grassland Soil 18O-H2O SIP,"Verrucomicrobia, Bacteria",,2456941,59.32,1.52,214,2429,54373,45,0,47,2,13,2,Uncurated genome,near complete
461523,H2-18-all-fractions_metab_conc_82,wsip-metawrap-drep-bins_Actinobacteria_69_1,wsip-metawrap-drep-bins,Grassland Soil 18O-H2O SIP,"Actinobacteria, Actinobacteria, Bacteria",,2533234,68.91,0.67,173,2820,89096,42,0,48,1,11,0,Uncurated genome,near complete
461524,H2-18-all-fractions_metab_84_curated_AG_curated,wsip-metawrap-drep-bins_Actinobacteria_68_20,wsip-metawrap-drep-bins,Grassland Soil 18O-H2O SIP,"Actinobacteria, Actinobacteria, Bacteria",,3563963,67.94,19.68,20,3708,677951,48,0,49,0,13,0,Uncurated genome,near complete
461525,H2-18-all-fractions_metab_conc_87,wsip-metawrap-drep-bins_Actinobacteria_71_5,wsip-metawrap-drep-bins,Grassland Soil 18O-H2O SIP,"Actinobacteria, Actinobacteria, Bacteria",,3641671,71.16,4.79,689,4330,28345,47,0,49,3,14,0,Uncurated genome,near complete
461526,H2-18-all-fractions_metab_conc_88,wsip-metawrap-drep-bins_Niastella_koreensis_45_2,wsip-metawrap-drep-bins,Grassland Soil 18O-H2O SIP,"Niastella koreensis, Niastella, Sphingobacteriales, Sphingobacteriia, Bacteroidetes, Bacteria",,7448802,44.68,2.09,452,6306,109871,50,0,51,0,12,1,Uncurated genome,near complete
461527,H2-18-all-fractions_metab_91,wsip-metawrap-drep-bins_Actinobacteria_71_5,wsip-metawrap-drep-bins,Grassland Soil 18O-H2O SIP,"Actinobacteria, Actinobacteria, Bacteria",,2463077,70.55,4.75,65,2647,144299,25,0,27,1,10,1,Uncurated genome,partial
461528,H2-18-all-fractions_metab_conc_95,wsip-metawrap-drep-bins_Alphaproteobacteria_63_1,wsip-metawrap-drep-bins,Grassland Soil 18O-H2O SIP,"Alphaproteobacteria, Proteobacteria, Bacteria",,4288367,63.03,0.9,1017,4909,20022,39,1,44,2,10,0,Uncurated genome,near complete
461529,H2-18-all-fractions_metab_conc_96,wsip-metawrap-drep-bins_Actinobacteria_70_6,wsip-metawrap-drep-bins,Grassland Soil 18O-H2O SIP,"Actinobacteria, Actinobacteria, Bacteria",,3983093,69.71,5.5,685,4574,33104,41,11,44,11,9,2,Uncurated genome,megabin
461530,H2-18-all-fractions_metab_conc_98,wsip-metawrap-drep-bins_Propionibacteriales_71_2,wsip-metawrap-drep-bins,Grassland Soil 18O-H2O SIP,"Propionibacteriales, Actinobacteria, Actinobacteria, Bacteria",,5432254,70.51,1.74,995,6341,25879,24,10,23,8,11,6,Uncurated genome,partial
461531,H3-16-all-fractions_metab_conc_1,wsip-metawrap-drep-bins_Bacteria_58_3,wsip-metawrap-drep-bins,Grassland Soil 18O-H2O SIP,Bacteria,,3708809,58.22,2.58,8,3317,1869835,50,2,48,3,14,1,Uncurated genome,near complete
461532,H3-16-all-fractions_metab_conc_10,wsip-metawrap-drep-bins_Gemmatimonadetes_68_2,wsip-metawrap-drep-bins,Grassland Soil 18O-H2O SIP,"Gemmatimonadetes, Bacteria",,3991371,67.57,1.7,159,3652,160203,43,1,47,2,13,1,Uncurated genome,near complete
461533,H3-16-all-fractions_metab_conc_100,wsip-metawrap-drep-bins_Burkholderiales_71_4,wsip-metawrap-drep-bins,Grassland Soil 18O-H2O SIP,"Burkholderiales, Betaproteobacteria, Proteobacteria, Bacteria",,6206281,70.65,3.92,1011,6305,54002,42,4,44,4,9,2,Uncurated genome,near complete
461534,H3-16-all-fractions_metab_conc_11,wsip-metawrap-drep-bins_Cystobacter_violaceus_70_1,wsip-metawrap-drep-bins,Grassland Soil 18O-H2O SIP,"Cystobacter violaceus, Cystobacter, Myxococcales, Deltaproteobacteria, Proteobacteria, Bacteria",,10044856,69.91,1.26,150,8402,312541,47,2,48,8,14,2,Uncurated genome,near complete
461535,H3-16-all-fractions_metab_conc_110,wsip-metawrap-drep-bins_Bacteria_59_1,wsip-metawrap-drep-bins,Grassland Soil 18O-H2O SIP,Bacteria,,2462392,58.64,0.59,298,2452,34383,40,0,42,1,10,0,Uncurated genome,near complete
461536,H3-16-all-fractions_metab_maxbC_112,wsip-metawrap-drep-bins_Burkholderiales_62_1,wsip-metawrap-drep-bins,Grassland Soil 18O-H2O SIP,"Burkholderiales, Betaproteobacteria, Proteobacteria, Bacteria",,4361430,61.59,1.29,335,4137,65044,32,0,39,1,13,0,Uncurated genome,partial
461537,H3-16-all-fractions_metab_conc_113,wsip-metawrap-drep-bins_RIFCSPLOWO2_12_FULL_Bacteroidetes_35_15_curated_45_1,wsip-metawrap-drep-bins,Grassland Soil 18O-H2O SIP,"RIFCSPLOWO2_12_FULL_Bacteroidetes_35_15_curated, Bacteroidetes, Bacteria",,4653041,45.44,1.49,15,4022,1052142,51,1,51,0,14,1,Uncurated genome,near complete
461538,H3-16-all-fractions_metab_conc_118,wsip-metawrap-drep-bins_Mycobacterium_smegmatis_66_2,wsip-metawrap-drep-bins,Grassland Soil 18O-H2O SIP,"Mycobacterium smegmatis, Mycobacterium, Corynebacteriales, Actinobacteria, Actinobacteria, Bacteria",,6854953,65.55,1.7,385,7223,135513,51,1,50,1,12,2,Uncurated genome,near complete
461539,H3-16-all-fractions_conc_123,wsip-metawrap-drep-bins_Niastella_koreensis_45_0,wsip-metawrap-drep-bins,Grassland Soil 18O-H2O SIP,"Niastella koreensis, Niastella, Sphingobacteriales, Sphingobacteriia, Bacteroidetes, Bacteria",,7341113,44.82,0.43,578,6218,117270,51,0,51,0,12,0,Uncurated genome,near complete
461540,H3-16-all-fractions_metab_conc_126,wsip-metawrap-drep-bins_Actinobacteria_70_1,wsip-metawrap-drep-bins,Grassland Soil 18O-H2O SIP,"Actinobacteria, Actinobacteria, Bacteria",,2545789,69.75,1.28,605,3137,20083,30,1,34,3,12,2,Uncurated genome,partial
461541,H3-16-all-fractions_metab_conc_13,wsip-metawrap-drep-bins_Lysobacter_68_1,wsip-metawrap-drep-bins,Grassland Soil 18O-H2O SIP,"Lysobacter, Xanthomonadales, Gammaproteobacteria, Proteobacteria, Bacteria",,2790682,68,1.32,212,2761,55500,28,8,29,7,10,2,Uncurated genome,partial
461542,H3-16-all-fractions_metab_130,wsip-metawrap-drep-bins_Bacteria_58_2,wsip-metawrap-drep-bins,Grassland Soil 18O-H2O SIP,Bacteria,,5210819,58.33,2.19,74,4493,333962,49,0,49,1,14,0,Uncurated genome,near complete
461543,H3-16-all-fractions_metab_maxbC_136,wsip-metawrap-drep-bins_Myxococcales_66_1,wsip-metawrap-drep-bins,Grassland Soil 18O-H2O SIP,"Myxococcales, Deltaproteobacteria, Proteobacteria, Bacteria",,4750517,66.34,0.89,754,4772,25382,36,1,38,4,10,0,Uncurated genome,partial
461544,H3-16-all-fractions_metab_140,wsip-metawrap-drep-bins_Gemmatimonadetes_61_3,wsip-metawrap-drep-bins,Grassland Soil 18O-H2O SIP,"Gemmatimonadetes, Bacteria",,2962081,61.47,2.92,737,3324,29868,46,11,46,12,13,3,Uncurated genome,megabin
461545,H3-16-all-fractions_metab_147,wsip-metawrap-drep-bins_Actinobacteria_71_2,wsip-metawrap-drep-bins,Grassland Soil 18O-H2O SIP,"Actinobacteria, Actinobacteria, Bacteria",,8648811,70.81,1.66,1669,8940,40831,33,11,33,14,13,5,Uncurated genome,partial
461546,H3-16-all-fractions_metab_148,wsip-metawrap-drep-bins_Actinobacteria_72_2,wsip-metawrap-drep-bins,Grassland Soil 18O-H2O SIP,"Actinobacteria, Actinobacteria, Bacteria",,4173845,71.81,2.38,178,4319,240573,36,1,37,4,13,3,Uncurated genome,partial
461547,H3-16-all-fractions_metab_conc_152,wsip-metawrap-drep-bins_Gemmatimonadetes_60_2,wsip-metawrap-drep-bins,Grassland Soil 18O-H2O SIP,"Gemmatimonadetes, Bacteria",,3700320,60.06,1.52,6,3482,1580219,45,0,46,0,14,0,Uncurated genome,near complete
461548,H3-16-all-fractions_metab_155,wsip-metawrap-drep-bins_Actinobacteria_71_4,wsip-metawrap-drep-bins,Grassland Soil 18O-H2O SIP,"Actinobacteria, Actinobacteria, Bacteria",,4153460,71,3.97,30,3896,700017,50,2,51,0,13,0,Uncurated genome,near complete
461549,H3-16-all-fractions_metab_25,wsip-metawrap-drep-bins_Hyalangium_minutum_68_3,wsip-metawrap-drep-bins,Grassland Soil 18O-H2O SIP,"Hyalangium minutum, Hyalangium, Myxococcales, Deltaproteobacteria, Proteobacteria, Bacteria",,9453458,68.49,2.61,259,7945,337403,47,1,48,3,14,1,Uncurated genome,near complete
461550,H3-16-all-fractions_maxb_26,wsip-metawrap-drep-bins_Sphingobacteriales_42_1,wsip-metawrap-drep-bins,Grassland Soil 18O-H2O SIP,"Sphingobacteriales, Sphingobacteriia, Bacteroidetes, Bacteria",,4124613,41.5,0.53,943,4300,26621,38,13,43,18,8,3,Uncurated genome,megabin
461551,H3-16-all-fractions_metab_conc_29,wsip-metawrap-drep-bins_Actinobacteria_71_2,wsip-metawrap-drep-bins,Grassland Soil 18O-H2O SIP,"Actinobacteria, Actinobacteria, Bacteria",,7569856,71.39,1.59,355,7334,113231,33,4,35,5,10,3,Uncurated genome,partial
461552,H3-16-all-fractions_conc_3,wsip-metawrap-drep-bins_Actinobacteria_70_1,wsip-metawrap-drep-bins,Grassland Soil 18O-H2O SIP,"Actinobacteria, Actinobacteria, Bacteria",,6077521,70.44,1.06,493,6162,63338,36,2,38,3,13,2,Uncurated genome,partial
461553,H3-16-all-fractions_metab_conc_30,wsip-metawrap-drep-bins_Propionibacteriales_71_2,wsip-metawrap-drep-bins,Grassland Soil 18O-H2O SIP,"Propionibacteriales, Actinobacteria, Actinobacteria, Bacteria",,3311763,70.85,2.14,248,3494,60459,20,1,20,2,10,1,Uncurated genome,partial
461554,H3-16-all-fractions_metab_conc_31,wsip-metawrap-drep-bins_Alphaproteobacteria_63_1,wsip-metawrap-drep-bins,Grassland Soil 18O-H2O SIP,"Alphaproteobacteria, Proteobacteria, Bacteria",,4887832,62.77,1.24,52,4540,426642,47,0,48,1,10,0,Uncurated genome,near complete
461555,H3-16-all-fractions_metab_conc_32,wsip-metawrap-drep-bins_Actinobacteria_69_3,wsip-metawrap-drep-bins,Grassland Soil 18O-H2O SIP,"Actinobacteria, Actinobacteria, Bacteria",,3133788,69.2,2.54,116,3385,126378,23,1,29,2,12,1,Uncurated genome,partial
461556,H3-16-all-fractions_metab_34,wsip-metawrap-drep-bins_Actinobacteria_73_1,wsip-metawrap-drep-bins,Grassland Soil 18O-H2O SIP,"Actinobacteria, Actinobacteria, Bacteria",,4341988,73.34,0.65,1255,5178,20450,25,0,26,3,10,5,Uncurated genome,partial
461557,H3-16-all-fractions_metab_conc_36,wsip-metawrap-drep-bins_Acidobacteriales_61_1,wsip-metawrap-drep-bins,Grassland Soil 18O-H2O SIP,"Acidobacteriales, Acidobacteriia, Acidobacteria, Bacteria",,3547318,60.87,1.22,275,3334,68983,25,0,28,1,11,0,Uncurated genome,partial
461558,H3-16-all-fractions_metab_conc_38,wsip-metawrap-drep-bins_Acidobacteria_65_3,wsip-metawrap-drep-bins,Grassland Soil 18O-H2O SIP,"Acidobacteria, Bacteria",,5540439,65.19,2.75,593,4796,51490,39,3,42,5,11,2,Uncurated genome,near complete
461559,H3-16-all-fractions_metab_maxbC_4,wsip-metawrap-drep-bins_Bacteria_48_1,wsip-metawrap-drep-bins,Grassland Soil 18O-H2O SIP,Bacteria,,3187957,48.04,0.5,306,3545,69700,49,0,50,1,13,1,Uncurated genome,near complete
461560,H3-16-all-fractions_metab_conc_40,wsip-metawrap-drep-bins_Bacteroidetes_44_0,wsip-metawrap-drep-bins,Grassland Soil 18O-H2O SIP,"Bacteroidetes, Bacteria",,3427492,43.81,0.34,325,2977,75062,45,0,48,0,14,1,Uncurated genome,near complete
461561,H3-16-all-fractions_metab_43,wsip-metawrap-drep-bins_Acidobacteria_54_1,wsip-metawrap-drep-bins,Grassland Soil 18O-H2O SIP,"Acidobacteria, Bacteria",,3584057,53.9,0.58,488,3714,37546,17,2,19,1,9,1,Uncurated genome,partial
461562,H3-16-all-fractions_metab_44,wsip-metawrap-drep-bins_Cytophagales_44_0,wsip-metawrap-drep-bins,Grassland Soil 18O-H2O SIP,"Cytophagales, Cytophagia, Bacteroidetes, Bacteria",,3847932,43.8,0.3,644,3877,33989,51,2,49,4,14,0,Uncurated genome,near complete
461563,H3-16-all-fractions_metab_conc_46,wsip-metawrap-drep-bins_Alphaproteobacteria_61_1,wsip-metawrap-drep-bins,Grassland Soil 18O-H2O SIP,"Alphaproteobacteria, Proteobacteria, Bacteria",,2751247,61.1,1.39,112,2872,117209,36,5,38,7,11,1,Uncurated genome,partial
461564,H3-16-all-fractions_metab_47,wsip-metawrap-drep-bins_Bacteria_61_2,wsip-metawrap-drep-bins,Grassland Soil 18O-H2O SIP,Bacteria,,6372060,61.19,2.44,44,5059,583590,42,2,45,1,13,0,Uncurated genome,near complete
461565,H3-16-all-fractions_conc_58,wsip-metawrap-drep-bins_Chloroflexi_52_2,wsip-metawrap-drep-bins,Grassland Soil 18O-H2O SIP,"Chloroflexi, Bacteria",,8127148,52.2,1.64,1791,8767,35258,50,7,46,9,13,3,Uncurated genome,near complete
461566,H3-16-all-fractions_metab_conc_6,wsip-metawrap-drep-bins_RIF_CHLX_71_1,wsip-metawrap-drep-bins,Grassland Soil 18O-H2O SIP,"RIF-CHLX, Bacteria",,2561237,71.25,1.42,237,2603,89352,17,0,21,1,9,1,Uncurated genome,partial
461567,H3-16-all-fractions_metab_conc_60,wsip-metawrap-drep-bins_Gemmatimonadetes_63_2,wsip-metawrap-drep-bins,Grassland Soil 18O-H2O SIP,"Gemmatimonadetes, Bacteria",,5396092,62.92,1.7,28,4836,675798,29,0,27,1,11,0,Uncurated genome,partial
461568,H3-16-all-fractions_metab_conc_62,wsip-metawrap-drep-bins_Actinobacteria_71_5,wsip-metawrap-drep-bins,Grassland Soil 18O-H2O SIP,"Actinobacteria, Actinobacteria, Bacteria",,3476950,70.81,4.9,627,4064,33697,41,0,41,3,12,1,Uncurated genome,near complete
461569,H3-16-all-fractions_metab_64,wsip-metawrap-drep-bins_Bacteria_55_0,wsip-metawrap-drep-bins,Grassland Soil 18O-H2O SIP,Bacteria,,4186398,55.46,0.38,1140,4554,17372,45,6,42,10,9,2,Uncurated genome,near complete
461570,H3-16-all-fractions_metab_67,wsip-metawrap-drep-bins_RIF_CHLX_70_1,wsip-metawrap-drep-bins,Grassland Soil 18O-H2O SIP,"RIF-CHLX, Bacteria",,3267918,70.48,1.09,609,3576,58875,35,7,36,10,10,3,Uncurated genome,partial
461571,H3-16-all-fractions_metab_maxb_73,wsip-metawrap-drep-bins_Sphingobacteriales_41_0,wsip-metawrap-drep-bins,Grassland Soil 18O-H2O SIP,"Sphingobacteriales, Sphingobacteriia, Bacteroidetes, Bacteria",,3295170,40.86,0.28,636,3269,26632,20,0,26,3,11,1,Uncurated genome,partial
461572,H3-16-all-fractions_metab_76,wsip-metawrap-drep-bins_Alphaproteobacteria_69_1,wsip-metawrap-drep-bins,Grassland Soil 18O-H2O SIP,"Alphaproteobacteria, Proteobacteria, Bacteria",,6587199,68.52,1.38,1660,7639,30392,38,5,43,8,11,1,Uncurated genome,near complete
461573,H3-16-all-fractions_metab_conc_77,wsip-metawrap-drep-bins_Bacteria_60_1,wsip-metawrap-drep-bins,Grassland Soil 18O-H2O SIP,Bacteria,,2540154,60.46,0.77,140,2410,71469,43,3,43,2,11,0,Uncurated genome,near complete
461574,H3-16-all-fractions_metab_conc_78,wsip-metawrap-drep-bins_Burkholderia_graminis_63_1,wsip-metawrap-drep-bins,Grassland Soil 18O-H2O SIP,"Burkholderia graminis, Burkholderia, Burkholderiales, Betaproteobacteria, Proteobacteria, Bacteria",,6001523,63.38,1.22,659,5811,49407,19,1,22,2,12,0,Uncurated genome,partial
461575,H3-16-all-fractions_metab_conc_83,wsip-metawrap-drep-bins_Actinobacteria_70_6,wsip-metawrap-drep-bins,Grassland Soil 18O-H2O SIP,"Actinobacteria, Actinobacteria, Bacteria",,3844459,69.64,6.48,627,4395,29600,35,6,34,7,10,1,Uncurated genome,partial
461576,H3-16-all-fractions_metab_conc_87,wsip-metawrap-drep-bins_Propionibacteriales_68_2,wsip-metawrap-drep-bins,Grassland Soil 18O-H2O SIP,"Propionibacteriales, Actinobacteria, Actinobacteria, Bacteria",,2751964,67.66,1.78,35,2797,469854,49,3,47,1,14,1,Uncurated genome,near complete
461577,H3-16-all-fractions_metab_conc_90,wsip-metawrap-drep-bins_Bacteria_60_1,wsip-metawrap-drep-bins,Grassland Soil 18O-H2O SIP,Bacteria,,5879557,59.61,1.06,133,4805,256724,50,3,51,5,12,1,Uncurated genome,near complete
461578,H3-16-all-fractions_metab_conc_98,wsip-metawrap-drep-bins_Alphaproteobacteria_63_1,wsip-metawrap-drep-bins,Grassland Soil 18O-H2O SIP,"Alphaproteobacteria, Proteobacteria, Bacteria",,5586349,62.91,1.32,579,5833,58901,41,2,48,0,10,0,Uncurated genome,near complete
461579,H3-18-all-fractions_metab_conc_100,wsip-metawrap-drep-bins_Actinobacteria_71_4,wsip-metawrap-drep-bins,Grassland Soil 18O-H2O SIP,"Actinobacteria, Actinobacteria, Bacteria",,3567183,70.82,4.08,652,4164,73190,48,1,47,5,12,2,Uncurated genome,near complete
461580,H3-18-all-fractions_conc_114,wsip-metawrap-drep-bins_Actinobacteria_73_2,wsip-metawrap-drep-bins,Grassland Soil 18O-H2O SIP,"Actinobacteria, Actinobacteria, Bacteria",,6661699,72.54,2.24,1493,7416,25389,37,3,42,8,12,5,Uncurated genome,near complete
461581,H3-18-all-fractions_metab_conc_14,wsip-metawrap-drep-bins_Acidobacteria_55_2,wsip-metawrap-drep-bins,Grassland Soil 18O-H2O SIP,"Acidobacteria, Bacteria",,5503077,54.81,2.16,10,4795,932911,52,2,51,0,13,0,Uncurated genome,near complete
461582,H3-18-all-fractions_conc_15,wsip-metawrap-drep-bins_Actinobacteria_69_1,wsip-metawrap-drep-bins,Grassland Soil 18O-H2O SIP,"Actinobacteria, Actinobacteria, Bacteria",,6219017,69.28,1.32,828,6738,82885,38,20,35,17,8,1,Uncurated genome,partial
461583,H3-18-all-fractions_metab_conc_20,wsip-metawrap-drep-bins_Propionibacteriales_70_2,wsip-metawrap-drep-bins,Grassland Soil 18O-H2O SIP,"Propionibacteriales, Actinobacteria, Actinobacteria, Bacteria",,3316659,69.98,2.44,452,3661,78282,29,6,29,4,9,2,Uncurated genome,partial
461584,H3-18-all-fractions_metab_conc_21,wsip-metawrap-drep-bins_Bacteria_57_1,wsip-metawrap-drep-bins,Grassland Soil 18O-H2O SIP,Bacteria,,6966102,56.85,1.16,169,6108,201665,47,1,47,1,14,1,Uncurated genome,near complete
461585,H3-18-all-fractions_metab_conc_25,wsip-metawrap-drep-bins_Acidobacteria_57_2,wsip-metawrap-drep-bins,Grassland Soil 18O-H2O SIP,"Acidobacteria, Bacteria",,7713691,57.33,1.54,322,6769,206633,47,21,48,17,11,0,Uncurated genome,megabin
461586,H3-18-all-fractions_metab_conc_26,wsip-metawrap-drep-bins_Propionibacteriales_71_2,wsip-metawrap-drep-bins,Grassland Soil 18O-H2O SIP,"Propionibacteriales, Actinobacteria, Actinobacteria, Bacteria",,3144567,70.89,1.84,287,3369,61381,27,0,26,2,10,0,Uncurated genome,partial
461587,H3-18-all-fractions_metab_conc_30,wsip-metawrap-drep-bins_Actinobacteria_69_2,wsip-metawrap-drep-bins,Grassland Soil 18O-H2O SIP,"Actinobacteria, Actinobacteria, Bacteria",,2833654,69.37,2.49,149,3082,91056,46,0,51,1,14,1,Uncurated genome,near complete
461588,H3-18-all-fractions_metab_conc_35,wsip-metawrap-drep-bins_Alphaproteobacteria_63_2,wsip-metawrap-drep-bins,Grassland Soil 18O-H2O SIP,"Alphaproteobacteria, Proteobacteria, Bacteria",,5793826,62.85,2.04,671,6149,46439,45,4,51,3,10,2,Uncurated genome,near complete
461589,H3-18-all-fractions_metab_conc_37,wsip-metawrap-drep-bins_Alphaproteobacteria_64_2,wsip-metawrap-drep-bins,Grassland Soil 18O-H2O SIP,"Alphaproteobacteria, Proteobacteria, Bacteria",,10717322,64.43,2.36,1617,11668,33587,44,5,43,8,9,4,Uncurated genome,near complete
461590,H3-18-all-fractions_metab_conc_4,wsip-metawrap-drep-bins_Bradyrhizobium_62_4,wsip-metawrap-drep-bins,Grassland Soil 18O-H2O SIP,"Bradyrhizobium, Rhizobiales, Alphaproteobacteria, Proteobacteria, Bacteria",,3842767,62.39,4.27,516,3999,28914,29,5,29,4,9,1,Uncurated genome,partial
461591,H3-18-all-fractions_metab_conc_49,wsip-metawrap-drep-bins_Actinobacteria_70_2,wsip-metawrap-drep-bins,Grassland Soil 18O-H2O SIP,"Actinobacteria, Actinobacteria, Bacteria",,4114958,70.2,1.72,367,4436,74509,47,7,48,6,12,2,Uncurated genome,near complete
461592,H3-18-all-fractions_metab_maxbC_50,wsip-metawrap-drep-bins_Actinobacteria_69_1,wsip-metawrap-drep-bins,Grassland Soil 18O-H2O SIP,"Actinobacteria, Actinobacteria, Bacteria",,2112313,68.68,0.85,286,2300,42617,46,1,46,1,12,1,Uncurated genome,near complete
461593,H3-18-all-fractions_metab_conc_51,wsip-metawrap-drep-bins_Bacteria_65_3,wsip-metawrap-drep-bins,Grassland Soil 18O-H2O SIP,Bacteria,,6078930,65.35,3.42,736,5319,45207,50,6,50,10,13,3,Uncurated genome,near complete
461594,H3-18-all-fractions_metab_conc_55,wsip-metawrap-drep-bins_Sphingomonadales_70_4,wsip-metawrap-drep-bins,Grassland Soil 18O-H2O SIP,"Sphingomonadales, Alphaproteobacteria, Proteobacteria, Bacteria",,2774832,69.66,4.06,347,2966,41553,33,1,35,3,10,0,Uncurated genome,partial
461595,H3-18-all-fractions_metab_conc_57,wsip-metawrap-drep-bins_Acidobacteria_56_3,wsip-metawrap-drep-bins,Grassland Soil 18O-H2O SIP,"Acidobacteria, Bacteria",,5287506,55.83,3.2,35,4645,366206,51,1,51,1,13,1,Uncurated genome,near complete
461596,H3-18-all-fractions_metab_conc_6,wsip-metawrap-drep-bins_Bacteria_64_5,wsip-metawrap-drep-bins,Grassland Soil 18O-H2O SIP,Bacteria,,6297622,64.25,5.12,409,5331,212392,50,0,50,3,14,0,Uncurated genome,near complete
461597,H3-18-all-fractions_metab_conc_69,wsip-metawrap-drep-bins_Acidobacteria_55_1,wsip-metawrap-drep-bins,Grassland Soil 18O-H2O SIP,"Acidobacteria, Bacteria",,5246676,55.48,0.76,228,5035,183008,49,3,50,2,12,1,Uncurated genome,near complete
461598,H3-18-all-fractions_metab_conc_70,wsip-metawrap-drep-bins_Bacteria_59_1,wsip-metawrap-drep-bins,Grassland Soil 18O-H2O SIP,Bacteria,,2503340,59.24,0.79,406,2666,20838,43,1,46,2,13,1,Uncurated genome,near complete
461599,H3-18-all-fractions_metab_conc_75,wsip-metawrap-drep-bins_Burkholderiales_69_2,wsip-metawrap-drep-bins,Grassland Soil 18O-H2O SIP,"Burkholderiales, Betaproteobacteria, Proteobacteria, Bacteria",,3655309,68.61,2.17,973,4374,14133,37,5,36,8,11,1,Uncurated genome,partial
461600,H3-18-all-fractions_metab_8,wsip-metawrap-drep-bins_Gemmatimonadetes_73_7,wsip-metawrap-drep-bins,Grassland Soil 18O-H2O SIP,"Gemmatimonadetes, Bacteria",,4805680,73.17,6.67,385,4518,131585,47,3,49,2,15,0,Uncurated genome,near complete
461601,H3-18-all-fractions_metab_maxbC_83,wsip-metawrap-drep-bins_Verrucomicrobia_60_1,wsip-metawrap-drep-bins,Grassland Soil 18O-H2O SIP,"Verrucomicrobia, Bacteria",,2453219,60.35,1.05,475,2670,25204,45,5,42,4,12,2,Uncurated genome,near complete
461602,H3-18-all-fractions_metab_conc_87,wsip-metawrap-drep-bins_Bacteria_55_1,wsip-metawrap-drep-bins,Grassland Soil 18O-H2O SIP,Bacteria,,2754180,55.02,1.46,326,2996,33434,45,3,45,2,12,0,Uncurated genome,near complete
461603,S1-16-all-fractions_metab_10,wsip-metawrap-drep-bins_Gemmatimonadetes_74_4,wsip-metawrap-drep-bins,Grassland Soil 18O-H2O SIP,"Gemmatimonadetes, Bacteria",,5042567,73.59,4.17,870,5078,35622,21,4,26,4,11,3,Uncurated genome,partial
461604,S1-16-all-fractions_metab_12,wsip-metawrap-drep-bins_Actinobacteria_68_2,wsip-metawrap-drep-bins,Grassland Soil 18O-H2O SIP,"Actinobacteria, Actinobacteria, Bacteria",,4742721,67.68,2.19,421,4737,144250,43,2,44,4,13,1,Uncurated genome,near complete
461605,S1-16-all-fractions_metab_13,wsip-metawrap-drep-bins_Geodermatophilus_obscurus_74_9,wsip-metawrap-drep-bins,Grassland Soil 18O-H2O SIP,"Geodermatophilus obscurus, Geodermatophilus, Geodermatophilales, Actinobacteria, Actinobacteria, Bacteria",,5808445,74.29,9.3,1067,6411,32324,26,3,28,9,11,3,Uncurated genome,partial
461606,S1-16-all-fractions_metab_14,wsip-metawrap-drep-bins_Solirubrobacterales_69_3,wsip-metawrap-drep-bins,Grassland Soil 18O-H2O SIP,"Solirubrobacterales, Thermoleophilia, Actinobacteria, Bacteria",,2053224,68.87,2.58,253,2320,45882,40,0,45,2,13,1,Uncurated genome,near complete
461607,S1-16-all-fractions_metab_16,wsip-metawrap-drep-bins_Actinoplanes_72_5,wsip-metawrap-drep-bins,Grassland Soil 18O-H2O SIP,"Actinoplanes, Micromonosporales, Actinobacteria, Actinobacteria, Bacteria",,6790963,72.36,4.55,1426,7622,28754,32,10,34,18,14,5,Uncurated genome,partial
461608,S1-16-all-fractions_metab_18,wsip-metawrap-drep-bins_Bacteria_68_2,wsip-metawrap-drep-bins,Grassland Soil 18O-H2O SIP,Bacteria,,8946413,67.67,1.97,185,6961,210727,30,0,30,1,12,1,Uncurated genome,partial
461609,S1-16-all-fractions_metab_19,wsip-metawrap-drep-bins_Micrococcales_70_3,wsip-metawrap-drep-bins,Grassland Soil 18O-H2O SIP,"Micrococcales, Actinobacteria, Actinobacteria, Bacteria",,5515310,70.37,2.6,1793,6603,32503,27,5,28,12,11,8,Uncurated genome,partial
461610,S1-16-all-fractions_metab_20,wsip-metawrap-drep-bins_RIF_CHLX_69_2,wsip-metawrap-drep-bins,Grassland Soil 18O-H2O SIP,"RIF-CHLX, Bacteria",,3604311,69.32,1.86,347,3811,98467,41,1,44,3,14,1,Uncurated genome,near complete
461611,S1-16-all-fractions_metab_27,wsip-metawrap-drep-bins_Bacteria_69_2,wsip-metawrap-drep-bins,Grassland Soil 18O-H2O SIP,Bacteria,,9656354,69.17,1.72,2604,10228,28180,24,6,26,7,8,2,Uncurated genome,partial
461612,S1-16-all-fractions_metab_maxb_45,wsip-metawrap-drep-bins_Bacteria_67_2,wsip-metawrap-drep-bins,Grassland Soil 18O-H2O SIP,Bacteria,,6144084,66.7,1.81,588,5928,60407,21,1,25,4,11,1,Uncurated genome,partial
461613,S1-16-all-fractions_maxb_47,wsip-metawrap-drep-bins_Chloroflexi_52_0,wsip-metawrap-drep-bins,Grassland Soil 18O-H2O SIP,"Chloroflexi, Bacteria",,6082744,51.88,0.22,1787,6771,39961,42,9,40,13,10,4,Uncurated genome,partial
461614,S1-16-all-fractions_metab_48,wsip-metawrap-drep-bins_Actinobacteria_70_4,wsip-metawrap-drep-bins,Grassland Soil 18O-H2O SIP,"Actinobacteria, Actinobacteria, Bacteria",,2802779,70.28,3.71,23,2905,428308,51,0,51,2,15,1,Uncurated genome,near complete
461615,S1-16-all-fractions_metab_49,wsip-metawrap-drep-bins_Actinobacteria_68_3,wsip-metawrap-drep-bins,Grassland Soil 18O-H2O SIP,"Actinobacteria, Actinobacteria, Bacteria",,2248061,67.98,2.57,277,2687,55852,17,1,22,6,7,1,Uncurated genome,partial
461616,S1-16-all-fractions_metab_51,wsip-metawrap-drep-bins_Propionibacteriales_71_3,wsip-metawrap-drep-bins,Grassland Soil 18O-H2O SIP,"Propionibacteriales, Actinobacteria, Actinobacteria, Bacteria",,3629442,70.88,3.13,204,3749,146807,26,2,25,3,11,2,Uncurated genome,partial
461617,S1-16-all-fractions_metab_52,wsip-metawrap-drep-bins_Nocardioides_71_3,wsip-metawrap-drep-bins,Grassland Soil 18O-H2O SIP,"Nocardioides, Propionibacteriales, Actinobacteria, Actinobacteria, Bacteria",,4598808,71.25,3.31,724,4999,36254,43,4,42,10,14,2,Uncurated genome,near complete
461618,S1-16-all-fractions_metab_57,wsip-metawrap-drep-bins_Arthrobacter_63_1,wsip-metawrap-drep-bins,Grassland Soil 18O-H2O SIP,"Arthrobacter, Micrococcales, Actinobacteria, Actinobacteria, Bacteria",,3031505,62.92,0.76,701,3343,24371,23,1,26,1,11,4,Uncurated genome,partial
461619,S1-16-all-fractions_metab_63,wsip-metawrap-drep-bins_Actinobacteria_67_4,wsip-metawrap-drep-bins,Grassland Soil 18O-H2O SIP,"Actinobacteria, Actinobacteria, Bacteria",,5214555,67.26,3.67,815,5592,53302,51,15,49,15,14,2,Uncurated genome,megabin
461620,S1-16-all-fractions_metab_64,wsip-metawrap-drep-bins_Burkholderiales_69_1,wsip-metawrap-drep-bins,Grassland Soil 18O-H2O SIP,"Burkholderiales, Betaproteobacteria, Proteobacteria, Bacteria",,5733440,69.39,0.97,1563,6554,22281,24,6,25,8,11,1,Uncurated genome,partial
461621,S1-16-all-fractions_metab_65,wsip-metawrap-drep-bins_Bacteria_60_1,wsip-metawrap-drep-bins,Grassland Soil 18O-H2O SIP,Bacteria,,6264563,60.45,1.25,1389,7045,46069,48,4,48,6,13,3,Uncurated genome,near complete
461622,S1-16-all-fractions_metab_69,wsip-metawrap-drep-bins_Gemmatimonadetes_73_5,wsip-metawrap-drep-bins,Grassland Soil 18O-H2O SIP,"Gemmatimonadetes, Bacteria",,5661677,73.08,5.07,1065,5852,35250,47,24,47,27,12,5,Uncurated genome,megabin
461623,S1-16-all-fractions_metab_72,wsip-metawrap-drep-bins_Actinobacteria_72_2,wsip-metawrap-drep-bins,Grassland Soil 18O-H2O SIP,"Actinobacteria, Actinobacteria, Bacteria",,2696027,71.82,1.74,230,2878,83781,18,2,20,3,10,3,Uncurated genome,partial
461624,S1-16-all-fractions_metab_75,wsip-metawrap-drep-bins_Acidobacteria_67_4,wsip-metawrap-drep-bins,Grassland Soil 18O-H2O SIP,"Acidobacteria, Bacteria",,4868231,67.39,4.47,755,4724,62691,46,1,46,5,12,0,Uncurated genome,near complete
461625,S1-16-all-fractions_metab_76,wsip-metawrap-drep-bins_Pseudonocardiales_72_2,wsip-metawrap-drep-bins,Grassland Soil 18O-H2O SIP,"Pseudonocardiales, Actinobacteria, Actinobacteria, Bacteria",,5131591,71.96,2.14,878,5609,37884,22,3,27,2,13,2,Uncurated genome,partial
461626,S1-18-all-fractions_metab_conc_1,wsip-metawrap-drep-bins_Actinobacteria_71_0,wsip-metawrap-drep-bins,Grassland Soil 18O-H2O SIP,"Actinobacteria, Actinobacteria, Bacteria",,4040943,71.24,0.4,276,3790,71458,33,0,38,4,13,4,Uncurated genome,partial
461627,S1-18-all-fractions_metab_maxb_100,wsip-metawrap-drep-bins_Nitrososphaera_30_6,wsip-metawrap-drep-bins,Grassland Soil 18O-H2O SIP,"Nitrososphaera, Nitrososphaerales, Nitrososphaeria, Thaumarchaeota, Archaea",,1648232,30.03,6.27,352,1946,21789,30,0,19,1,31,0,Uncurated genome,near complete
461628,S1-18-all-fractions_metab_101,wsip-metawrap-drep-bins_Actinoplanes_72_5,wsip-metawrap-drep-bins,Grassland Soil 18O-H2O SIP,"Actinoplanes, Micromonosporales, Actinobacteria, Actinobacteria, Bacteria",,6859037,72.43,4.77,1399,7650,31303,47,3,47,6,14,7,Uncurated genome,near complete
461629,S1-18-all-fractions_metab_21,wsip-metawrap-drep-bins_Pseudonocardiales_72_2,wsip-metawrap-drep-bins,Grassland Soil 18O-H2O SIP,"Pseudonocardiales, Actinobacteria, Actinobacteria, Bacteria",,5337284,71.91,2.36,785,5683,50989,25,2,26,1,12,1,Uncurated genome,partial
461630,S1-18-all-fractions_metab_22,wsip-metawrap-drep-bins_Actinobacteria_69_2,wsip-metawrap-drep-bins,Grassland Soil 18O-H2O SIP,"Actinobacteria, Actinobacteria, Bacteria",,4325643,69.04,1.75,414,4497,114780,46,18,47,20,13,3,Uncurated genome,megabin
461631,S1-18-all-fractions_metab_conc_26,wsip-metawrap-drep-bins_Acidobacteria_62_1,wsip-metawrap-drep-bins,Grassland Soil 18O-H2O SIP,"Acidobacteria, Bacteria",,4384226,62.43,1.45,224,4178,151729,48,1,49,3,11,0,Uncurated genome,near complete
461632,S1-18-all-fractions_metab_28,wsip-metawrap-drep-bins_Microvirga_lotononidis_64_4,wsip-metawrap-drep-bins,Grassland Soil 18O-H2O SIP,"Microvirga lotononidis, Microvirga, Rhizobiales, Alphaproteobacteria, Proteobacteria, Bacteria",,4117011,63.52,3.96,1046,4756,22055,26,3,25,6,9,0,Uncurated genome,partial
461633,S1-18-all-fractions_metab_maxbC_34,wsip-metawrap-drep-bins_Arthrobacter_62_2,wsip-metawrap-drep-bins,Grassland Soil 18O-H2O SIP,"Arthrobacter, Micrococcales, Actinobacteria, Actinobacteria, Bacteria",,3825685,62.29,1.82,493,3921,38561,42,4,43,3,12,1,Uncurated genome,near complete
461634,S1-18-all-fractions_conc_37,wsip-metawrap-drep-bins_Bacteria_55_1,wsip-metawrap-drep-bins,Grassland Soil 18O-H2O SIP,Bacteria,,7051422,54.87,1.47,467,6133,90432,34,1,37,3,13,1,Uncurated genome,partial
461635,S1-18-all-fractions_metab_38,wsip-metawrap-drep-bins_Solirubrobacterales_69_4,wsip-metawrap-drep-bins,Grassland Soil 18O-H2O SIP,"Solirubrobacterales, Thermoleophilia, Actinobacteria, Bacteria",,2474069,68.58,3.87,39,2494,291816,48,0,51,2,13,0,Uncurated genome,near complete
461636,S1-18-all-fractions_metab_conc_39,wsip-metawrap-drep-bins_Actinobacteria_64_3,wsip-metawrap-drep-bins,Grassland Soil 18O-H2O SIP,"Actinobacteria, Actinobacteria, Bacteria",,3752907,63.77,3.24,704,4272,28040,39,4,38,8,10,3,Uncurated genome,partial
461637,S1-18-all-fractions_metab_40,wsip-metawrap-drep-bins_Actinobacteria_68_1,wsip-metawrap-drep-bins,Grassland Soil 18O-H2O SIP,"Actinobacteria, Actinobacteria, Bacteria",,2694660,67.83,0.73,584,3196,26519,43,9,50,12,13,4,Uncurated genome,megabin
461638,S1-18-all-fractions_metab_42,wsip-metawrap-drep-bins_Acidobacteria_67_5,wsip-metawrap-drep-bins,Grassland Soil 18O-H2O SIP,"Acidobacteria, Bacteria",,5076810,67.22,4.87,752,4841,63052,46,4,46,5,12,2,Uncurated genome,near complete
461639,S1-18-all-fractions_metab_49,wsip-metawrap-drep-bins_Actinobacteria_71_4,wsip-metawrap-drep-bins,Grassland Soil 18O-H2O SIP,"Actinobacteria, Actinobacteria, Bacteria",,2709845,71.43,3.93,351,3157,32324,15,2,18,3,11,2,Uncurated genome,partial
461640,S1-18-all-fractions_metab_conc_5,wsip-metawrap-drep-bins_Bacteria_60_1,wsip-metawrap-drep-bins,Grassland Soil 18O-H2O SIP,Bacteria,,3407078,59.97,1.41,401,3456,51064,44,0,43,1,11,1,Uncurated genome,near complete
461641,S1-18-all-fractions_metab_52,wsip-metawrap-drep-bins_Actinobacteria_69_3,wsip-metawrap-drep-bins,Grassland Soil 18O-H2O SIP,"Actinobacteria, Actinobacteria, Bacteria",,3007472,69.25,2.54,166,3221,100425,44,1,49,1,15,0,Uncurated genome,near complete
461642,S1-18-all-fractions_metab_55,wsip-metawrap-drep-bins_Actinobacteria_69_1,wsip-metawrap-drep-bins,Grassland Soil 18O-H2O SIP,"Actinobacteria, Actinobacteria, Bacteria",,4864178,69.12,0.96,529,5306,77155,45,6,49,3,15,1,Uncurated genome,near complete
461643,S1-18-all-fractions_metab_conc_67,wsip-metawrap-drep-bins_Actinobacteria_69_1,wsip-metawrap-drep-bins,Grassland Soil 18O-H2O SIP,"Actinobacteria, Actinobacteria, Bacteria",,1952252,68.68,1.38,67,2061,136068,44,0,44,0,12,0,Uncurated genome,near complete
461644,S1-18-all-fractions_metab_conc_72,wsip-metawrap-drep-bins_Actinobacteria_69_1,wsip-metawrap-drep-bins,Grassland Soil 18O-H2O SIP,"Actinobacteria, Actinobacteria, Bacteria",,3533582,68.92,1.28,92,3647,178753,36,0,39,1,11,0,Uncurated genome,partial
461645,S1-18-all-fractions_metab_79,wsip-metawrap-drep-bins_Actinobacteria_69_2,wsip-metawrap-drep-bins,Grassland Soil 18O-H2O SIP,"Actinobacteria, Actinobacteria, Bacteria",,3236043,69.24,2.26,178,3305,167532,46,1,47,2,12,2,Uncurated genome,near complete
461646,S1-18-all-fractions_conc_82,wsip-metawrap-drep-bins_Bacteria_55_3,wsip-metawrap-drep-bins,Grassland Soil 18O-H2O SIP,Bacteria,,7073923,55.42,2.5,928,6399,47129,38,6,41,7,13,2,Uncurated genome,near complete
461647,S1-18-all-fractions_metab_conc_83,wsip-metawrap-drep-bins_Nocardioides_71_3,wsip-metawrap-drep-bins,Grassland Soil 18O-H2O SIP,"Nocardioides, Propionibacteriales, Actinobacteria, Actinobacteria, Bacteria",,4131359,71.26,2.55,717,4574,31852,27,1,29,3,11,1,Uncurated genome,partial
461648,S1-18-all-fractions_metab_88,wsip-metawrap-drep-bins_Solirubrobacterales_70_2,wsip-metawrap-drep-bins,Grassland Soil 18O-H2O SIP,"Solirubrobacterales, Thermoleophilia, Actinobacteria, Bacteria",,1956208,70.07,2.19,313,2322,36973,40,9,43,8,10,2,Uncurated genome,near complete
461649,S1-18-all-fractions_metab_89,wsip-metawrap-drep-bins_Actinobacteria_70_1,wsip-metawrap-drep-bins,Grassland Soil 18O-H2O SIP,"Actinobacteria, Actinobacteria, Bacteria",,3886582,70.49,0.74,500,4222,85011,25,0,27,4,12,2,Uncurated genome,partial
461650,S1-18-all-fractions_metab_99,wsip-metawrap-drep-bins_Bacteria_69_2,wsip-metawrap-drep-bins,Grassland Soil 18O-H2O SIP,Bacteria,,10143409,69,1.53,2770,10878,27829,46,10,47,10,9,3,Uncurated genome,near complete
461651,S2-16-all-fractions_conc_23,wsip-metawrap-drep-bins_Arthrobacter_63_1,wsip-metawrap-drep-bins,Grassland Soil 18O-H2O SIP,"Arthrobacter, Micrococcales, Actinobacteria, Actinobacteria, Bacteria",,3368242,62.56,0.59,791,3670,22372,45,3,46,5,12,1,Uncurated genome,near complete
461652,S2-16-all-fractions_metab_conc_25,wsip-metawrap-drep-bins_Actinobacteria_71_1,wsip-metawrap-drep-bins,Grassland Soil 18O-H2O SIP,"Actinobacteria, Actinobacteria, Bacteria",,3428809,70.95,1.03,215,3565,71855,20,0,22,0,11,0,Uncurated genome,partial
461653,S2-16-all-fractions_metab_30,wsip-metawrap-drep-bins_Actinoplanes_72_2,wsip-metawrap-drep-bins,Grassland Soil 18O-H2O SIP,"Actinoplanes, Micromonosporales, Actinobacteria, Actinobacteria, Bacteria",,6362341,72.36,2.32,1245,7086,30797,30,3,33,8,14,6,Uncurated genome,partial
461654,S2-16-all-fractions_metab_conc_34,wsip-metawrap-drep-bins_Geodermatophilus_obscurus_74_5,wsip-metawrap-drep-bins,Grassland Soil 18O-H2O SIP,"Geodermatophilus obscurus, Geodermatophilus, Geodermatophilales, Actinobacteria, Actinobacteria, Bacteria",,4433346,74.12,5.15,567,4657,39695,41,4,44,3,10,0,Uncurated genome,near complete
461655,S2-16-all-fractions_metab_38,wsip-metawrap-drep-bins_Actinobacteria_71_1,wsip-metawrap-drep-bins,Grassland Soil 18O-H2O SIP,"Actinobacteria, Actinobacteria, Bacteria",,4072723,71.45,1.02,762,4673,39404,26,3,27,6,13,2,Uncurated genome,partial
461656,S2-16-all-fractions_metab_conc_50,wsip-metawrap-drep-bins_Acidobacteria_67_3,wsip-metawrap-drep-bins,Grassland Soil 18O-H2O SIP,"Acidobacteria, Bacteria",,4475179,67.19,3.24,449,4069,69801,52,1,50,2,9,0,Uncurated genome,near complete
461657,S2-16-all-fractions_metab_conc_60,wsip-metawrap-drep-bins_Actinobacteria_67_2,wsip-metawrap-drep-bins,Grassland Soil 18O-H2O SIP,"Actinobacteria, Actinobacteria, Bacteria",,3876913,67.47,1.77,248,3863,89662,40,0,39,2,14,1,Uncurated genome,partial
461658,S2-16-all-fractions_metab_conc_61,wsip-metawrap-drep-bins_Bacteria_66_1,wsip-metawrap-drep-bins,Grassland Soil 18O-H2O SIP,Bacteria,,6440242,65.61,1.22,547,6499,106387,48,25,49,25,11,4,Uncurated genome,megabin
461659,S2-16-all-fractions_metab_63,wsip-metawrap-drep-bins_Bacteria_69_1,wsip-metawrap-drep-bins,Grassland Soil 18O-H2O SIP,Bacteria,,10257824,69.13,0.94,2680,10989,26164,26,4,25,5,7,3,Uncurated genome,partial
461660,S2-16-all-fractions_conc_65,wsip-metawrap-drep-bins_Nocardioides_71_2,wsip-metawrap-drep-bins,Grassland Soil 18O-H2O SIP,"Nocardioides, Propionibacteriales, Actinobacteria, Actinobacteria, Bacteria",,4476926,71.31,2.08,685,4844,29869,52,3,50,11,14,2,Uncurated genome,megabin
461661,S2-16-all-fractions_metab_conc_66,wsip-metawrap-drep-bins_Conexibacter_woesei_73_2,wsip-metawrap-drep-bins,Grassland Soil 18O-H2O SIP,"Conexibacter woesei, Conexibacter, Solirubrobacterales, Thermoleophilia, Actinobacteria, Bacteria",,2746340,72.68,1.82,140,2833,89351,28,0,29,3,10,0,Uncurated genome,partial
461662,S2-16-all-fractions_metab_conc_7,wsip-metawrap-drep-bins_Acidobacteria_67_2,wsip-metawrap-drep-bins,Grassland Soil 18O-H2O SIP,"Acidobacteria, Bacteria",,5354984,66.75,1.7,247,4551,124600,41,5,43,4,11,0,Uncurated genome,near complete
461663,S2-16-all-fractions_metab_conc_8,wsip-metawrap-drep-bins_Acidobacteria_65_2,wsip-metawrap-drep-bins,Grassland Soil 18O-H2O SIP,"Acidobacteria, Bacteria",,5523530,64.56,1.96,278,4875,101249,48,1,45,2,11,0,Uncurated genome,near complete
461664,S2-16-all-fractions_metab_80,wsip-metawrap-drep-bins_Pseudonocardiales_72_2,wsip-metawrap-drep-bins,Grassland Soil 18O-H2O SIP,"Pseudonocardiales, Actinobacteria, Actinobacteria, Bacteria",,4676581,71.97,1.93,997,5251,28928,19,1,21,2,11,2,Uncurated genome,partial
461665,S2-16-all-fractions_conc_83,wsip-metawrap-drep-bins_Sphingomonadales_67_1,wsip-metawrap-drep-bins,Grassland Soil 18O-H2O SIP,"Sphingomonadales, Alphaproteobacteria, Proteobacteria, Bacteria",,3363689,66.62,0.79,652,3794,38977,36,5,39,7,9,1,Uncurated genome,partial
461666,S2-16-all-fractions_metab_conc_92,wsip-metawrap-drep-bins_Microvirga_67_2,wsip-metawrap-drep-bins,Grassland Soil 18O-H2O SIP,"Microvirga, Rhizobiales, Alphaproteobacteria, Proteobacteria, Bacteria",,3132837,66.94,1.72,221,3072,50020,29,1,28,2,8,0,Uncurated genome,partial
461667,S2-18-all-fractions_metab_11,wsip-metawrap-drep-bins_Bacteria_60_2,wsip-metawrap-drep-bins,Grassland Soil 18O-H2O SIP,Bacteria,,5114832,60.12,1.6,1093,5620,38372,25,4,25,2,10,2,Uncurated genome,partial
461668,S2-18-all-fractions_metab_conc_13,wsip-metawrap-drep-bins_Bacteria_55_2,wsip-metawrap-drep-bins,Grassland Soil 18O-H2O SIP,Bacteria,,6690428,55.31,2.35,1020,6119,30346,25,4,28,7,12,1,Uncurated genome,partial
461669,S2-18-all-fractions_metab_maxb_15,wsip-metawrap-drep-bins_Actinobacteria_74_1,wsip-metawrap-drep-bins,Grassland Soil 18O-H2O SIP,"Actinobacteria, Actinobacteria, Bacteria",,3181321,73.87,1.33,603,3765,27113,36,8,34,5,11,2,Uncurated genome,partial
461670,S2-18-all-fractions_metab_conc_23,wsip-metawrap-drep-bins_Proteobacteria_65_2,wsip-metawrap-drep-bins,Grassland Soil 18O-H2O SIP,"Proteobacteria, Bacteria",,4745363,65.06,1.5,263,4567,86787,33,1,36,0,11,0,Uncurated genome,partial
461671,S2-18-all-fractions_metab_25,wsip-metawrap-drep-bins_Geodermatophilus_obscurus_74_9,wsip-metawrap-drep-bins,Grassland Soil 18O-H2O SIP,"Geodermatophilus obscurus, Geodermatophilus, Geodermatophilales, Actinobacteria, Actinobacteria, Bacteria",,5770985,74.34,8.78,891,6211,57944,48,8,50,14,12,1,Uncurated genome,megabin
461672,S2-18-all-fractions_metab_27,wsip-metawrap-drep-bins_Solirubrobacterales_70_7,wsip-metawrap-drep-bins,Grassland Soil 18O-H2O SIP,"Solirubrobacterales, Thermoleophilia, Actinobacteria, Bacteria",,2264300,69.63,6.58,9,2255,607812,48,0,51,1,13,0,Uncurated genome,near complete
461673,S2-18-all-fractions_metab_3,wsip-metawrap-drep-bins_Actinoplanes_72_5,wsip-metawrap-drep-bins,Grassland Soil 18O-H2O SIP,"Actinoplanes, Micromonosporales, Actinobacteria, Actinobacteria, Bacteria",,7110422,72.32,4.58,1306,7764,38925,27,2,29,6,13,8,Uncurated genome,partial
461674,S2-18-all-fractions_maxb_32,wsip-metawrap-drep-bins_Bacteria_67_1,wsip-metawrap-drep-bins,Grassland Soil 18O-H2O SIP,Bacteria,,6142694,66.55,0.92,957,6108,34174,15,0,18,3,10,2,Uncurated genome,partial
461675,S2-18-all-fractions_metab_42,wsip-metawrap-drep-bins_Microvirga_67_3,wsip-metawrap-drep-bins,Grassland Soil 18O-H2O SIP,"Microvirga, Rhizobiales, Alphaproteobacteria, Proteobacteria, Bacteria",,3451318,67.28,2.75,443,3510,57555,39,13,40,13,10,0,Uncurated genome,partial
461676,S2-18-all-fractions_metab_conc_43,wsip-metawrap-drep-bins_Gemmatimonadetes_73_4,wsip-metawrap-drep-bins,Grassland Soil 18O-H2O SIP,"Gemmatimonadetes, Bacteria",,3884984,72.91,3.72,313,3622,58615,47,0,48,1,11,0,Uncurated genome,near complete
461677,S2-18-all-fractions_metab_conc_44,wsip-metawrap-drep-bins_Sphingomonadales_63_2,wsip-metawrap-drep-bins,Grassland Soil 18O-H2O SIP,"Sphingomonadales, Alphaproteobacteria, Proteobacteria, Bacteria",,2332891,63.21,1.65,119,2477,79913,25,3,27,4,10,0,Uncurated genome,partial
461678,S2-18-all-fractions_metab_6,wsip-metawrap-drep-bins_Actinobacteria_69_2,wsip-metawrap-drep-bins,Grassland Soil 18O-H2O SIP,"Actinobacteria, Actinobacteria, Bacteria",,3596077,68.58,2.14,570,4060,91919,47,15,48,16,15,4,Uncurated genome,megabin
461679,S2-18-all-fractions_metab_65,wsip-metawrap-drep-bins_Proteobacteria_64_1,wsip-metawrap-drep-bins,Grassland Soil 18O-H2O SIP,"Proteobacteria, Bacteria",,3658151,63.91,0.84,1131,4200,20808,22,4,28,7,8,4,Uncurated genome,partial
461680,S2-18-all-fractions_metab_conc_68,wsip-metawrap-drep-bins_Nocardioides_71_1,wsip-metawrap-drep-bins,Grassland Soil 18O-H2O SIP,"Nocardioides, Propionibacteriales, Actinobacteria, Actinobacteria, Bacteria",,4330523,71.39,1.43,556,4594,36916,32,2,33,4,13,3,Uncurated genome,partial
461681,S3-16-all-fractions_metab_12,wsip-metawrap-drep-bins_Actinoplanes_72_4,wsip-metawrap-drep-bins,Grassland Soil 18O-H2O SIP,"Actinoplanes, Micromonosporales, Actinobacteria, Actinobacteria, Bacteria",,6401121,72.41,3.84,1138,7037,44619,32,3,32,6,13,5,Uncurated genome,partial
461682,S3-16-all-fractions_metab_maxb_14,wsip-metawrap-drep-bins_Bacteria_67_1,wsip-metawrap-drep-bins,Grassland Soil 18O-H2O SIP,Bacteria,,5972272,66.85,1.29,1123,6049,30031,25,1,30,5,9,1,Uncurated genome,partial
461683,S3-16-all-fractions_metab_conc_21,wsip-metawrap-drep-bins_Rhizobiales_66_5,wsip-metawrap-drep-bins,Grassland Soil 18O-H2O SIP,"Rhizobiales, Alphaproteobacteria, Proteobacteria, Bacteria",,6117795,65.63,4.54,549,6444,55116,37,4,37,6,12,2,Uncurated genome,partial
461684,S3-16-all-fractions_metab_25,wsip-metawrap-drep-bins_Actinobacteria_70_8,wsip-metawrap-drep-bins,Grassland Soil 18O-H2O SIP,"Actinobacteria, Actinobacteria, Bacteria",,2955615,70.32,7.78,292,3325,56302,38,2,37,3,10,1,Uncurated genome,partial
461685,S3-16-all-fractions_metab_28,wsip-metawrap-drep-bins_Pseudonocardiales_72_2,wsip-metawrap-drep-bins,Grassland Soil 18O-H2O SIP,"Pseudonocardiales, Actinobacteria, Actinobacteria, Bacteria",,5626721,71.96,1.87,774,5951,37943,30,8,33,8,15,6,Uncurated genome,partial
461686,S3-16-all-fractions_conc_3,wsip-metawrap-drep-bins_Conexibacter_woesei_72_5,wsip-metawrap-drep-bins,Grassland Soil 18O-H2O SIP,"Conexibacter woesei, Conexibacter, Solirubrobacterales, Thermoleophilia, Actinobacteria, Bacteria",,3208688,72.49,4.63,251,3289,58028,48,0,49,4,11,0,Uncurated genome,near complete
461687,S3-16-all-fractions_metab_conc_30,wsip-metawrap-drep-bins_Gemmatimonadetes_73_4,wsip-metawrap-drep-bins,Grassland Soil 18O-H2O SIP,"Gemmatimonadetes, Bacteria",,3857921,72.79,3.64,310,3568,45822,22,0,27,0,11,0,Uncurated genome,partial
461688,S3-16-all-fractions_maxb_36,wsip-metawrap-drep-bins_Nitrososphaera_34_1,wsip-metawrap-drep-bins,Grassland Soil 18O-H2O SIP,"Nitrososphaera, Nitrososphaerales, Nitrososphaeria, Thaumarchaeota, Archaea",,2856003,34.18,1.22,860,3644,40506,24,3,13,2,34,6,Uncurated genome,near complete
461689,S3-16-all-fractions_metab_conc_43,wsip-metawrap-drep-bins_Bacteria_63_1,wsip-metawrap-drep-bins,Grassland Soil 18O-H2O SIP,Bacteria,,3234884,63.4,1.44,355,3326,43053,42,1,42,2,13,3,Uncurated genome,near complete
461690,S3-16-all-fractions_conc_45,wsip-metawrap-drep-bins_Arthrobacter_62_1,wsip-metawrap-drep-bins,Grassland Soil 18O-H2O SIP,"Arthrobacter, Micrococcales, Actinobacteria, Actinobacteria, Bacteria",,3934633,62.37,1.2,746,4233,25255,46,3,46,4,11,2,Uncurated genome,near complete
461691,S3-16-all-fractions_metab_conc_49,wsip-metawrap-drep-bins_Geodermatophilus_obscurus_74_7,wsip-metawrap-drep-bins,Grassland Soil 18O-H2O SIP,"Geodermatophilus obscurus, Geodermatophilus, Geodermatophilales, Actinobacteria, Actinobacteria, Bacteria",,4713523,74.17,7.49,569,4910,29895,22,0,22,3,9,2,Uncurated genome,partial
461692,S3-16-all-fractions_metab_maxbC_5,wsip-metawrap-drep-bins_Nitrososphaera_29_2,wsip-metawrap-drep-bins,Grassland Soil 18O-H2O SIP,"Nitrososphaera, Nitrososphaerales, Nitrososphaeria, Thaumarchaeota, Archaea",,2261236,29.23,1.89,131,2481,99625,30,1,19,1,38,0,Uncurated genome,near complete
461693,S3-16-all-fractions_metab_50,wsip-metawrap-drep-bins_Actinobacteria_68_3,wsip-metawrap-drep-bins,Grassland Soil 18O-H2O SIP,"Actinobacteria, Actinobacteria, Bacteria",,1979026,68.05,3.32,304,2424,48521,21,3,22,1,10,0,Uncurated genome,partial
461694,S3-16-all-fractions_conc_54,wsip-metawrap-drep-bins_Actinobacteria_64_2,wsip-metawrap-drep-bins,Grassland Soil 18O-H2O SIP,"Actinobacteria, Actinobacteria, Bacteria",,3286396,63.87,2.26,717,3816,20447,39,2,43,6,14,1,Uncurated genome,near complete
461695,S3-16-all-fractions_metab_conc_55,wsip-metawrap-drep-bins_Micrococcales_71_4,wsip-metawrap-drep-bins,Grassland Soil 18O-H2O SIP,"Micrococcales, Actinobacteria, Actinobacteria, Bacteria",,3407233,71.37,3.96,216,3425,51387,27,0,27,0,9,0,Uncurated genome,partial
461696,S3-16-all-fractions_metab_conc_57,wsip-metawrap-drep-bins_Candidatus_Nitrososphaera_gargensis_43_3,wsip-metawrap-drep-bins,Grassland Soil 18O-H2O SIP,"Candidatus Nitrososphaera gargensis, Nitrososphaera, Nitrososphaerales, Nitrososphaeria, Thaumarchaeota, Archaea",,2468357,42.79,3.22,128,2912,105004,29,1,17,2,37,0,Uncurated genome,near complete
461697,S3-16-all-fractions_metab_58,wsip-metawrap-drep-bins_Actinobacteria_69_7,wsip-metawrap-drep-bins,Grassland Soil 18O-H2O SIP,"Actinobacteria, Actinobacteria, Bacteria",,2749559,68.92,6.77,44,2742,247177,49,0,51,4,14,1,Uncurated genome,near complete
461698,S3-16-all-fractions_metab_conc_61,wsip-metawrap-drep-bins_Gemmatimonadetes_73_4,wsip-metawrap-drep-bins,Grassland Soil 18O-H2O SIP,"Gemmatimonadetes, Bacteria",,3586946,73.3,3.61,315,3385,42833,45,8,46,9,12,0,Uncurated genome,near complete
461699,S3-16-all-fractions_metab_conc_63,wsip-metawrap-drep-bins_Nocardioides_71_4,wsip-metawrap-drep-bins,Grassland Soil 18O-H2O SIP,"Nocardioides, Propionibacteriales, Actinobacteria, Actinobacteria, Bacteria",,4253349,71.38,4.35,588,4585,43518,49,2,47,6,14,1,Uncurated genome,near complete
461700,S3-16-all-fractions_metab_conc_65,wsip-metawrap-drep-bins_Rubrobacter_63_45,wsip-metawrap-drep-bins,Grassland Soil 18O-H2O SIP,"Rubrobacter, Rubrobacterales, Rubrobacteria, Actinobacteria, Bacteria",,2673801,63.12,44.5,594,3167,27641,39,4,43,14,10,4,Uncurated genome,megabin
461701,S3-16-all-fractions_conc_66,wsip-metawrap-drep-bins_Bacteria_58_1,wsip-metawrap-drep-bins,Grassland Soil 18O-H2O SIP,Bacteria,,4807550,58.38,1.33,407,4194,63131,37,2,40,3,10,0,Uncurated genome,partial
461702,S3-16-all-fractions_metab_conc_74,wsip-metawrap-drep-bins_Bacteria_53_1,wsip-metawrap-drep-bins,Grassland Soil 18O-H2O SIP,Bacteria,,3873481,53.18,1.2,551,3671,23730,29,0,31,3,9,1,Uncurated genome,partial
461703,S3-18-all-fractions_metab_conc_12,wsip-metawrap-drep-bins_Gemmatimonadetes_66_5,wsip-metawrap-drep-bins,Grassland Soil 18O-H2O SIP,"Gemmatimonadetes, Bacteria",,7267949,66.36,4.75,428,6526,155988,48,3,50,2,14,2,Uncurated genome,near complete
461704,S3-18-all-fractions_metab_2,wsip-metawrap-drep-bins_Actinoplanes_72_5,wsip-metawrap-drep-bins,Grassland Soil 18O-H2O SIP,"Actinoplanes, Micromonosporales, Actinobacteria, Actinobacteria, Bacteria",,6621752,72.34,5.43,1293,7332,32542,26,5,29,9,11,5,Uncurated genome,partial
461705,S3-18-all-fractions_metab_23,wsip-metawrap-drep-bins_Bacteria_60_2,wsip-metawrap-drep-bins,Grassland Soil 18O-H2O SIP,Bacteria,,4480617,60.03,1.62,1025,4940,47523,41,1,42,2,11,1,Uncurated genome,near complete
461706,S3-18-all-fractions_metab_maxb_34,wsip-metawrap-drep-bins_Bacteria_69_1,wsip-metawrap-drep-bins,Grassland Soil 18O-H2O SIP,Bacteria,,4642511,69.15,1.42,1117,4606,19477,43,9,41,10,12,1,Uncurated genome,near complete
461707,S3-18-all-fractions_metab_conc_47,wsip-metawrap-drep-bins_Actinobacteria_70_2,wsip-metawrap-drep-bins,Grassland Soil 18O-H2O SIP,"Actinobacteria, Actinobacteria, Bacteria",,5935510,70.32,1.76,314,5742,89152,34,1,37,5,12,4,Uncurated genome,partial
461708,S3-18-all-fractions_conc_56,wsip-metawrap-drep-bins_Bacteria_68_0,wsip-metawrap-drep-bins,Grassland Soil 18O-H2O SIP,Bacteria,,8793667,68.15,0.31,586,6876,89207,50,2,49,3,11,0,Uncurated genome,near complete
461709,S3-18-all-fractions_metab_conc_57,wsip-metawrap-drep-bins_Gemmatimonadetes_61_5,wsip-metawrap-drep-bins,Grassland Soil 18O-H2O SIP,"Gemmatimonadetes, Bacteria",,2400699,61.14,4.64,176,2426,45614,45,0,47,0,12,1,Uncurated genome,near complete
461710,S3-18-all-fractions_metab_maxb_61,wsip-metawrap-drep-bins_Actinobacteria_71_3,wsip-metawrap-drep-bins,Grassland Soil 18O-H2O SIP,"Actinobacteria, Actinobacteria, Bacteria",,3084950,70.54,2.61,305,3266,74560,23,2,28,4,13,1,Uncurated genome,partial
461711,S3-18-all-fractions_metab_63,wsip-metawrap-drep-bins_Pseudonocardiales_72_3,wsip-metawrap-drep-bins,Grassland Soil 18O-H2O SIP,"Pseudonocardiales, Actinobacteria, Actinobacteria, Bacteria",,5167233,72.03,2.56,770,5476,35900,25,6,28,7,13,3,Uncurated genome,partial
461712,S3-18-all-fractions_metab_conc_67,wsip-metawrap-drep-bins_Candidatus_Nitrososphaera_gargensis_44_9,wsip-metawrap-drep-bins,Grassland Soil 18O-H2O SIP,"Candidatus Nitrososphaera gargensis, Nitrososphaera, Nitrososphaerales, Nitrososphaeria, Thaumarchaeota, Archaea",,1479905,43.88,8.88,187,1795,21626,28,3,18,0,34,2,Uncurated genome,near complete
461713,S3-18-all-fractions_metab_68,wsip-metawrap-drep-bins_Gemmatimonadetes_73_4,wsip-metawrap-drep-bins,Grassland Soil 18O-H2O SIP,"Gemmatimonadetes, Bacteria",,5125735,73.46,4.1,867,5182,35547,43,15,42,17,11,1,Uncurated genome,megabin
461714,S3-18-all-fractions_metab_69,wsip-metawrap-drep-bins_Actinobacteria_68_3,wsip-metawrap-drep-bins,Grassland Soil 18O-H2O SIP,"Actinobacteria, Actinobacteria, Bacteria",,2567610,67.68,2.55,385,3114,45070,40,8,43,7,11,0,Uncurated genome,near complete
461715,S3-18-all-fractions_metab_conc_70,wsip-metawrap-drep-bins_Propionibacteriales_70_4,wsip-metawrap-drep-bins,Grassland Soil 18O-H2O SIP,"Propionibacteriales, Actinobacteria, Actinobacteria, Bacteria",,4356203,69.6,3.96,258,4488,113013,52,4,50,4,13,0,Uncurated genome,near complete
461716,S3-18-all-fractions_metab_maxb_77,wsip-metawrap-drep-bins_Nitrososphaera_30_7,wsip-metawrap-drep-bins,Grassland Soil 18O-H2O SIP,"Nitrososphaera, Nitrososphaerales, Nitrososphaeria, Thaumarchaeota, Archaea",,1580782,30.18,7.23,330,1853,22834,28,0,18,2,31,2,Uncurated genome,near complete
461717,S3-18-all-fractions_metab_conc_79_AG_curated,wsip-metawrap-drep-bins_Geodermatophilus_obscurus_74_11,wsip-metawrap-drep-bins,Grassland Soil 18O-H2O SIP,"Geodermatophilus obscurus, Geodermatophilus, Geodermatophilales, Actinobacteria, Actinobacteria, Bacteria",,4648552,74.18,10.93,536,4794,38289,44,4,48,4,9,0,Uncurated genome,near complete
461718,S3-18-all-fractions_conc_82,wsip-metawrap-drep-bins_Nocardioides_71_3,wsip-metawrap-drep-bins,Grassland Soil 18O-H2O SIP,"Nocardioides, Propionibacteriales, Actinobacteria, Actinobacteria, Bacteria",,4498972,71.24,2.73,608,4820,47676,52,7,50,9,14,1,Uncurated genome,near complete