weeks,weekC
week3,0.10570775697474698
week6,0.14093089768464445
week9,0.8636653468126205
week12,0.36593478062679385
